delta_ts,significance,dof,joint_lon_0,joint_lon_0_err,slice0_lon_0,slice0_lon_0_err,slice1_lon_0,slice1_lon_0_err,slice2_lon_0,slice2_lon_0_err,joint_lat_0,joint_lat_0_err,slice0_lat_0,slice0_lat_0_err,slice1_lat_0,slice1_lat_0_err,slice2_lat_0,slice2_lat_0_err,joint_sigma,joint_sigma_err,slice0_sigma,slice0_sigma_err,slice1_sigma,slice1_sigma_err,slice2_sigma,slice2_sigma_err
5.970203988588764,0.7951330160281082,6,5.612509722260373,0.008879528174999131,5.613098910218491,0.009912004230740927,5.620832618780672,0.020919312209021487,5.569550738081325,0.041197779046456336,0.21844987841802818,0.008956963789913118,0.22732521300369282,0.010013408614415005,0.19015883543519368,0.02139172537504136,0.17618158746541868,0.04450428729523313,0.31040909839608744,0.006065314242775371,0.306330455761025,0.006908287627160422,0.31904446901441474,0.013665346049435504,0.32552101472275113,0.02865080776118537
5.245693989898427,0.654625038622422,6,5.601272210948533,0.008664649580396637,5.600609917821196,0.009719232992828229,5.615177360267046,0.022454620819108276,5.570691956109103,0.03626777756664554,0.1947129671938245,0.008705669822505644,0.19912039720827965,0.009785498474843187,0.18973012823830954,0.021977204917657922,0.1450502328281403,0.03667929957473907,0.29812391940535704,0.005912059154166885,0.2971655636481949,0.006743047725407642,0.31042493810486177,0.014716800339296893,0.2649145572566595,0.024630366188511364
7.4373743518517585,1.0752022255031835,6,5.610536423119499,0.008839521695723105,5.617364065668977,0.009857087978875098,5.599585578546965,0.021701812702918155,5.510432579467291,0.047085030432748434,0.19371113140705642,0.008882635761557815,0.1893178946882408,0.009961393172557278,0.20610761996144233,0.0216842598951841,0.22255830305425164,0.04552415179523779,0.3070918745428232,0.006325626624847306,0.3039286453524093,0.007038474016237053,0.31860921251268565,0.01574924065024019,0.31715672489519653,0.03286387238662089
7.206433786283014,1.0317746954437896,6,5.596663040857633,0.008447570957489065,5.601172077927531,0.009652802696771899,5.559074829565537,0.01948805676933488,5.655911216798184,0.0378932218597827,0.2101833311322356,0.008565569386431588,0.21147500015953904,0.009666481155007118,0.2101609842591791,0.021295781969706277,0.20196905612865035,0.03602411285760331,0.30160660988488985,0.005765010156903728,0.30401268059034225,0.00649677324557836,0.28872189770093215,0.013825289967536045,0.2938482494712599,0.023460619514023832
7.599739623910864,1.1055583954079125,6,5.599715814644066,0.008759860374153721,5.6021442201546225,0.010029721266580685,5.578470274552468,0.0195967255416079,5.663648046576242,0.04535102697556764,0.20838804654221535,0.008792682791148828,0.2015178870338682,0.010273393491530098,0.2216248796273182,0.018182140809931233,0.2697543382722744,0.0463013416128508,0.2987667442386937,0.0060278208775318975,0.3031591338947067,0.007039114221954903,0.28713005398089575,0.012528129309054253,0.27273050448907704,0.03137166447214178
10.705974542477634,1.6551211098865157,6,5.596004164867415,0.008390638398680445,5.590689514692529,0.009526394184073977,5.6051201552226635,0.019505746714024882,5.646056220528172,0.04011116436130714,0.18816058856859355,0.008297944722614513,0.18025331327570404,0.009388540425889852,0.2232930378235901,0.019671331671194132,0.19282451589525548,0.03839426923683503,0.3008321345728846,0.005834658489362657,0.29382760726067353,0.00650164040472044,0.32646336960462924,0.01443656801090625,0.3208172538923437,0.02529478830856352
4.007549063549959,0.4183998957986043,6,5.598647059035089,0.008308511801055055,5.5971735163675245,0.009383891554584472,5.611813721800047,0.0197692410564871,5.576578894090992,0.04094646714078456,0.19390263744619274,0.008389869213207052,0.19313890771468395,0.009459048122084614,0.20912671184451428,0.019964448721250395,0.14366863548390396,0.04382916386241437,0.29437532007760836,0.005580191113874016,0.29234867706833734,0.006299467935302098,0.296396862692817,0.013163694709141284,0.32469913711984133,0.027720024854954152
7.228180674341274,1.0358763124688015,6,5.591791849821155,0.008491819411085268,5.58552508069576,0.009581392300126878,5.622610882729645,0.019152279469183544,5.596559289252216,0.044585615956606886,0.2043142904850669,0.008598977165425108,0.21062804107219035,0.009868393675064653,0.1814003546676194,0.01869991251534822,0.18790879026493856,0.04352999137916467,0.2989559362849413,0.005816232170286777,0.30119551284552104,0.0066142864866543995,0.27910148335598667,0.012889602711282722,0.32310851722464623,0.030201484602438638
4.028329998298432,0.4222501613120397,6,5.602662791793319,0.00854957598745658,5.600685883079706,0.009834264235101031,5.621322354999046,0.020526336624516358,5.572889022972632,0.03130229553580205,0.19406703700415334,0.008821921705006145,0.2008266844394535,0.010056657993480399,0.1689352565794461,0.02173729540569797,0.1832810015721066,0.03363543778112896,0.3082950814465497,0.005857127618428992,0.30889889351151634,0.006652137802243129,0.306750645385796,0.014245741856026816,0.2935014768255923,0.02449993136175288
2.7958587332686875,0.20957689348787878,6,5.597093179300819,0.00795777135912362,5.600302504017779,0.008933252520317165,5.5828962176971775,0.02062790651321627,5.588796469988618,0.03306402246814408,0.20267045300588063,0.008029642207805335,0.2003586101701068,0.009020853815091552,0.19843835777966495,0.020503808480651267,0.2485222740159773,0.03402678961959534,0.2869266791862115,0.005720703494782778,0.28790678625704624,0.006417222745994667,0.2839519483770286,0.014885349373208645,0.27538405227904633,0.023906271371747456
10.043204568035435,1.5429441268193467,6,5.600865275187428,0.008558084956618917,5.609877991792029,0.00975712281062569,5.567962895612161,0.0209552279597755,5.587478700252741,0.03281608124986168,0.20865141522736363,0.008505342452702506,0.21396754773902316,0.009636038526517697,0.19687498065953363,0.021252420407529036,0.1595032873429246,0.033051218413087995,0.30720779349172156,0.005887127794469458,0.3106765990202274,0.006709186962578009,0.3049386917953074,0.014561936014580633,0.26295935426655864,0.020594995097307674
4.86703958932776,0.5813922978423007,6,5.5888641139194455,0.008264788869506164,5.592373168361382,0.009558380215918968,5.577082833679943,0.017760982563471056,5.584797001596947,0.03916574524883473,0.18535800799460986,0.008261743007829432,0.1922186081458932,0.009554467960778783,0.1726200677435215,0.01778378991956932,0.11617488089322564,0.041206706563060566,0.30191152114967257,0.005766907014672464,0.3038307613411608,0.006637951233097675,0.292760319251455,0.012549110586149029,0.307639020571373,0.02772940618385316
3.602437753477716,0.3447335836558985,6,5.59406340723096,0.008621142217835803,5.590181934434313,0.009625107105885109,5.610922591700994,0.02015384447723442,5.596961756092347,0.0415847203455134,0.19864605173491767,0.008520815072970193,0.19212423035012227,0.009601373572327482,0.2185300388018573,0.019578434703286435,0.22361962230510307,0.040501488775970575,0.31040736513577605,0.005939508970379018,0.30933324823726954,0.006791318106912894,0.31898005232281773,0.013101007446119764,0.29210804115803146,0.02835922416501661
7.605945501345559,1.1067156982576154,6,5.592326574066777,0.008623231302745983,5.587206726935674,0.009783175723414517,5.603318801327745,0.021270113731841855,5.627741439926521,0.03451202485451353,0.19410123318434147,0.008545233202929731,0.19866417441406978,0.00974780379861113,0.15661416782369353,0.020609851532356067,0.2455761843391318,0.033895099945771404,0.3038617534417687,0.0057929180679443595,0.3026635011278694,0.0065352026369315565,0.3091812839507383,0.014598844440792888,0.2970843787805082,0.023708097994782705
5.626190472074086,0.7284503425281206,6,5.609287435041883,0.008473552348633314,5.609038826246499,0.009807991609738031,5.616318713927761,0.018859989336232678,5.573386558999568,0.04114817259099535,0.20332251266277096,0.008386573620409126,0.19799403658674453,0.009607269796094338,0.23401620924397354,0.01965870020442391,0.18709832736636478,0.038336675279521754,0.29353612944155844,0.005777711432943163,0.2968627466068891,0.0067668522497056904,0.27540180062136554,0.012971686759886594,0.2985796489642453,0.027313844941049208
2.6719178385828855,0.1907098059381331,6,5.613087081678416,0.008368157556466763,5.608993383999814,0.009409169507292927,5.6296013710930515,0.019550436031649746,5.611983130355698,0.04873161741508782,0.2158299289870169,0.008548440789594098,0.21466071398269182,0.009645699903835318,0.22591956621024412,0.020464325383272263,0.1838672644896585,0.042311026629712103,0.2925283131314173,0.0057344966547778434,0.29015942058948985,0.006524450536002118,0.29510085194859736,0.013677205898144883,0.3162497447913465,0.026329457408633836
10.178987818027963,1.5661478150006651,6,5.612700238778407,0.008491224768958118,5.611372421912608,0.009829323036340248,5.61753810605713,0.01868138809303633,5.6184894537029,0.03721817117709293,0.19825929600035436,0.008399315305877456,0.19788196538458647,0.009624888694883359,0.22020634364621494,0.01850527135294844,0.11100446600293801,0.039953960632424956,0.297533506043674,0.0058762625021831745,0.3022872500706804,0.006716467758171239,0.2729514535874425,0.012815871757540695,0.3133924813164293,0.02759439608970519
11.445516190302442,1.777139715173093,6,5.594097495594771,0.00857437742006901,5.604551576709466,0.009742443210975872,5.581700938070189,0.020495054742298742,5.492047392040923,0.03391383735429843,0.20602631014514683,0.008813650073684773,0.20531122358595066,0.009903668206570446,0.2017435183109757,0.02167885426278768,0.21925204319388616,0.04003740620811977,0.2951879468439786,0.006109122496272897,0.292198725472914,0.0069671716592395036,0.30767216516276535,0.014284944107853992,0.28037350498983393,0.024645010755338738
5.9497135214623995,0.7911666386077002,6,5.591852030711477,0.008675773492378226,5.598534469443099,0.009988244859600807,5.56136628252481,0.020341413429591382,5.598008355870055,0.033583548995279634,0.21152611976323082,0.00870012187300356,0.21296228965479222,0.009838773288396385,0.2079795057938524,0.021187172100619645,0.2119858945498405,0.03518007974821089,0.30310613433198413,0.005984872768113508,0.30024348036594667,0.006882003609539405,0.3197033740761433,0.013588881697543177,0.2733104290370522,0.025428333565381586
2.3820030061906436,0.1491533452525713,6,5.61520547151183,0.008263958555448137,5.61784123384475,0.009467915532995653,5.606856693022674,0.01924033975924806,5.60446704456148,0.03523440042235885,0.20275618304329923,0.008312153620745775,0.20495568746662507,0.009494500601901159,0.20519018154271285,0.01940571316763008,0.15578610908728174,0.03679622941840039,0.29388206322327537,0.005647378673132511,0.29447811530921014,0.006483924972759619,0.2951037032023595,0.013063103103632252,0.27411037406347166,0.024312394082631927
13.524444061680697,2.1034803061821563,6,5.5973911804131,0.008679554017552995,5.586422865878248,0.009899117221645872,5.631836826177389,0.02049947347591473,5.642129912914245,0.038748947005413696,0.19824286909365024,0.008808146522152059,0.20942158763402033,0.009954452927960057,0.15630638899380833,0.021247803965994284,0.15509384507386662,0.03931052600713994,0.2940693958606498,0.006088976102382443,0.2984620835432471,0.006929593629106347,0.28326088310904324,0.01396058275963092,0.2705660269795482,0.027752466294263575
13.485260000816197,2.0975432005229653,6,5.597966006841634,0.008660959537151881,5.589195131839065,0.009650006305674494,5.650136480695451,0.019760140631679406,5.540056085841579,0.04338174066278063,0.21399743508431618,0.008658949190265922,0.21575088823450753,0.009798725872608069,0.2276655564948857,0.0201548405031389,0.13045455938991016,0.04342220911226904,0.2977606203892649,0.0060454744738274325,0.29922478128011987,0.00678256244461908,0.2827412697450562,0.014018574416243674,0.2979362027180909,0.029010609848276928
5.093426241481211,0.6251270992951751,6,5.618342502016106,0.008468577630423874,5.621487554627063,0.009725540907257779,5.605251376201525,0.02041026697972007,5.611213976950221,0.032093804003049654,0.20315679604157266,0.008613082377520918,0.20696258628190856,0.009816335162039974,0.1937524776203974,0.021433279828415742,0.1846572451890853,0.0325538070288704,0.29791051821064735,0.005902298237329035,0.29566865402243486,0.00680080621524324,0.31862247067335087,0.014758002049838109,0.27102327823667055,0.01933067005731977
7.819848558414378,1.1464692288466884,6,5.6030210648456915,0.008232752840427597,5.606373481890836,0.008673194464418256,5.604985192532398,0.020431598855570488,5.550721252389445,0.05103723500756928,0.2053653615709938,0.008347290505932962,0.2076647543824609,0.00642045130747523,0.2002282887840067,0.02103384288105774,0.19197642393877776,0.049764806585913146,0.29211784177417405,0.005756571194205933,0.28473176127931227,0.00590632463899878,0.31391299614975543,0.014295791051406902,0.33018682146813755,0.03293646042801711
5.852718143549282,0.7723798679655208,6,5.587884994268587,0.008368672321515266,5.586195174877581,0.009481836298257463,5.577124480878294,0.01966041928473158,5.663917342524666,0.041119722824465764,0.2023113037779059,0.00840499055366309,0.2030168798450668,0.009488765030305569,0.18864960097330163,0.020257993672624174,0.23153514942976897,0.038329672717197165,0.3028596391955367,0.005806945580503156,0.30075885628192434,0.006469221451685124,0.31022868969509354,0.014226997816341604,0.30815460574597653,0.03146934450465394
4.00402611141908,0.41774777053409373,6,5.61033130479516,0.00832260017512344,5.609379290307908,0.00957212820419071,5.620741242456489,0.018146093591661912,5.582180384614813,0.045252521732042354,0.2057260103593507,0.008495292365274616,0.20042725344462298,0.009747337092555378,0.22550170557143356,0.018413239757976943,0.19511223736333086,0.04982271921161682,0.2969024568360653,0.005762363866362066,0.2974660809267474,0.006765914737138105,0.28938042181391316,0.011463911387412304,0.33499390082360503,0.03558372710303554
5.792233858373947,0.7606566462606235,6,5.602744079724014,0.008727269779853747,5.606212805580969,0.00998840054323321,5.579700199914427,0.019388400385978787,5.626869544099558,0.037441200275590135,0.2036696359406884,0.008709289349380839,0.2091516107436467,0.009895685997441147,0.17598463250472185,0.02027464656715692,0.21036821858394386,0.03874297616684458,0.29972268185043605,0.005911664751655327,0.30289389806444517,0.006758472099181427,0.2827191238924728,0.012733776943327441,0.30946436389285464,0.024847548159979787
7.732591095904354,1.1302847523057689,6,5.600411494009614,0.00872697857672607,5.5980958789918756,0.010025109073623467,5.594309445699905,0.019337328757686352,5.6332186598297795,0.03435222039117076,0.1996865974482759,0.008647161746445585,0.19290675349859146,0.00996793782338446,0.2186437846234556,0.018740348971907576,0.20977964322704917,0.033296493642391366,0.30725368831357125,0.0060145285588311835,0.3143662508992432,0.006921914608872004,0.2944363820270303,0.013032847798955331,0.2648852562270969,0.022566639654356093
4.531573117477819,0.5170356065152832,6,5.60212009992402,0.008587296855152181,5.6021709009725456,0.009803068756589345,5.601425642124822,0.0200149147193118,5.599337512928138,0.040197312619111004,0.2006326914569924,0.008578126288036347,0.19484401739676516,0.009820139647175314,0.21782289979066377,0.020101839509434966,0.21970452942535712,0.03577235294533149,0.3000746245775947,0.005913756994946001,0.29780794186517556,0.006614917548516617,0.3189953424007369,0.015047585345338245,0.26879579716163393,0.02538344581231896
7.325625877201674,1.0542243181770923,6,5.602242868393119,0.008744266108232117,5.605770897578044,0.009667994878945088,5.589594562909974,0.024204644169557987,5.590869424820428,0.03646950344003977,0.19822501994316485,0.008954684442655526,0.20438574086967187,0.009913150099869759,0.19089342297831322,0.02464069054714859,0.12611282293484,0.03667840138849066,0.3016737406803098,0.005977069628994317,0.29735499797638903,0.0065689464800529895,0.32539863376584766,0.01705478841028263,0.2916563290236446,0.025999721941956728
6.220644245273434,0.8435285577135092,6,5.599240019780303,0.009253614755924351,5.597654575795493,0.010610085790451813,5.601125152043102,0.022513563732531956,5.607136180414676,0.03480059417372156,0.20880883763110847,0.009333661569394521,0.21722300034531639,0.010852399999184225,0.20655137791618722,0.021553694875860445,0.12983930864849993,0.03427540241281481,0.30653542884982815,0.006501584585136291,0.30707948814445735,0.007526341799230934,0.30732242696738465,0.01536812830359086,0.29607140726597997,0.02429297017941842
1.0253827398119029,0.01926241551401018,6,5.598150321795215,0.008640122954577837,5.596636367055408,0.009783816734182844,5.6069597872317125,0.021592448879562343,5.5953361310503675,0.03571969638356349,0.19411700982008662,0.00863850796256831,0.19508325248067787,0.009773423916146856,0.1892252966438973,0.021394846012007328,0.19643016459430365,0.036637822789770534,0.3130642375778433,0.005914862093499156,0.3116380768812417,0.006716415123724347,0.32344638221802774,0.014679308271026486,0.3021534576877142,0.024224814093190838
5.281253891676897,0.6615200256045123,6,5.591966573436262,0.008466621441893956,5.598831556654661,0.009663254047584249,5.568639922686872,0.019578232558505694,5.560136972048356,0.041095546573017554,0.218215176284257,0.008506455616600623,0.22051453437105084,0.009711480009178257,0.2128842575501743,0.01963604951414459,0.17705721066986368,0.04570491879088418,0.29374756601458957,0.005855812446063526,0.2967269475082321,0.006654650710576393,0.27705965916207526,0.012926228607836772,0.32006910775539094,0.03242965253919484
7.719674122839933,1.1278851287415832,6,5.58917072579,0.008694947335449616,5.577109576778645,0.00997778542058447,5.621237052552324,0.019152232609697978,5.650320744557505,0.042323978805134124,0.1801221579889999,0.00858488798220762,0.18102373955176332,0.009784061341905098,0.17963909941465755,0.019448936146278777,0.1735943318717704,0.04230005535931056,0.3018155010650896,0.0061313337506161735,0.3020753649023866,0.007010399125162484,0.29246936504350435,0.013796268031446254,0.3247429478762016,0.028449605669505728
8.55347283910669,1.280722630188813,6,5.60025268651308,0.008498055984185423,5.59640545098812,0.009533307823182104,5.602786717228138,0.020307494840561022,5.655825429315236,0.04912514175213787,0.2134848537428169,0.008489428012556975,0.2200917805264343,0.00951964958745042,0.1784310059544342,0.020325269114484575,0.2294718074877712,0.04591534186181271,0.2975177649282869,0.005829894304331201,0.2921958745156014,0.006414209363118324,0.31406297584197995,0.014305886135044832,0.3371530376425137,0.036484275130404156
8.17131953680655,1.2111998359790892,6,5.584939748523293,0.008689326965822619,5.581624165634626,0.009669742632215216,5.585988426985492,0.021900402032011376,5.626384506790803,0.04135388048305479,0.21863759738499566,0.008476427675808477,0.22156477230620225,0.009587667235751324,0.192768866337253,0.020070637994347756,0.27202525573581754,0.039510863850383916,0.301454878361258,0.005840345487983417,0.29566115097970275,0.006616803354093225,0.3155246289852585,0.013946186125563325,0.324697542580125,0.025470742536672517
3.2134483737609116,0.2772093982727512,6,5.603023394666999,0.008870085901191704,5.599345915018501,0.010082265823272108,5.612324402769618,0.02062047015352173,5.626265615645179,0.044433924598174135,0.19616446233536258,0.008688504693265639,0.19880197234835534,0.009792769297335645,0.19856346072246192,0.020720021424291787,0.13538383949062938,0.04508679650613679,0.31222929909332836,0.006150762115632385,0.31156853482128943,0.006933276324850412,0.31050376747042235,0.014460259950209942,0.32700212808437557,0.035800791692330615
2.7001073350256775,0.19494676684015505,6,5.611001844963215,0.00837732507622714,5.605827153123725,0.009765650362430957,5.6279341431268906,0.019197162500067425,5.625716030947793,0.03431359945791366,0.19777641921418002,0.008389222265611564,0.19570942093464117,0.009713381595522874,0.2041348461959546,0.019190794966324025,0.20687817747873802,0.033862523552719376,0.2944356319852507,0.005872970435002241,0.2967608325244206,0.0067729564592748925,0.2915097775700908,0.013225089894255563,0.2651391257019033,0.026192664877527985
2.180514185456559,0.1226673424720066,6,5.59137777757194,0.008857122494052202,5.587716428516089,0.010278599379190775,5.607708204970608,0.01981218847535132,5.590576009094244,0.03700398247573877,0.18791304387842858,0.008968052980199768,0.19072198795662768,0.010315053015340012,0.18375240507203808,0.019900711050669026,0.1403422238089109,0.044790719828600445,0.30266227190582384,0.006171746563261776,0.3038266280970739,0.007141965585929462,0.29752955158934224,0.01332649766787217,0.29115566541248417,0.03214276423073854
8.052746062443475,1.1894454718411736,6,5.5916661790788735,0.008024915592086564,5.586577424379735,0.009095199477887866,5.601244132971707,0.018379918536018197,5.6635368257625265,0.04431985046332313,0.18256125118783417,0.008152970836150238,0.1858360308666569,0.009247517233207343,0.18695405894764885,0.019034530354123985,0.09877221258494692,0.037961071740575676,0.2950023043785811,0.005536073812159021,0.2956057289376767,0.006301599582523507,0.293544412696077,0.012469608337018358,0.27865043814274504,0.030367433836645943
3.939271721203113,0.4057933316221601,6,5.602932431284923,0.00836648040369698,5.5999184881809745,0.009519409031401147,5.607134887139677,0.019240810654526888,5.639137769851624,0.04109202771710987,0.205663797670389,0.008417937331695146,0.20735891718632665,0.009678492205642932,0.1904435872868282,0.018692484058499045,0.24406473388320477,0.03985747918472952,0.29797199608577246,0.005651150164322854,0.3000768717772012,0.0064845947301798304,0.29366269440859605,0.012394499362880175,0.2629884315391187,0.031291134679999576
5.5329536564677255,0.7103569863668198,6,5.603346019115952,0.008216868975030666,5.599894141813091,0.009652016041210753,5.6196594263815545,0.01842741709716822,5.593792749991507,0.03280608324216046,0.2032596493101793,0.008253654686078344,0.2122865504480037,0.009707684554076057,0.1774133530400029,0.019296854774034155,0.16207763890421517,0.03333683232123207,0.288965192236813,0.005832560224452275,0.2902408482220546,0.006879971237384619,0.28213032463890636,0.012833118123172676,0.28073201830074584,0.022128821835058453
4.160325033823028,0.4468405806689901,6,5.593321114675762,0.008749058345327921,5.596586413466498,0.009998502521013565,5.578205306627238,0.01986742997391047,5.595440979430692,0.04046312952467451,0.20514710330880234,0.008712250903646296,0.2011011347136089,0.009974633173259063,0.22147121373117715,0.018766101856220154,0.2047978096488854,0.040829759844345094,0.300501045289426,0.0060067470996083006,0.3049156210368189,0.006921051575908002,0.2803720689583175,0.012660188128039308,0.3111503176149305,0.0324398401078032
11.508881972156814,1.7874437893929083,6,5.582664984051412,0.00866441022808988,5.593496654141908,0.009985572991598232,5.558062716465896,0.020158520225604194,5.507080465672342,0.03387915435909142,0.20594144745420662,0.008619856505450448,0.20350214356132887,0.009879016669381476,0.1956743813266852,0.019453403024152476,0.27398860693642546,0.032249536136534994,0.3025396578303657,0.005934621021090901,0.30464251969893263,0.006892525431514263,0.2938284760977391,0.01332720197896718,0.27784504595621096,0.022759028720569417
3.6749572322296444,0.3577032259892933,6,5.57589778016541,0.008618770197288121,5.575789659171892,0.009714969290729153,5.573525206657926,0.019901811029824266,5.597573013757516,0.04905625096740013,0.19969037763081954,0.008601685703840432,0.19463174114993642,0.009668566538322725,0.2206663364439706,0.020542745762026828,0.20701307359400736,0.04433865080597244,0.3032961110642012,0.006025845695051385,0.29936913958486755,0.006864740017623085,0.3092078386577496,0.013611071077031222,0.3408238910196132,0.031063787003329613
6.533827974606538,0.903775684680002,6,5.5957067186109954,0.008882908834947231,5.592221994705251,0.010110893623575052,5.605156249864752,0.021345806853270706,5.607993431704543,0.036907251388775895,0.19730312854739088,0.008882573528892965,0.19189941578978842,0.010070579173985184,0.2349382503463462,0.020701208955359884,0.1332232711046386,0.0425261565160488,0.30423515382538074,0.00604020343703399,0.3041542002516538,0.0069669354019805734,0.2991205448263679,0.01447064608170355,0.3143610171324977,0.022136890649922848
10.483471544401255,1.6177637054001275,6,5.602021834377029,0.008534439183705434,5.600132057187382,0.009655661054723794,5.634431022749078,0.020683471258431296,5.518436211068158,0.04066255397301447,0.20371817205585227,0.008576045757601305,0.19834582907457643,0.00971215583212194,0.22880455598611915,0.020749735927738856,0.20184480332105809,0.041018732083887004,0.2989454467257168,0.00601049284264594,0.2963418074453653,0.006720002527242281,0.29820392672967844,0.015118497834922424,0.32945741059842576,0.028770728067856216
4.515995880210539,0.5140651538993,6,5.598856909394237,0.008432078609115844,5.590921330470904,0.009491041547230149,5.626978531280449,0.020775864342278027,5.621728356693292,0.03903600222783199,0.2112488587658702,0.008440446321337195,0.2141773771536738,0.009526701976582062,0.19651273754149506,0.020451082397759886,0.21932276147345642,0.03879154644010979,0.30193325120487496,0.005866138052557248,0.2999886386058805,0.0001294059136457541,0.3059205496693666,0.014127596779368234,0.32267374655644954,0.031109994171480904
3.5395530488021905,0.3335752251945403,6,5.596015472431373,0.008753072077203165,5.598474348095707,0.00992294588397539,5.575905219956728,0.020823087513756063,5.633280080877225,0.04002437587234015,0.19019283962127062,0.008673253458510369,0.1866633373534924,0.009929495081923029,0.19882229586116798,0.02006269639643747,0.21571274639262025,0.03921590655538097,0.3013474395587845,0.005939442294600362,0.2992207504116229,0.006720628325268167,0.31344510383522795,0.013642870665903903,0.2829173972548771,0.03307019455833136
7.4182218224596,1.0716116994335745,6,5.605213228959834,0.008466053509000367,5.6019774289674835,0.009766569491603466,5.605376672751141,0.01912943134137581,5.664566779340599,0.034305609116175216,0.18892949039542906,0.008281919140809314,0.19758810493028997,0.009513331992314196,0.163453086378214,0.018502113663327355,0.14235551052998097,0.03687105043761804,0.2989384160333068,0.005904480797015538,0.3005316199877156,0.006707528454122532,0.29620579635067346,0.013406294407425245,0.2585112221504273,0.029321775089689906
2.38224168450688,0.14918594705581767,6,5.601959876202155,0.008243080599906718,5.606187746843236,0.009304647089523796,5.590477141969258,0.019177324669078382,5.558589177688885,0.04964684046937179,0.20691679680559819,0.008235874317053197,0.20997740086548766,0.0093101893146226,0.19778472143411163,0.019212553810188354,0.18703940450757095,0.04577278563493324,0.2914652121818126,0.005562103862879923,0.2895776575240135,0.006294128614309341,0.299640460924705,0.012922386892697915,0.2953274701888741,0.032229913449268593
9.381762536504539,1.428253659074381,6,5.620887869400398,0.008866447947423228,5.620810306397715,0.01026334066156655,5.627731016934914,0.018949134211268655,5.612294746968789,0.043847572138162615,0.2093576516626072,0.009004140485771717,0.2136419524926887,0.010362729064520987,0.18681478681123942,0.01892641551839682,0.25601551715979476,0.05204717744235124,0.3052125688777747,0.00605745336017336,0.30660661956107627,0.006932480391031732,0.28444785819569646,0.01280802982316163,0.3736466971721902,0.03327111412873294
16.840955234933062,2.5797957170500427,6,5.579854621045569,0.008736725866175066,5.574563101930536,0.00991349402516541,5.59962435425783,0.01916143202679816,5.618706165481049,0.052271107773125755,0.21426186240887676,0.00853427899464488,0.2190441166962403,0.009686450723094988,0.2179224650295228,0.018900797627151387,0.11009006335707856,0.051770044279111714,0.3030514217913496,0.005909307368303865,0.30208372066944095,0.006696437982029881,0.2887109304947268,0.012621412364906886,0.39443968641610305,0.03936887248642901
4.659973516958416,0.5415873972732027,6,5.594181523688208,0.008796739206850403,5.590765153512057,0.01006980210944389,5.5974268715426465,0.019448524866710372,5.66691422172463,0.04831147323656334,0.19546185603446598,0.008974750811194004,0.19255522263013736,0.010195297384905207,0.21645461011055428,0.020740747806056517,0.13547182522398402,0.048213767375775686,0.3017732464460332,0.0060974531300502,0.30333029757507035,0.007003372548897958,0.29682773406332225,0.013524729751734525,0.30757632078537783,0.030895773937488966
5.826516342131072,0.7673020597927033,6,5.60749634377811,0.008494570373434259,5.609992757983472,0.009551245606405984,5.596578455052308,0.019519139140582488,5.586162499401291,0.05011811733739132,0.20005948221731662,0.008564115044694742,0.20006451620336718,0.00974619364362309,0.21508273862565616,0.018944489253787385,0.1362535851332287,0.04685981245099479,0.29827809650321047,0.005972324139875838,0.3003972644825562,0.006842983563670227,0.2796994299873079,0.012912268066886652,0.3269649185012595,0.030901351618397594
2.0559075556957396,0.10738242017069909,6,5.610152970955458,0.008659164515084469,5.608576890858029,0.00993447695018289,5.620260790901163,0.019765401155993664,5.5979410060769315,0.03534106290518576,0.19188278568944533,0.008596465280288918,0.19618576124224713,0.009917458112229783,0.1840498943686076,0.019801442141976284,0.1628941710725782,0.03425620853517431,0.3042498783634329,0.005980084811320769,0.3046047219272417,0.006844126372464113,0.30853502130017624,0.014333360152260721,0.28838660110139486,0.022431644756126634
8.400088430295,1.2529273725489107,6,5.602394182314238,0.008744573159463904,5.607079562694184,0.009913784172608011,5.592297211203481,0.02070331503453454,5.571395088905321,0.03489473212911891,0.1883303749779791,0.00872658868318066,0.17667155552864441,0.010155606887450243,0.22852660851359974,0.02050505324888713,0.21579053953338942,0.03304684592781055,0.3032117775195135,0.006026725320955141,0.30569169197369306,0.006966654260270708,0.28823578737483313,0.014226380296546088,0.31020316571877843,0.02282898009711605
2.25674725472345,0.13243955147602718,6,5.599222282125555,0.008943718499217433,5.599424709271747,0.010226197393348709,5.601863091994855,0.021028440937937348,5.599540000648121,0.03833130699584423,0.19617949499254314,0.00874376351742409,0.19990629044345673,0.009900611689016401,0.1791950841882653,0.02138036006605381,0.1911192669679455,0.038696787884161817,0.31145550851424847,0.006367567458729976,0.3105963378777945,0.007260467600220954,0.3050095878064707,0.015149422147498395,0.3406362897469039,0.027865115717119172
2.158923289141967,0.11995675897928085,6,5.612483421124635,0.008719743871871062,5.6168940547489745,0.009892720291327036,5.59125213327853,0.02037744274976041,5.629649416731722,0.03925209924447434,0.1876216480914396,0.008602343178902211,0.1864664615918938,0.009849047922597555,0.19222496283476048,0.020248893244891347,0.16809144690164796,0.04356423607875058,0.300417744098841,0.005747592027517132,0.3006705196019143,0.006439933831192962,0.30282585973264914,0.013903583670953283,0.27456337127401337,0.03165058994020709
13.040599324725918,2.029614520481777,6,5.607861033900409,0.008609672613870092,5.604231290101274,0.009819956139376014,5.604703514318826,0.0188837414575676,5.714915316345195,0.04605930519156968,0.19763847631257417,0.008536451606790082,0.19567293427541727,0.009827322891032825,0.19426737554652945,0.018586139308955654,0.24839839818814924,0.042921705727394094,0.29284856860742864,0.005818008889094506,0.29936952897332425,0.006777535909541263,0.26376695700624875,0.01229132278773245,0.2919941593949827,0.027716345939763597
7.035653929196997,0.9994793578200134,6,5.592986235160878,0.008780605618546338,5.602457241615302,0.01004960175506977,5.568539284715996,0.020119392562031838,5.540872418234638,0.03797096933171019,0.19438388924167396,0.00866330822756406,0.18740083737741353,0.009911389555777517,0.21471527958159797,0.019955144711114918,0.22597330059485554,0.0367065863054446,0.3008865796286391,0.006065765005821139,0.2991248745901822,0.006958651572212916,0.3074413923793998,0.013452319043100104,0.27982257044985887,0.0279942692503413
6.387668965413468,0.875702130316136,6,5.596694879503285,0.008693517743963538,5.589695415386767,0.00999867269403059,5.60797377509521,0.020219374674083405,5.662848038329035,0.0379196356970965,0.20745530101409237,0.008672779131279455,0.21417825207335592,0.009819528016711506,0.1812438926949017,0.02042886858881772,0.19814621756883466,0.03844093223465036,0.2976347650254875,0.00607755491046004,0.2974260659669025,0.006881176450285252,0.2940366200784308,0.01416814782977437,0.3129099292875648,0.029554645607129493
7.693247220493504,1.1229727002514767,6,5.602829380442066,0.008770293493052635,5.601157820298807,0.010081457388549792,5.589241978461469,0.01982577099130787,5.677798435729213,0.03686138020618692,0.19996094918404153,0.008968633212517492,0.20030323202666686,0.010272662421117424,0.21354976292986838,0.021037101237301903,0.15991372226008593,0.0358342330193701,0.30490894129121066,0.006069507730911445,0.30842611216134797,0.006964052133580215,0.2881734920934743,0.01352307673782326,0.2968819553467649,0.027486941671402254
2.430722816090565,0.1558656869449463,6,5.593476745139421,0.008891680625152313,5.593453436569067,0.010065600887975536,5.596243980815828,0.02037868141441,5.579269225574708,0.047016198458789606,0.19773423355202968,0.008717580614775596,0.19862838460805238,0.00992214496515573,0.2034511961307883,0.020424387794100867,0.1787632013447329,0.04173159441006063,0.30234624198645754,0.005903992962389543,0.30538014018981247,0.006603690798444423,0.28204507780865895,0.014852758197533162,0.31319596074432976,0.030625562495013803
5.687546477740398,0.7403543136654334,6,5.596862728908945,0.008593248956001621,5.591210789399253,0.009584214150381392,5.620363154848435,0.022495392809832003,5.616710793207678,0.04060338021699039,0.20038901451861793,0.008615968402924142,0.20578911430844402,0.00965024783353029,0.19889750419380434,0.02282452367748499,0.1354938589293771,0.03587169469898089,0.30766922054974044,0.006088739523519268,0.3079775534598057,0.006855530848066262,0.30791010451481826,0.015535208376162422,0.30284695450909044,0.02701155424220653
8.835196914034896,1.3313896886201901,6,5.608105343305063,0.008787519253652554,5.6020956302992655,0.00978550168006099,5.631849948179618,0.02253625971763302,5.6499043593508445,0.03854792813454422,0.2013300722249948,0.008860593872660865,0.20870517403859795,0.009943034173151734,0.16238223819444225,0.022088783891089626,0.2151946471155733,0.0380702998372773,0.3019439505623531,0.0060470453721293786,0.30110443019022837,0.006631041715755509,0.3138772704306687,0.015443494007479052,0.2447760596542263,0.029896107405364226
4.708840269915527,0.5509598660890248,6,5.59969311594276,0.008996688551120667,5.603676290613163,0.010370172856653356,5.581997300899105,0.020618636513750906,5.590928384016355,0.04488280975619368,0.18238631885702997,0.008794880984371894,0.17762982920167641,0.0100180598008527,0.18909749169335743,0.020589473145892576,0.24483605311627318,0.045894798879794946,0.2993373643004264,0.006166343461903751,0.2954310604435396,0.00700414492919685,0.3097373039071839,0.014654037161227242,0.33377198879369163,0.03554190697063702
9.03212959470693,1.36650927337049,6,5.593998727347178,0.008478819182870865,5.5901680535587035,0.00986874055544329,5.610060145468393,0.019209069620250943,5.6056786957326565,0.030012218934155916,0.20069236563446669,0.008487198105533902,0.20210950830099758,0.009738038766257335,0.1974258566664181,0.019266758089882256,0.19191302992403436,0.035581170935672195,0.30167831762437136,0.005682998849025825,0.30597242830926136,0.006644479257398092,0.2998732070589188,0.012070366792913496,0.223066898850743,0.024613396170023095
6.255922082258621,0.8503316062086146,6,5.597385086268515,0.008732261193316201,5.599781334907359,0.009772191902635178,5.599898187505083,0.019742300296320413,5.494150388877647,0.060391978448730864,0.20874598605577038,0.008791558991275207,0.20805299558417803,0.009818512533212915,0.20971546329968996,0.020255571881689655,0.19799394364008366,0.06384092422417767,0.3024453262867739,0.006116798924606068,0.2998935793493973,0.006810347996509632,0.30408765252144637,0.013814238985083853,0.38534347667825064,0.04769333796480757
3.747268847626401,0.3707376996835914,6,5.60461627701741,0.008205749567467916,5.6090671370419365,0.009252736451384845,5.577195714839241,0.019967606893213235,5.6283406685606705,0.03714258574010496,0.20138816566696394,0.008034058826947965,0.19996801209988196,0.00902044895944707,0.2135017307528207,0.020018355988697535,0.17747060270837758,0.03925999208459184,0.2973043906728538,0.005477728405253074,0.29550875759851725,0.0061272972086739656,0.29785520074937827,0.013642512654191497,0.31404944767641524,0.02694145923816367
5.337104139034636,0.6723526135934949,6,5.586835875749617,0.008856672986849562,5.589420297407482,0.010198756212865758,5.594514312760727,0.020720540588010275,5.533252892071446,0.0328733073123205,0.19984444070711427,0.008650572973566204,0.20005857296612845,0.009837262697629334,0.20727797167186113,0.02059310746490643,0.16993362534953058,0.03553639443696855,0.3030144649979854,0.005990238285559062,0.30670856052721035,0.006897657048516213,0.29629307316541603,0.013882942102718086,0.27420280563932004,0.02224866752813306
2.182741484764847,0.12294841626229498,6,5.603791421277583,0.008670424129389589,5.598243171719419,0.010037223910212332,5.622439358903851,0.019326058447279085,5.6110492087158415,0.036194415930886896,0.18923740451714843,0.008857174104294648,0.1914183630592009,0.010235943760397976,0.17924020094150614,0.019840145683699215,0.19337926499522193,0.038270577580268236,0.2979006114433341,0.00617841611985909,0.29952129153814755,0.007174860184643992,0.2878013879367448,0.014178083514706175,0.30550004202547987,0.024469003127865947
2.723789845025749,0.1985313728618939,6,5.58906286872414,0.008495496446117355,5.585763213440033,0.009671389670442895,5.600591541500641,0.02065678036649323,5.591096810466077,0.03494089758265559,0.19104252230898594,0.008162255439876864,0.19150228401896455,0.009367101992682888,0.1997656722503419,0.019756499406468165,0.15740852922251708,0.034457037076737036,0.29216067332737267,0.005450244728005049,0.2892221772780301,0.006201189915701895,0.3041089979025186,0.013321345948010562,0.28899336359585587,0.022834983508638957
4.864310825636494,0.580866332371431,6,5.589401079444136,0.008385017344935306,5.585332139819268,0.009593435172030653,5.611982420828591,0.019878772831386345,5.584042498532755,0.03353986665084958,0.2055608481366379,0.00847486669332582,0.2008159176261629,0.009655085508222186,0.2312243124002225,0.02018748581265674,0.20084284669117497,0.03472309840500299,0.2939386517408204,0.005802871726822182,0.2967059211576029,0.006601620145913307,0.28768578966172387,0.013565674910505492,0.2631161048629513,0.025526008769093514
3.1534601713210577,0.26714932240570216,6,5.6000146698691875,0.008626359791044643,5.600355542388669,0.01011904184376484,5.588532594607966,0.018443678193287665,5.646206164276067,0.03735987282607867,0.20356863993202212,0.008521997961383927,0.19817706963125503,0.009956081593061482,0.2202190644121762,0.019063318202820215,0.21192609129424947,0.03310083687062542,0.30941703308187707,0.005906155105168723,0.31009301395427347,0.006925116320617563,0.30646274199134016,0.012945353232998955,0.3079731274713335,0.02368740896340402
8.739362121123122,1.3142103364891047,6,5.59960861959564,0.008762791050474299,5.60056268587929,0.0100326427740149,5.61087784177913,0.02026620552584959,5.5471707773722505,0.035054656117605366,0.1930167927490375,0.00863421739020449,0.20453530404520193,0.009806846687410527,0.15951923589163747,0.01939526938085936,0.14466403615757603,0.03563650586300188,0.30363196636354095,0.0061243822465890645,0.30558571887871966,0.007013229370826645,0.2962764414601529,0.013864605181913774,0.2779842172979081,0.027757709820439458
7.555146458325908,1.0972359815103798,6,5.6056907448555595,0.009105182126651373,5.598247443200045,0.01000429497766991,5.6245737574702375,0.023275678689805932,5.683212186265652,0.04626789855742679,0.19877755885580717,0.008925855104331578,0.19562361592537514,0.009870578850986748,0.22687439279358856,0.0229636737394917,0.17450580358472173,0.039451887682492026,0.31186137248223933,0.006374575798012448,0.307884919871413,0.007074878841428668,0.3269336688564224,0.015903410501956906,0.32277074992608035,0.030036616615194897
2.798430355222081,0.20997476277515578,6,5.598309755171977,0.008692168461687194,5.600126985904984,0.009892787871304452,5.60146994839045,0.020031382419621397,5.541868502502111,0.045658021376351866,0.20624647287551479,0.008850548700308145,0.20526878447679528,0.010034022431821115,0.2129410693524384,0.020941277624009016,0.20767409732632103,0.04276768921104598,0.29918787674649877,0.00586677193276079,0.2972174048677118,0.006688964671802412,0.31027934795462936,0.013611803349008621,0.2747883645150319,0.030141007916269398
7.912498447418329,1.1636046582945472,6,5.607893560965293,0.00851182108304437,5.609956066698976,0.009698428597126668,5.594082131417612,0.018933767644248273,5.654149921827737,0.048357591357111075,0.20610447154091288,0.008727550658941026,0.20609662875985857,0.009911100618228386,0.2228764383871644,0.019665468360886906,0.10461894052878107,0.05024926003165671,0.28347938564645503,0.005860488471132426,0.28182089565337487,0.006630196501751769,0.2820583408771077,0.013677227376487555,0.3333071364096479,0.0323479489797828
11.511803499612142,1.7879183013860416,6,5.593039199100418,0.008359596601835325,5.595565833648848,0.009695304175263394,5.581588266035537,0.01871722053980693,5.594999289078089,0.033645913106474454,0.19042394435807664,0.008340527784780385,0.2022311618736765,0.00972058612547882,0.13568936046147836,0.018784979443095363,0.19825749718530233,0.03623769220491498,0.289156724250796,0.0056264753738147,0.2920456478633019,0.0065464031856295,0.2743818498123714,0.012829005056183368,0.2732004268456378,0.021719014043851327
7.360795071377652,1.0608337956955702,6,5.608063895370148,0.008337803813932378,5.608067148466717,0.00952170343478451,5.594512371212061,0.01885075361639046,5.697487575034069,0.04738709623782003,0.1848152115343645,0.008449540409114406,0.19165790035014624,0.00961783365152398,0.15893967624421074,0.018567421515765785,0.19139477442322234,0.04461468225801484,0.3009363479987191,0.005774658427114148,0.2999350296074306,0.006563590937824413,0.29831696103213723,0.012867329530590638,0.3235430590915034,0.031379380081923286
13.976431188071729,2.1714052621394817,6,5.610373252484853,0.008795587055451762,5.601384478415032,0.010108764438443354,5.628216706972381,0.01907419810965222,5.66173176449817,0.041202834499751095,0.20574173189902678,0.008506761177674108,0.2001340263786071,0.009727788686416635,0.23956857710340623,0.018490088328135774,0.15184320693865497,0.04227882802660839,0.30203896683828935,0.006063669800322325,0.3039723181748231,0.006906795341184734,0.27795344456532306,0.013604641099326499,0.3369115018345988,0.029878485780414327
6.587632644441328,0.9140894615195827,6,5.590539745514154,0.008277656548362686,5.593317245784956,0.009465249610317954,5.589052672931099,0.018352134238858134,5.531903638932526,0.04604118443274638,0.18725221730447003,0.008351829234333193,0.18242406822447343,0.00950271891335756,0.20492457068268483,0.018412136919161742,0.17625003591319655,0.04947023340411834,0.3059455665950411,0.0056174251401164745,0.30556314699723824,0.006452401127248549,0.296938385761039,0.01200049036208693,0.36316812462016,0.03483201403170262
3.7671958000719314,0.3743466496398708,6,5.590677986739744,0.008483339569762799,5.5848477658303795,0.009691033582758057,5.60052800072848,0.01929167140935318,5.653005482803005,0.041771080435140766,0.200774351503077,0.008486044145792963,0.20345913472618915,0.00982535769887954,0.19622587569869124,0.018751601374723058,0.18044934630098286,0.03679239412716039,0.29981793482322344,0.005795600060413143,0.30085710321968906,0.006615081476103395,0.2966051499872761,0.013171490890822356,0.28348028825830907,0.02909560662373246
8.43994943171856,1.2601648392640563,6,5.605272847414022,0.008727211625961689,5.6033351682530315,0.01008307861126494,5.61600073051809,0.02083119174604754,5.605424840179692,0.030527859441377928,0.19078527106433993,0.008545190996751125,0.1867890404793865,0.00977839922730647,0.1913450902755104,0.019699427448836807,0.2442109020116084,0.03487891684925667,0.304554034306837,0.005889358567769447,0.30439219426729425,0.006756216972450809,0.31890524407462695,0.013372036544798353,0.25526550877798676,0.020821175006917613
5.719838134711608,0.7466180554443437,6,5.604793740900075,0.008952546963084047,5.6031713845466955,0.010507391525193095,5.6144496572288975,0.0187913228266992,5.579059589587144,0.0413857917152279,0.20722700570702487,0.008956899447179704,0.20219077464200988,0.010576165300189138,0.20942916214329818,0.018544044125273565,0.2567301646766678,0.039322046581268165,0.30929981984247945,0.006127209089460447,0.31556232883172014,0.007273138331132226,0.29121628718766623,0.012581710379180908,0.29922449400135154,0.025568504939974444
2.341673046728829,0.14368507213221654,6,5.587804825063332,0.008506076889260293,5.587962339430524,0.009489457826901105,5.580004618228199,0.02050545685654691,5.636798200739568,0.05151329642810336,0.20022312386067456,0.008587615527966655,0.19618424560243397,0.009630801334120373,0.2165563910354428,0.020610285164286674,0.214770523494777,0.047624851276839596,0.29729141160625805,0.005878570874268517,0.2962736604720509,0.006593036309774691,0.2977795287097224,0.01437515828628639,0.314964403590257,0.029675177180808265
6.680863963862066,0.9319327502952989,6,5.596833613081778,0.008208230701694302,5.604337130994013,0.00937037676871104,5.581993470874784,0.0186491700638247,5.518158809884045,0.04014901557200298,0.18875515761006167,0.008183878301366878,0.19102061593318698,0.009329135194369266,0.1728003603554043,0.01930269611541844,0.20330448618173338,0.03601992959061915,0.296814699517751,0.005693906943702665,0.29887619620034284,0.0064474289858888175,0.28569878303970425,0.013580258683862137,0.28614983631702423,0.02810693601212028
3.4237702627142426,0.3132607647460496,6,5.614783983742422,0.009032767718787988,5.619751571183935,0.010028928701347589,5.599827028018172,0.022374145104769604,5.5865430446703686,0.036152038920366,0.20324600691831757,0.008760622599643277,0.20144269099723788,0.009813719693237844,0.2135697162464099,0.021445385668544505,0.20233299573525257,0.033482979567000776,0.30653782399402274,0.0062838637974182605,0.30967531947686094,0.007093887643551021,0.3013578840137337,0.015597066130144338,0.2715383947281153,0.025461463279394362
4.5074242891714675,0.5124314248444981,6,5.594408421770601,0.00856713927900128,5.589007381417137,0.009700651617796197,5.619235789146794,0.02137666780051146,5.598385821678049,0.03299622491841424,0.20034973924188174,0.008513967747669417,0.19891587197946195,0.009731806886300348,0.1949454838243687,0.02135889141851055,0.23078325526296292,0.03384497330531905,0.2910356236473017,0.005929664417416233,0.2917191627582853,0.006741721898022585,0.29961887512769064,0.015010990463386602,0.26172309474430894,0.022086541859723863
2.680093203045544,0.19193521802367625,6,5.58959801480429,0.008769677425468102,5.588565581590379,0.009870184566292762,5.583482110749705,0.022494080892389693,5.621902522469756,0.036394149298297915,0.19812892334077775,0.00874406513545364,0.1938594438908005,0.009816411115811137,0.2242245245837401,0.022066067318511785,0.18330560867270224,0.03980902276054486,0.31035768743814496,0.006196662889561532,0.31051867170426356,0.0068714085006512755,0.3084195274034833,0.01635606995850643,0.30720379937904335,0.03157484433967936
2.210241083492292,0.12644091678874037,6,5.6034642952481315,0.008560083074041965,5.601583536728508,0.009737676078134692,5.605575454555755,0.0205594719626424,5.615175427534347,0.039533451566122604,0.19232124287921595,0.008486142614375566,0.1939884566133065,0.009751070996394601,0.191237641885883,0.020029977272184522,0.1700991307746277,0.033489334520676005,0.2875466718384189,0.005988376579251894,0.28989946153399193,0.006983318148831063,0.2870147822949259,0.013233148699554826,0.25708082805985705,0.024617065546521485
2.940156496988493,0.2322813461384721,6,5.602966300346486,0.008448894895149108,5.600348577496636,0.009652807980040392,5.617565474709366,0.019043847779995782,5.5817553254873,0.04531614832296424,0.19497429561242607,0.0083204754616928,0.19862826469193495,0.009701866918250816,0.18926777308974935,0.018224626441591053,0.17222885495704102,0.03483982424674774,0.30074173750025146,0.005842334928341154,0.3043712901720417,0.006754499783136001,0.29051972627138556,0.012931890956543688,0.2853059948300704,0.02807981085332375
3.8577845063700806,0.39084077089402897,6,5.588474914613454,0.008473128849308717,5.588408313470327,0.0095468293458458,5.584477191763433,0.020641951602618572,5.592318474472023,0.034920371152499824,0.2088007574464768,0.008539586782095343,0.21155298057743266,0.009724811641875535,0.18180083087544846,0.02198561567824439,0.25038219060313965,0.03732176938213327,0.2922163719349343,0.006109910872550433,0.2944543843003191,0.006758456697015057,0.28368991735633964,0.01647121898293819,0.26212925353129896,0.025906716036251207
4.292507659105468,0.47167638363100045,6,5.599634307284115,0.008753757177024696,5.60410155247316,0.0098949677171599,5.597391887318072,0.02115977281956319,5.5379434099875855,0.03903899832040627,0.18196899024687468,0.008807916084000353,0.1786237514395751,0.009953098168076204,0.18806722031641085,0.02148287177840375,0.2178360060240252,0.038435037520759774,0.3026403721899273,0.0059267740441607125,0.30006068711944933,0.006697675119767825,0.3131801135466228,0.014207953624402057,0.30110994377448796,0.02751314021242828
3.3779878268542234,0.3053157149113667,6,5.6008901464372345,0.00902131207821127,5.603871530864468,0.01021007605425868,5.601379997686689,0.020610307203520552,5.546995919833247,0.04387585185935482,0.20437718070223088,0.008739215658565206,0.20239602244091223,0.009837083825970032,0.20156965924882564,0.020582864239589767,0.23904739674810074,0.03855483009077324,0.30322552698624045,0.006251901460295764,0.30573925861584705,0.007055565777256603,0.29172961174190304,0.01399824558691089,0.3021062156149674,0.03011960721875753
8.562672878993908,1.2823851166145883,6,5.578618220198875,0.008728280946185206,5.583300617234683,0.00952610044484698,5.578984173949116,0.024461690815918518,5.49055169292295,0.04273551554582726,0.21014390767930802,0.008657753118805947,0.21622371143839836,0.00966312137533827,0.18874627058451107,0.02269967501350265,0.1853133087654513,0.03688454978599215,0.3058778695630184,0.00594923707190753,0.30108083175886574,0.006533935185368952,0.32400446501724145,0.0162256719687899,0.32170636040517137,0.028658138165649893
6.720496587920934,0.9395067324893324,6,5.588754366993128,0.008496608638512095,5.593373362505985,0.009347831516008088,5.573421769949502,0.022427305552865578,5.560438210581322,0.046590347005774836,0.18218217186945762,0.00853388154054709,0.1834506319885968,0.00947524064379687,0.17000417020434164,0.022209892145607178,0.19258030785600816,0.042936800327859084,0.3045398769318019,0.005713666512939763,0.2978965772867354,0.006328492622709265,0.3244390173175411,0.015111036184075888,0.33854280127622915,0.028550168506078312
4.096313785426901,0.4348872751003883,6,5.592777020032441,0.008441201158126783,5.584531787021247,0.009605549570014497,5.614807854298247,0.018822874605845828,5.640256939160917,0.0421513044295391,0.20220818789932027,0.008527189337731134,0.2017053790441784,0.009973505826790458,0.19827718348275408,0.018431872931063648,0.23341950633403263,0.043480166088506626,0.2927460646624465,0.005822247336913907,0.2931486498171794,0.006859714079464842,0.2898385419152574,0.01179398300988374,0.3084215982750184,0.031455084992688266
7.244753032588051,1.0390003015508043,6,5.606049681771054,0.009203555211127049,5.598946769214866,0.010644219095591989,5.641964086676777,0.020178333165736258,5.572233832807774,0.041625198875706634,0.17726482708914773,0.009061787866905506,0.17613321949641844,0.010591451789693418,0.18757696257377904,0.019905920198823198,0.1688899644533839,0.03547921804899528,0.3113845432004805,0.006246540289116543,0.31698112408357443,0.007338742674750441,0.29562703923297134,0.013380091170057045,0.28094859193675664,0.024208091340869854
2.5745441719482187,0.17633154945749666,6,5.59277641863222,0.008488509423690312,5.593712112283551,0.00965395940589761,5.5990863370448,0.020165024466888802,5.554862096244949,0.03786447604521583,0.1985498070610301,0.008449355174984189,0.19507211663846125,0.009629467468742103,0.2097917088004269,0.020244481059109948,0.21490868670748614,0.03560875715264726,0.28994532505494774,0.005851446131037791,0.2868566828200618,0.006637984990810486,0.29816691267199624,0.014418361857628155,0.3034712068617638,0.024304740841847434
1.4201451982953586,0.044354912797885,6,5.611647447309892,0.008687525966365219,5.611847234817261,0.01002895103966043,5.602838845819099,0.019762058143183384,5.63247428358458,0.03611507549451727,0.21436799765616557,0.008704505837311752,0.21396291331806824,0.010055393687873048,0.2166236855785563,0.020080400369677634,0.21254041387459896,0.03448290227653511,0.2966113222696919,0.005941617947923731,0.2957926247729267,0.006796059528635562,0.2925816594442523,0.014120164080504344,0.31400776693279275,0.02365229318266327
3.28413363515574,0.2891946947885075,6,5.604322842983997,0.008465217232651206,5.6067206352075845,0.00951098328073432,5.594280514955898,0.022048003772881426,5.6109058320091085,0.03476789241360201,0.19694144609150624,0.008346319730041822,0.19245657735964405,0.009343526790590612,0.22105273267569914,0.02130929414439716,0.19056385819262892,0.03691199444986212,0.3035576168878443,0.0059286707175844515,0.29996001630262625,0.006554780262274101,0.31830137430897887,0.015306577902172108,0.31138350815441984,0.03185722781962411
8.710604000487365,1.3090438339772166,6,5.597580862134526,0.00826458659983369,5.598206675206514,0.009545429844124447,5.604174401305525,0.018666612077532584,5.535144368762439,0.032764287169183996,0.19114779143175226,0.008369914780328233,0.1857873453142509,0.009660550989556007,0.1998584608054618,0.01896194716405493,0.24272146466063305,0.033378966440378965,0.29445162752256815,0.005764321001067644,0.2989333059547785,0.006730355510936519,0.28551375436473225,0.012397222868604096,0.2356908062968254,0.023646064152589522
7.132764406764181,1.0178617761830433,6,5.6103024564577035,0.00860632110893681,5.602353550650412,0.009788650626574759,5.6385004716632325,0.019487832569761124,5.633072922216282,0.044761917302518626,0.21184356794697018,0.008604525312660847,0.2188398296368706,0.009878357505133856,0.19542886820258254,0.018761474678031815,0.17133768248606773,0.04338075268506118,0.3023690899939441,0.005952802546102685,0.30338407322254013,0.006832989952714635,0.2917926196328064,0.012930240740924252,0.3324724702662917,0.02970363480275101
0.4528843020671047,0.002048550498325744,6,5.607802135639084,0.008928349918550573,5.609014909706837,0.010199348583119648,5.602917872392556,0.021269782920965808,5.606632038151756,0.03836896121466575,0.21280702868253548,0.008911648395298073,0.20990553877505502,0.010289205406252252,0.22377213835946033,0.020322140650721236,0.21284613364656432,0.037290848536116326,0.298239616730114,0.006165408165425293,0.29827614458015617,0.007075683521571373,0.2989385448748118,0.014640500706546643,0.29551664658513016,0.024636379313614284
2.6107000884367153,0.18162291878160142,6,5.601946469504884,0.008425106729417651,5.605897240522912,0.009692643514878878,5.584700005615487,0.018930972458886537,5.611708295928653,0.03473147120531924,0.1883001146505404,0.008632446051440666,0.1904042349201628,0.009985786837053904,0.18047051322709104,0.019242964076515198,0.18108660519899067,0.03498793044176114,0.3019118779227174,0.005835670024779855,0.3056307471841049,0.006754265739539531,0.29128247834490806,0.01283731102322578,0.28287857074413253,0.02546296963258882
16.48049049830297,2.5303571548338475,6,5.597797951328614,0.008854781445361792,5.606708383072014,0.009813690856663147,5.5728180627922095,0.020639826664446304,5.531218049290648,0.04516204572375405,0.19602888182090522,0.0088416775021413,0.20384014734956982,0.010064221974802499,0.15081899957443268,0.01945303323513552,0.26342977595460687,0.04379645935688767,0.3028997796743298,0.006242908780235864,0.2993639162235294,0.007253224763259937,0.30293692085448126,0.01291635218657787,0.35777991912475327,0.03206530862823303
4.403946038859431,0.49275636620027424,6,5.600074616435919,0.008899710813711758,5.597339424424759,0.010171915567863437,5.615647516117718,0.020047702788913168,5.590779453766892,0.043744310546176654,0.2091557223442164,0.0089893735545653,0.20810289927446413,0.010220432286981586,0.19802876680286446,0.020694288681274764,0.2738751287730006,0.04491641167734996,0.3058149329380926,0.006286279928143568,0.3085316380519416,0.007167873010553483,0.28971127104276784,0.01451584523010991,0.31609148109604823,0.03053488590133147
4.437703385701752,0.4991648703948402,6,5.606787885523594,0.008575781315380898,5.613266653770844,0.009711762201413808,5.591154203728874,0.02008737949309992,5.541764832587371,0.042111893330875824,0.19001504484459325,0.008529204522348139,0.19314314989993675,0.009653317472390783,0.17791657248053078,0.019754007860278137,0.18892993439065225,0.046003916707892605,0.3050070596387917,0.0058225357962054195,0.3053617374169327,0.006652617129999178,0.30790800827405285,0.012968446385083276,0.2770364277138128,0.027085768995088043
2.2544220014242455,0.1321369057178055,6,5.617331309353055,0.008543015449464068,5.62167629725143,0.00972381032147456,5.595624883724002,0.020898706717333352,5.624122952696526,0.034380046568002816,0.18958725249024355,0.008550830402452072,0.19324518365470256,0.009696819754709918,0.17433595262301294,0.020988205502848193,0.1869783853951326,0.03497723705718677,0.3021088281987515,0.005862078322239587,0.30195986232676053,0.006594846131856299,0.30493838941325424,0.01425483051727066,0.29105882162071944,0.02659581711683536
4.543083968717838,0.5192318233580502,6,5.601473390061473,0.008556560790650742,5.604346678752897,0.009451688839826186,5.589906761786654,0.022737600364611237,5.600476409762652,0.042043584700716494,0.1953323924590643,0.008639855327198276,0.19195752245042857,0.009605543491278748,0.19905026388682337,0.022453287001216817,0.24308809923143615,0.040188579590381523,0.30051709205489097,0.005841848780994893,0.29559982167465826,0.006463735955040504,0.31955431769397785,0.015572795274347866,0.3146014481050947,0.027176341627220473
6.687567300119554,0.9332142673604628,6,5.59585498180439,0.008628677602509283,5.591556517585343,0.01005322586889251,5.5990412252313835,0.01847314979127975,5.646633796427916,0.040607491345277,0.19730653026978062,0.008487283251150833,0.20533987863265413,0.009710054199472965,0.17574886065790363,0.019053669554141617,0.14588575441570317,0.04310241414034858,0.29334483786231685,0.005924232112696611,0.2964788428072283,0.006915086258723885,0.28053771172773007,0.012073830083261385,0.30558732667242167,0.03084499932177623
2.8295040280791,0.214802208775295,6,5.60741734965191,0.008336840051400259,5.604801298994519,0.009343534658359487,5.62710637326704,0.020650859442809075,5.582088795160435,0.03964250987097974,0.2069904613091863,0.008110993562520779,0.21111999754974745,0.009122943755220296,0.1950883723819478,0.019486027840612756,0.17640379127186298,0.04125668268072524,0.29305229718211556,0.005516251329198447,0.29389045580271417,0.00614849869966107,0.28597645370907804,0.014090963373665511,0.2935964688237027,0.026450873441128644
8.59356291689619,1.2879631913337903,6,5.611890556790139,0.0086211380251316,5.615992192441671,0.009873024408928236,5.599294664032035,0.021454537244200263,5.5850964168517,0.030517742105628607,0.20606484606814846,0.00863580624446582,0.1994345886899477,0.009798861796524512,0.2386500703794539,0.02193113971332472,0.21094389595551133,0.031425805747259374,0.3049455974759643,0.006031380965289206,0.3077998726359927,0.006868910375595428,0.30771613869121833,0.01552413006571121,0.25448444640407686,0.021013812480913458
3.758529157479643,0.3727761614743182,6,5.604291556842822,0.008200730428553415,5.599552001921111,0.009421677334815064,5.622415341408018,0.019191752395865357,5.608166183508163,0.04316026418546673,0.19532862645600368,0.008390804856572577,0.19306348443285826,0.0096262367033752,0.21352929114962915,0.019856500020584256,0.15238015385386233,0.04382629905539309,0.291025527892434,0.0056756250958125525,0.2888726476052818,0.006513670279504815,0.29597971048042154,0.01351146044723353,0.3132312977506272,0.0322143182000819
4.462527532639797,0.5038838062915318,6,5.601483618294505,0.008432198482071744,5.610471518909922,0.009655912158365228,5.577183885805487,0.020049842328052056,5.564280040867729,0.03353704492552323,0.19646670263349403,0.008598167528552742,0.19222819016819354,0.009838070195272169,0.2057347831898759,0.020611996826414295,0.21683174416326204,0.033921125328639216,0.2969365838042375,0.0058083792712700245,0.295669875613134,0.0066729234137118155,0.2996914020590513,0.013884633740650652,0.2976267055420018,0.022556723212581016
7.271149843421881,1.0439732502983834,6,5.606227134333685,0.008982862972144585,5.602560636832629,0.010064715098270671,5.611268357111443,0.02173555084203041,5.652025987893829,0.04418237036849579,0.20562264126070354,0.00897108936058027,0.21009239559644677,0.01009146935598382,0.20568334596169674,0.02074499571611603,0.10806246904490716,0.04494241814025612,0.3085174556950583,0.006243557269188168,0.31259914930753485,0.006889242209873285,0.2915464916372772,0.01380184561074319,0.3073997311016673,0.03562498114756618
5.753790482471231,0.753202719805973,6,5.604592596534154,0.008545871158183276,5.602701417558745,0.00971885959824389,5.606226164058814,0.019873793836371247,5.633755275310364,0.04219982159271997,0.21208429659100464,0.008632984201700226,0.21243818163742373,0.009922844720852846,0.2279746514555432,0.02025924290591041,0.1466711870316959,0.03892637916416558,0.2983788218389366,0.006005700227801185,0.29421835637624355,0.007007756917703796,0.30640340266692107,0.013375180384971411,0.32162464964370197,0.02794361419813949
8.649389098587562,1.2980289821924678,6,5.60636532801883,0.008726526845353869,5.604023287538996,0.009899116870652683,5.589853339509694,0.0210238766923159,5.70119525179833,0.03863995501841289,0.19708365876131143,0.008891792333078167,0.20117887182803731,0.010220259175254163,0.1762975350826197,0.020894865409874373,0.21229541113326397,0.037364171922012225,0.29987351474996027,0.006025798407258506,0.2970744132974234,0.00683814748872935,0.3127025533732379,0.01518143639954995,0.28846930068351345,0.025737636372402183
1.833841125611798,0.08240050480256975,6,5.60493067512835,0.008406503315328002,5.603393345460656,0.009827540772211488,5.617440302462555,0.01884573650129832,5.579957520651994,0.03370491499218204,0.1923335574032286,0.008482185124812308,0.19321378590903493,0.009746002804703889,0.19448582598863629,0.01936805221627324,0.16727084200291029,0.036221438820666196,0.29112482947499124,0.005793073684570754,0.2932629186824451,0.006814935832651626,0.28539613756672727,0.012984664171645262,0.2863025835012996,0.020199802621679273
1.3579271794878878,0.039655639658918544,6,5.595162493919069,0.008860874878628666,5.592392496793669,0.010208003277527643,5.59793636168163,0.02053118811573447,5.627543933833414,0.03545349514761317,0.20698515785414615,0.008672209792603643,0.2060257641862985,0.01002244476655919,0.21147790186308574,0.019402083198122286,0.19948034860865294,0.03905162888993715,0.29808177996089263,0.006208158644571985,0.29945056358851135,0.007286554223179153,0.29683282442528847,0.013249475571682436,0.2772095203372959,0.026524105871155123
3.115309079643339,0.26080688587204415,6,5.598563763516642,0.008294309949280883,5.600104341556717,0.009419461477918832,5.591713484280271,0.019674807633359746,5.606107144045206,0.03522031549595578,0.20499624764641516,0.008270671574311973,0.20655065578888732,0.00961210015836419,0.20707488880897512,0.019129301038110526,0.16180721558965125,0.036253433081343725,0.29700022200395376,0.005687026198154076,0.2978489100883796,0.006513595473606286,0.3002090227700092,0.013646417976273013,0.2613040897480489,0.02349543746687259
7.043638971896144,1.0009926711280581,6,5.60987314144064,0.008850075217520159,5.618336996781473,0.009944817798060033,5.5767122902161255,0.019808863480910252,5.609184797647671,0.05058025678482202,0.19323140982895745,0.00884598732462875,0.19172274121213104,0.009943594184717392,0.19171743895583154,0.020577037949767316,0.22310685136397482,0.049971590165268844,0.30917371038800656,0.006078492916841493,0.3076240972131514,0.006996524555452615,0.3052100972797863,0.012989479573953648,0.3643529532173333,0.038158280167408576
1.2142638321674895,0.029865504825905883,6,5.6020545900097405,0.008821868937957143,5.5999632616347865,0.009984341109423912,5.614178342596406,0.02218033019588522,5.59869210498893,0.035758288006572464,0.20962559146812487,0.008695095571984432,0.20987513037694622,0.009861865059808687,0.21771665513664262,0.02185921597122007,0.18846106628395873,0.033694100530678124,0.29581518716499566,0.005929439623772239,0.29522492206038387,0.0066402404083608845,0.30216816432987886,0.015351917027898418,0.28741197040691596,0.024880267991399273
0.8460781118483283,0.01155470025952055,6,5.602722290593161,0.008328224895252237,5.604099453695946,0.009533352487425824,5.5955926537585885,0.01900860065431247,5.60878576088921,0.03944772245708966,0.19434206303906865,0.008312714675523804,0.19403074858775426,0.009619406267352382,0.1991823751300934,0.018171155390401962,0.17988881055686184,0.04061948299327935,0.29427383512718647,0.0059448886161477515,0.2958959029302814,0.006905509006713176,0.29148313144538646,0.012905197269185981,0.278640875591554,0.02799772000831991
12.621350886824075,1.9646144469916218,6,5.61384227479272,0.008842079711887772,5.62203159824277,0.010127257205794254,5.590964702073204,0.020114158626336504,5.563572933518306,0.036756481808968795,0.19666764359217453,0.00880468193715584,0.18877040632651357,0.010146031142187834,0.20286386669362722,0.019696900786175156,0.29422233986325663,0.03577506840351448,0.29636922806403254,0.006198059454870612,0.29877953566970045,0.00709655236693936,0.2923369438412983,0.013910475018449405,0.2498513176349062,0.02693079723645251
3.8507304032245884,0.38955138459715244,6,5.595740437711902,0.008675611873037345,5.59379179263716,0.010099732710207325,5.601843424083789,0.01859218194186211,5.592488229446989,0.03872499266481229,0.2120455322537964,0.008745054768679851,0.21500480682694253,0.010006082482519536,0.213732579633222,0.01900434972477413,0.15905153027286242,0.03901912677551807,0.30267787127901435,0.006049449724955259,0.30488817681196934,0.007154915256727705,0.28985290143223147,0.012480395035963656,0.3180335657513659,0.027047091227260258
16.012698635444394,2.46540172920471,6,5.60930598771358,0.008286557411603432,5.620288177450731,0.009590538604256875,5.572335719489332,0.01767263289715069,5.582444542062681,0.038193690862744475,0.19617494149542494,0.00831357415789107,0.1981513189738003,0.009617249217749348,0.2063654878545238,0.01766317600296292,0.12183405638168841,0.03627459046167883,0.29399672459847065,0.0058866294233513245,0.300845206850408,0.006741232605707867,0.2687565199503821,0.01306389911083848,0.25532178629530605,0.025582930623148765
6.749636471402482,0.9450711193286754,6,5.601894150642813,0.008684196598119564,5.602570681391787,0.01007351698390636,5.586733750814925,0.01918856594781437,5.657785534790605,0.03652779151810278,0.21009300809922446,0.008681181780876254,0.20957086783413464,0.010064948197860137,0.22587009308120698,0.01919539446771045,0.15607401808641774,0.037217575299641696,0.30352862650909784,0.00605315798303719,0.3067873215412518,0.007015532322692835,0.2884733379503244,0.013382859363259099,0.3096474715501203,0.0241512471623842
5.506872526253574,0.7052953463774881,6,5.60623251225655,0.008468801827612728,5.601748623278157,0.009620523531593657,5.637197800015578,0.02127757414656296,5.567995749399177,0.038696377599202185,0.19102363006213816,0.008344433242559521,0.1919969350229389,0.00945033357061923,0.1792987101724239,0.02083306939033379,0.21083497959531008,0.03975780867608712,0.297405250925705,0.005901466207036905,0.2940402366116025,0.006501174500873314,0.31310539483573163,0.014662332889458188,0.2904783651836505,0.031821938372058434
6.55142684103339,0.9071504734668208,6,5.605337163505768,0.009002438407709524,5.597397285483902,0.010325586794876574,5.625362081199361,0.02056687900736306,5.660124883727388,0.0399925322638453,0.2096222549767684,0.009083466982508205,0.21067153520977785,0.010508862167085232,0.19750416800470122,0.019710045847106436,0.2394460170195945,0.04125539808607813,0.3054735792834248,0.0065945168335139175,0.3101152741270852,0.0076336315487068405,0.2834738360459062,0.014112204050332821,0.30769421907808986,0.030150875617717912
5.7799076626688475,0.7582668889581367,6,5.606522492315529,0.008723858722161056,5.600153465939082,0.009947325562857134,5.6339843427144505,0.0205373985835961,5.602639294617777,0.03890879498512466,0.19948244623985212,0.008810517823825404,0.19544620163677276,0.010068405078522831,0.2224247156395939,0.019801929918301934,0.16697036785246278,0.04353326911252807,0.3066329624020731,0.006138047144306777,0.309340191453936,0.006922591778806383,0.29071436944634427,0.014736860408658615,0.31727496913748743,0.03064366801347178
3.708660483142012,0.3637661052095201,6,5.608133990774329,0.008676174793616516,5.609227889364781,0.00967379661647742,5.592442961628919,0.022206212863559106,5.635030984830403,0.04018066441317533,0.1991692262936255,0.008745488961986368,0.20574309596326035,0.009786953925778953,0.17386465578284518,0.021948494375812182,0.1809691797673142,0.04095860569123534,0.30361679572618283,0.006101997132412588,0.3019682405892834,0.006829477287457296,0.30202812857458666,0.015388936172190408,0.32090705081286036,0.028761590026674177
11.010671666852431,1.7057900785384443,6,5.595226983184809,0.008632650809443749,5.597423545162798,0.009936707449356652,5.5831041682655576,0.01925546441387849,5.608848694042006,0.03742027275719039,0.2034157755897213,0.008538630201551135,0.19556894838471783,0.009796494775815043,0.20546558919814914,0.018806721783171616,0.3142888281374243,0.03691965953180887,0.30758858852995746,0.0060937709927147326,0.31107990839761035,0.007101125086344362,0.29382737751120325,0.01336612210225799,0.2972984981176406,0.02377671721155896
5.822803307295544,0.7665823997537694,6,5.597264197856118,0.008734494606890103,5.587601157494164,0.010022574267651303,5.62191677136771,0.020745480490826675,5.647119809531545,0.03545482150863746,0.1986091464174271,0.008693907439993173,0.19958127649723761,0.009738770832671459,0.19967249486875543,0.021922600867831588,0.18007765046440583,0.03823455301629653,0.30234851731181367,0.006011511758571131,0.30027024215449793,0.00677563641032808,0.31520496387444547,0.015243516866179519,0.2799032661833795,0.026201141140149427
2.0979372343426803,0.11244013488476487,6,5.5914118340708825,0.008455707061106682,5.588657487950521,0.009747248792307709,5.5954958563188715,0.01909227483157108,5.611719362255369,0.03406564777105884,0.1995147101701673,0.008393827797254044,0.19583721246052274,0.009665074103946705,0.21130982540624102,0.019251717048705423,0.2052056874452728,0.036471544878865086,0.29595548317235343,0.006010220767750037,0.2945908090486805,0.006966783226829256,0.3039042888520004,0.013251934131821318,0.27493490548311883,0.025783690692485203
1.138853641707101,0.025323203486390576,6,5.60875255394809,0.008261880734889938,5.611722487965439,0.009214526142471239,5.596899723652594,0.021648814660002725,5.60127344005767,0.03719212740639033,0.18958587784554,0.008443929426761143,0.19043200195497068,0.009467758412374076,0.1817659493547757,0.021187000880322344,0.19632839449580433,0.039501111222851125,0.29614644287832054,0.005787168685361201,0.2938899138106583,0.006518774452966814,0.3046140455403938,0.014335803410981802,0.29784528049871584,0.025922175493260827
7.463149430754129,1.0800310704415992,6,5.61143219326494,0.008740234862784564,5.606679171829711,0.010290263435622421,5.626731439511564,0.01835467188433691,5.617408586075433,0.035227589499566496,0.20269877730643096,0.008611339796257791,0.20657489757268277,0.010088430082460884,0.19391495294673347,0.01835108471861964,0.1841054766062375,0.03560874870412444,0.30189110490984616,0.0060184166672940876,0.3086305424712706,0.006999071205692833,0.28873160962272276,0.013001454888686221,0.24821703429510214,0.023384242428407136
8.398653814263525,1.2526667082221778,6,5.593621397558575,0.008590469113010705,5.595637530556472,0.009588528169488707,5.590068024914679,0.022223346309274056,5.576100424953701,0.037379264382690305,0.20149869118497002,0.008571390127978076,0.19068645770903536,0.009639522102347246,0.25270785524313516,0.021150163691995228,0.19768095445455566,0.037738154036500535,0.2981586180487152,0.005985843701156873,0.29546329730895793,0.006695939464351159,0.3109381378214907,0.014704827801610252,0.29142010455465234,0.027879906643220834
4.18105363601353,0.45072213596394206,6,5.595608851507388,0.008580861948423557,5.595551050673394,0.009897411965952856,5.589167475057313,0.019160472061362423,5.61925063312893,0.03769715689053602,0.2030028353207785,0.008605407002600957,0.1989536470729254,0.009993455064467107,0.20665333055081025,0.019008069010606088,0.2408096832524759,0.03710053088871075,0.2991967494214371,0.005704212287490646,0.2997429640862481,0.006553958470108556,0.2871554830159924,0.012982583921739548,0.32926216094826466,0.02598497518693735
6.16811431167298,0.8333916060496094,6,5.596030690171303,0.008509699315874475,5.599682069865284,0.009686354258814634,5.595080987321836,0.02005049314466134,5.549684512197169,0.037130081411991867,0.20495886584200337,0.00874660595003395,0.20810669759336423,0.009955119456838572,0.1994034865197178,0.020355736723106543,0.17937101402200512,0.039588092253728495,0.3024449659758036,0.00577453250185101,0.2957772921351277,0.006561552150537672,0.3245312539058245,0.013384543075897684,0.30403685913554523,0.028891617917688787
5.856521649518982,0.7731168793879643,6,5.609951852611802,0.008673106230412734,5.605827373394467,0.010162855480648372,5.632533617278172,0.018310531963777167,5.581857559448957,0.03864083348004494,0.19937151293743213,0.008765369134432906,0.20689643211288222,0.010266248889467817,0.18143789945381256,0.018434720476517376,0.16972085782957255,0.03960330919047996,0.3018163920417976,0.006358239892308359,0.3040883710673512,0.007357412308240585,0.28625152786391733,0.013624566626072726,0.3251766262547583,0.03253267111523465
3.934795828332426,0.40496933289291503,6,5.607817092198501,0.008754070518180916,5.60163317529146,0.009805451121516281,5.629828913933738,0.021656757815124716,5.63156473670747,0.041428385509063394,0.21118927356279973,0.008716675066089797,0.21625393151306938,0.00979320366017479,0.19193512466133644,0.021665877279921083,0.19591592285027137,0.03964172633867843,0.30464230628302663,0.00605044638768185,0.3015618330096271,0.006820262727309026,0.31061691725328855,0.015165576814618692,0.3203561543985085,0.02724762881505145
2.4979616540222196,0.16531542420049175,6,5.594170989757154,0.008342525027229984,5.592108890513226,0.009484526179927856,5.592384370880462,0.019812926470447162,5.6301079835923575,0.037339986248999174,0.19778863748179765,0.008619703493124693,0.20298638505156635,0.009925313544454762,0.1784434854608336,0.019520056611988166,0.19134576087130237,0.03779334834172045,0.29892363898049795,0.005727129090104486,0.29791977384882273,0.00652667212102837,0.29983629439290654,0.013264516955797539,0.3081905093783759,0.02726380239925785
5.634698219233542,0.7301011356324998,6,5.61777386485462,0.008213456072516046,5.614179834547256,0.009462623378621983,5.630721702516213,0.020688859813987225,5.62067565471709,0.03536050721437006,0.18709182548767767,0.008217163409048074,0.18086920033453216,0.009478235278489382,0.21524542719431006,0.019614843477384344,0.1803496126987374,0.032546088642997885,0.2900401044610057,0.0055913199314125885,0.2856327044252456,0.006542204984753935,0.3078232094568475,0.013366076259024685,0.28392669155114053,0.022692002234840105
5.306914644213975,0.66649666974694,6,5.603533635151984,0.008659515547920717,5.605011862019103,0.009855353701251634,5.607294109211363,0.021656254877548943,5.56763287788877,0.03145862218500321,0.19131215352714082,0.008697354025657552,0.19359304851867418,0.010002603855943738,0.18222358890829057,0.02103566720653434,0.17978046193181071,0.030243107813220028,0.29865424863104856,0.006141663651934901,0.30086395944152156,0.007000502183748546,0.30085851243758094,0.014895118207039546,0.24802417036075808,0.02154836078119205
6.831136904642335,0.9606137773336462,6,5.605955350075092,0.0088388217921327,5.6024178298209275,0.010057852565467875,5.6317621047801305,0.020621108068306346,5.563747335795475,0.038284016589583136,0.20041006366172207,0.008718973518132568,0.2013458360962851,0.009954963387135139,0.19201049661438896,0.019871647627723248,0.24346884902589383,0.039251982249472676,0.2986936458543104,0.006127475305063614,0.30035480604258136,0.007001918372265464,0.301862993347884,0.014078161152772783,0.24932674933721666,0.025065401130504417
5.778487010786193,0.7579914448860969,6,5.612831214740728,0.008632662518258616,5.612811157566082,0.009688692294935656,5.603338255184598,0.021575130740451382,5.645573504876241,0.048182337443585105,0.19323892628454736,0.00847923717024589,0.18923807248635108,0.00931279473634104,0.22221362192784172,0.021712647716471804,0.17648951708890265,0.046634370017973145,0.30534590169617654,0.0057382016318675245,0.300301834901364,0.006325749403322786,0.3255644831170108,0.014319371650436223,0.3237704046985047,0.03397283006554385
11.398400927646435,1.7694629548646321,6,5.610607635741149,0.008418092980211357,5.610143073553337,0.009627479641400644,5.61159184355241,0.02014629407071864,5.613143901603188,0.03202581218120418,0.194926934730897,0.00864032293331343,0.18949639479478614,0.009884641567381919,0.2204448556327129,0.02089437092905673,0.19584745760577313,0.032888377096954066,0.295757408876424,0.00581820225442623,0.2936563908756223,0.006464823802745586,0.3227924566202187,0.01488845622007588,0.23726718701408123,0.02219164841922468
8.289946484233951,1.232877812813152,6,5.60826515299218,0.008410034035843212,5.609065091485057,0.009705106663754591,5.586341334032765,0.02079626373614396,5.664246231305706,0.03256963809048594,0.18994973327016443,0.008419407173273559,0.18765045749679832,0.009599544494866366,0.18336388144374205,0.020837560252580985,0.2447506735270688,0.03237489942525766,0.2921044276748991,0.005704039474822773,0.28928155953984286,0.006465541110953425,0.30422760669657817,0.014538816388487422,0.27203810761065944,0.02390595750039018
2.3329231688258005,0.1425094208922418,6,5.590420077295412,0.008697211878591305,5.587809101529958,0.010074886005408557,5.608183272781854,0.020100247760837946,5.568154387892533,0.0368605122537324,0.227625451046618,0.008797564323384844,0.22828485048198763,0.009986808841005786,0.2251970281863292,0.021136748942703433,0.23117512349582478,0.035208971682935214,0.3022163519075096,0.005981930377944017,0.3016831258563448,0.006941580840372567,0.309829873752035,0.013546660075388423,0.28143927685323583,0.024339467227886574
7.886654960966553,1.1588300850839628,6,5.609173365158129,0.00855946606033615,5.602977979256997,0.009528275075989879,5.643617546785938,0.020983656481792665,5.594294633356448,0.04764834486431725,0.1930045487520739,0.008380470956783527,0.1982635864515117,0.009327557979118618,0.16935201993749613,0.020796016420298387,0.1769520111662058,0.042373616088058855,0.2998627892855801,0.005873457400277685,0.29911470321765826,0.00647157404847331,0.2853262587632957,0.01567998626576875,0.34559118555999624,0.030629413561198082
12.969187130089267,2.0186089938080602,6,5.609517939743114,0.00881738990720972,5.609290433069237,0.010139965962550332,5.603169217642123,0.019469311695009043,5.625202167017169,0.03457970272856575,0.19138991862328558,0.008913405671357583,0.18557810904670458,0.010109932666716835,0.17881626529295358,0.019719562851224698,0.3182197817015249,0.03775835719530436,0.31343972519356705,0.006056102363055617,0.3127947473971867,0.0069905678083472065,0.30912152205053817,0.012735250284870409,0.3189101041846625,0.02349946165454728
3.7596486894908594,0.3729789566069442,6,5.58575584742314,0.008712504146134255,5.590757472794052,0.009734728953784896,5.573646674767279,0.021215632178755998,5.534068953623114,0.04617769987082572,0.1974064730267732,0.008569382610718747,0.20086205210060562,0.00955642993029123,0.18045515627095068,0.02152631341038975,0.19591829099376995,0.041371358768312876,0.30274043740426776,0.006079290213566875,0.29913260942979103,0.0067839163914899196,0.31701178137914837,0.014571156629581854,0.2941626686381193,0.03577379867089625
8.560802172054537,1.2820471149100174,6,5.607866851983329,0.008485787865912977,5.608675847594023,0.009738524128931711,5.629454196476219,0.019644898068886196,5.506448262758808,0.03935390393719879,0.19375601261084416,0.008312364903500192,0.19236590067429227,0.00957819717859565,0.202497326519828,0.019570322019232388,0.1743464549229723,0.03551111083388631,0.2979545505268234,0.005916148942489993,0.29586865909609167,0.006973773476649749,0.3013206856428863,0.013102267113010683,0.3118044579163589,0.02605397304633849
2.3687926065176725,0.14735327468321868,6,5.5950570588678445,0.008435322173258056,5.596886919854101,0.009523482031680953,5.580420070196533,0.019551487138338732,5.6348460573249755,0.04665881700410496,0.20573187334954712,0.008487668690808858,0.20836424609736756,0.009736652617461348,0.1938703118574153,0.01974092360497552,0.21372808795966117,0.04544190915991909,0.29849770625879635,0.005611630954300283,0.29665318214990877,0.006334625037563063,0.3064400368592384,0.013217962519486025,0.2910950908482631,0.03054366652660912
6.522885053040227,0.9016766346128652,6,5.602643133944775,0.008420105425640945,5.605474077935252,0.009643246547029001,5.589085068724695,0.019350878389870454,5.60544022962474,0.037552633632197074,0.2137608450577395,0.008406409392534502,0.22419276767324675,0.009571389838462816,0.1863733341563284,0.019948257630808965,0.1525033399767327,0.03659000928879634,0.30242875205305586,0.005739127004943008,0.3033246928969626,0.006510452808986824,0.2991468267928257,0.013223325002585396,0.3035542002808209,0.028201815950206603
3.600077876704745,0.3443133323256421,6,5.595316650195642,0.008500959018828568,5.598117883383762,0.009717971314536342,5.580838304301088,0.018897766084602887,5.624027798430394,0.04331057717501062,0.19186027974221406,0.008333962076479622,0.1926102778982058,0.009684944899814628,0.19921481109373787,0.01784042660099783,0.14183565490955766,0.03909954960834641,0.2997055581774501,0.005753100651196371,0.2962811272849535,0.006835676853797268,0.3054870894491827,0.01144672937934063,0.30995134547489633,0.027894531549582966
4.674706973702996,0.5444116839327428,6,5.5937842360207375,0.008719838833852784,5.599365007208612,0.010067571099639015,5.5744628806444485,0.019405464480132195,5.589235804361622,0.039553481634635235,0.1891671301667752,0.008838875288000569,0.18671539752495137,0.010225221776280565,0.18462883360136675,0.019630314950846776,0.24999100806311186,0.038677931816436195,0.3007858045024461,0.006024988679953714,0.2983995081162094,0.007051548496488691,0.31006685068356576,0.01334370172978438,0.2912576691039733,0.02385264992409907
5.149754229278187,0.6360333842198725,6,5.59969864028672,0.009006031126790392,5.605743966291501,0.010291758735311747,5.585038688593405,0.020258765298084565,5.558744204541005,0.044979962069642644,0.19108136955725308,0.008842443289849237,0.19046657070085302,0.01010618336081653,0.1805716953447657,0.02035139771931421,0.2514485587945343,0.040522051691889584,0.29753699337179235,0.006136004601844957,0.29411943072489494,0.007037114023161185,0.30573239913508676,0.013517390958104175,0.31099123715266247,0.03273556299404762
4.527252152489382,0.5162114464478357,6,5.609550702215596,0.008582184092688017,5.61105656603598,0.009628573832580103,5.6078111686443,0.020093161107347258,5.593822549883286,0.05407134547785454,0.19401014425762042,0.00852868542091742,0.20130723116724747,0.009593742760138,0.16461932075173946,0.019762170650353704,0.18957990912952943,0.05226605682261863,0.29829388944011326,0.005900750721689497,0.2971384282133548,0.006534737003174614,0.29363798300414107,0.014773881498951183,0.3402100203633281,0.03640154873751833
2.5557886677852366,0.17360930225647947,6,5.598464485329896,0.008341776610970738,5.5962839989101925,0.009475959702092451,5.60809812014914,0.018711492468880635,5.59223979900458,0.05117123877915764,0.20088387220018922,0.00836036586882042,0.19805838804185505,0.009531992288748469,0.21328231915643858,0.019107493947496286,0.21011036012665754,0.0443771492793013,0.2935246143541887,0.00567742107104134,0.29580195201517684,0.006514751664988442,0.28044292323825976,0.012212756012949222,0.3187120062310454,0.036127889263999506
13.382414124265779,2.0819228242977705,6,5.600242633214201,0.008661905709176692,5.60656313962679,0.009808832867823056,5.590520902068355,0.021550713393663115,5.557587805213769,0.030333018410246614,0.20463385633378392,0.00860219112982161,0.20869247831737217,0.00966927729487665,0.2049327082048442,0.021845154268094625,0.1301508667225679,0.031084916271677653,0.30047648980205843,0.005924021358847243,0.3006274075361386,0.006722436154815153,0.31144430825932523,0.014098070584076,0.22753707539374962,0.022395900206503134
3.899620582422358,0.3985044135181034,6,5.603965742719934,0.008902879759214971,5.602328784795068,0.010481130459399815,5.60165597370125,0.018796771792419443,5.633354963234776,0.03814761052498459,0.20402978755290874,0.008797439545530264,0.19701141669636682,0.010369639242987491,0.22015100652871242,0.01866947305528494,0.21962320289932508,0.036491610065442076,0.30103149916629035,0.006313108968361185,0.30644858260831453,0.007426042345242995,0.2869078548618967,0.01351669785763606,0.28069421307511083,0.02624447904335688
4.098074711408117,0.43521541506076816,6,5.599417530572703,0.009052397488194289,5.595193332685456,0.010398667179159932,5.608751354693607,0.02089170869759829,5.639631144490152,0.03889270292467893,0.2059654547003803,0.008961415024234315,0.20704677142947592,0.010300786148084539,0.19108510235420845,0.020516087867409893,0.2342558195307352,0.038247287553611814,0.30808572230107156,0.006453368058411847,0.3117696278685085,0.007345839583027542,0.29049539932786167,0.015201435113229954,0.2942558531005504,0.02848226516713633
2.747456173368846,0.20213602454546922,6,5.612639329726036,0.008481117277365183,5.6132301466545265,0.009791459746102495,5.610310338122292,0.018536641568882996,5.609261209318564,0.03714922651102533,0.1925065015480374,0.00840143709986796,0.19340199687514464,0.009911911862492207,0.19431732217752637,0.01794164741100729,0.1801198760564252,0.03304201999045099,0.29926116496009914,0.005760420841399859,0.30429440766646876,0.006800511245325442,0.28780138197513205,0.012112280644575821,0.2705949730812951,0.024327386974099533
1.9756164407881442,0.09800612501621589,6,5.609506389553497,0.008349640317833173,5.609964556810003,0.009475995575429644,5.617432554504805,0.020422072332568278,5.580076521502261,0.03550312880723237,0.20770285756413354,0.008398737499974591,0.20590460128149912,0.009552004837039507,0.21749855095621334,0.02027795935241601,0.20216940106197212,0.03596081868804866,0.29777401622459937,0.00566061612518454,0.2999955128475192,0.00657817019805122,0.28702422265592964,0.01257052879427789,0.29942365360134154,0.023214262026604832
3.6974581607064465,0.361748505475381,6,5.593320996636066,0.008610100712359282,5.593452233435394,0.009630982859143628,5.582448939241943,0.020744595941781734,5.650112238755632,0.048151150982128514,0.19869542841956062,0.00861730141169271,0.19388149030385726,0.009692223415042178,0.21847209714375693,0.021798220160709716,0.21622921385350843,0.04107815354687888,0.29599471395164934,0.005916099279555848,0.29443150333349627,0.006620481626030906,0.2991924890885245,0.014867489137116092,0.3222782561567883,0.030839992034527627
2.870532900749822,0.22123155771935463,6,5.606132209376241,0.00848705821998709,5.611274942464627,0.00979143891911611,5.5889828545747955,0.018451968608024557,5.596947103862516,0.04946811176289299,0.21368496782919666,0.008497987446018374,0.20969674716791703,0.00981910918819692,0.2211734895218337,0.01857065325761207,0.2513704048698119,0.04514967856980313,0.2970443575193816,0.005767471616193492,0.299686757492185,0.006740985140748525,0.2899660434167779,0.011802170331641364,0.28519941518683994,0.03304908104884352
6.554290508909617,0.9076994988567406,6,5.596730472495775,0.008579506393031807,5.601916488452853,0.00973056052623422,5.583220631500917,0.02044581370846149,5.564942689500888,0.03815205314359673,0.19116471716296354,0.008676666031913914,0.1895212364371247,0.009899907288629639,0.21871263229231427,0.020375065921755822,0.12647455774380578,0.03703386983865469,0.3025621667395999,0.0062173680119362905,0.30102558826813786,0.006996988264864955,0.30500122159375104,0.01456198296024366,0.3060386108063899,0.034011081826189976
2.147849640896311,0.11857649863589352,6,5.586259506752161,0.008490918545425106,5.5858591765801275,0.009730502840790443,5.581747629537693,0.01960226461377799,5.602526296881315,0.036861063259493794,0.19065925951989768,0.008595872917561117,0.19229419579896553,0.00977593353325591,0.17702851083794677,0.020219855126593626,0.21499085434709664,0.039871968760917385,0.3060479837853556,0.005987144086511566,0.3078399610903416,0.006892968614778824,0.294516178308991,0.013453637641484535,0.3190808445721132,0.025885129467055696
4.648221996918437,0.5393357062955189,6,5.598118838473693,0.008223098713858816,5.592088076560263,0.009332498079669033,5.624338193028631,0.019886283808817108,5.594769033260602,0.03395773127550017,0.19903792423936761,0.008218776542099581,0.1996798306600388,0.009320478517302739,0.19636760480816695,0.020558417449563573,0.19412931054879073,0.030620941266803876,0.3013002875031854,0.005736503225732344,0.3014244076268799,0.006587385416937422,0.3098844134074081,0.013624512484090894,0.2687569945563651,0.021411068538069716
2.2396217896894086,0.13021724918309752,6,5.599933495806728,0.008476753787771704,5.596044996888261,0.009529494339402594,5.612858148578619,0.020572215679595496,5.620547980585836,0.04242697269001988,0.2116773694105894,0.00848357245460574,0.20946221456059552,0.009646204318202909,0.20937849822393662,0.02014220108402018,0.25491805907988674,0.037846490003373486,0.29487224172539894,0.005869699457388316,0.29526667722348404,0.006533156273526675,0.29189740672777564,0.014768958645910914,0.2960758119603564,0.030273907585338537
2.5400364581873873,0.17133505975929314,6,5.602209235118024,0.00858878543054911,5.600042903607301,0.009750190030994843,5.602681669838642,0.019863049007436018,5.647750838359105,0.04530835079702908,0.20043639566893742,0.008651002829784772,0.20473320442540013,0.009796364865867881,0.180089453092513,0.020741337053526324,0.2096816168977041,0.03938482888899233,0.289266623096764,0.005798300952116789,0.29020096335083373,0.006556222504196119,0.28733176463122306,0.013594433377562307,0.28060936245376056,0.030279690764221146
5.895794398908038,0.7807253553345508,6,5.594747962679341,0.008311311704798083,5.591406060962813,0.009462668359750572,5.6161071859831315,0.01929842163490195,5.55272717136912,0.03917869562590634,0.20329921059522194,0.008221488336388423,0.19629993841596827,0.009399486021120214,0.2328089822084361,0.018737370468394545,0.1877048093810724,0.038931313535784384,0.29397611440688615,0.005738219062240346,0.2941414054221753,0.006567704904823448,0.2951834434961137,0.013092538299061422,0.280191149339547,0.026443269483659108
10.046226253194618,1.543461749146296,6,5.598534028106734,0.008729772592920522,5.606526870630109,0.010058558557294928,5.5490557488125205,0.020116823323840863,5.653748016390382,0.03498143632419637,0.2082206797807966,0.00888123805525632,0.20552623836464284,0.010226528065155636,0.21203133797140583,0.02043979012741856,0.21996698000868334,0.038113910992063606,0.3061210694079901,0.006285123098482118,0.30315761282027576,0.007118054624285585,0.31600815676738386,0.01493002860758815,0.3111978300297692,0.0291162974051741
4.3295400441857055,0.47866808685533363,6,5.595029974648523,0.008739699589032333,5.591414226648518,0.009702361146004028,5.598000511074434,0.023081995941403078,5.653237639857741,0.04053892892418266,0.20024967126666612,0.008782764185881689,0.19627558075393287,0.00974570180630232,0.2127973976895924,0.023071827222964927,0.23293126801168718,0.04062043349792252,0.30901141067944554,0.00601520537191534,0.3059075371358176,0.006644086970574254,0.3210127311139084,0.01627565172786294,0.3240075915816824,0.028695925227152495
2.017956335155759,0.10290323513337508,6,5.590820983765444,0.00862407134561869,5.588238534011486,0.009624774927527358,5.595489600006484,0.021785232161745084,5.614879434461437,0.03762280686982513,0.19388000025366764,0.008680548930076274,0.1958143781571603,0.009791237680844781,0.18048313837384716,0.021559454799843152,0.2049835453544472,0.037340775623570806,0.3065246121678395,0.006020473696527584,0.3032748775845642,0.006827268795812719,0.3160348706038356,0.014969373303082031,0.3153135770419598,0.02527964193765442
8.399564407780417,1.252832161117843,6,5.603954047277975,0.008867793995410728,5.6015450887793286,0.010203527107965188,5.6316616287711145,0.020356717081214858,5.56912945496627,0.03657123035732759,0.1925264854913068,0.008875357654100307,0.18689491324379992,0.010184915730079633,0.21614680335615244,0.020119634903455676,0.190657990709996,0.037908727047489016,0.30062947412115637,0.006044712765783987,0.30594711591972046,0.006963415446619412,0.2730448637640615,0.014165250546712268,0.3008012521132118,0.023615062940765288
10.35894847974123,1.5967239973950407,6,5.593957168036427,0.008705496195038239,5.591902074121764,0.010171805717026527,5.604203139535343,0.01885953708895005,5.59526267694018,0.03539114314289211,0.20179150955078168,0.00867712571557341,0.19410321841955389,0.010257750470597269,0.20197105217874356,0.018168167688528754,0.28956079899680626,0.033221843445140016,0.31020495024871586,0.005973673992734415,0.3152495756354463,0.0070498519190356265,0.29105321982832144,0.012404702584679945,0.29512925631218595,0.02442225134690797
4.3268195016135,0.4781539795296476,6,5.606204382957926,0.008854225204934354,5.606405051398932,0.009854166607501628,5.622382213486957,0.021676042199475658,5.546986750260233,0.04561494974069018,0.199571315330425,0.008860787644732655,0.1999026787254173,0.00985929180056117,0.19951749926257548,0.021272860597689493,0.1790454719890915,0.04942485292034101,0.303974104825931,0.006154532714259101,0.2991160037891339,0.006957217889804681,0.31960485068301236,0.014180847138049554,0.3216736426547718,0.031441139205675143
8.572857134466176,1.2842248355627852,6,5.589503444277694,0.008690624828232843,5.587673653208639,0.010051717617898397,5.585292163102828,0.01843294844344284,5.633029130436675,0.04005074441164668,0.20062678675604892,0.008538570416589078,0.1975351540735459,0.009825584136439532,0.22434519364383296,0.018659097244246692,0.15010596282331054,0.03973361280873572,0.30151219172023014,0.00588343746893002,0.30796950691357505,0.006981203891422303,0.280554480575963,0.011704613019582276,0.30775498754141517,0.026751187750850686
12.803274536083336,1.992935284151335,6,5.592337190774595,0.008353145672741511,5.583859957080498,0.009309314406788886,5.645918432178775,0.02160679668393858,5.559321273291548,0.034593531041083585,0.19366969379050725,0.008492855891630367,0.18901713795039138,0.009463898575246819,0.2184750381388883,0.021549534010036196,0.16850269424187506,0.03843223824780002,0.2966912206386304,0.005704450577532324,0.29265535099773127,0.006343537469359447,0.31345907764913866,0.01442898741231254,0.2883949323982749,0.025324557557053793
7.369980172792566,1.062558877600891,6,5.59074699559082,0.0087140841249972,5.594786966854446,0.010082050073285831,5.578842081511296,0.019506323568789584,5.580745127374974,0.03962120437485514,0.20436108297231145,0.008716873359000305,0.19404555081552427,0.010003775393715672,0.24938626771014147,0.02014825724816361,0.1896874395105984,0.041541784693758264,0.2993671818688303,0.006163917726097736,0.3025456506466933,0.007289429812578164,0.2943414162156308,0.012964338673656456,0.2928704798302722,0.026784963625065883
6.896723008234403,0.9730992801248585,6,5.5885227807251425,0.008625697074027164,5.580676019150352,0.009711562615191972,5.626028326331785,0.02027081327999486,5.569676783400908,0.045512214507179724,0.2258107587587814,0.008680797038574772,0.2250074851111347,0.009708014312067248,0.21436563293306002,0.02166527631427522,0.28842067861852805,0.04239119370272852,0.30435433394541156,0.005975483689312381,0.30453385243722786,0.006734051103344813,0.2985587572212149,0.014573144951317602,0.3167812559824308,0.027350895465576647
2.7933188467868604,0.20918418290838142,6,5.607246144597519,0.008361188954890783,5.605676692522204,0.009600155380319308,5.60496229701669,0.019118944276250927,5.627959978272407,0.03806674962942609,0.19738712891405416,0.008179482483581472,0.20242651645774307,0.00950184086448525,0.1903330406096282,0.018204592823807528,0.16162740971906486,0.03447232646338908,0.28850373036225124,0.005638979046626656,0.2888672271876728,0.0065379716508788994,0.2816903529475939,0.012345321717455287,0.30008844900162424,0.025945151653105993
3.837198968991288,0.3870803470330987,6,5.6002891157785655,0.008549536750607125,5.596246079283498,0.009632224538562576,5.623400647325236,0.020786335719595147,5.587231269602257,0.0401783177711209,0.19629195470922084,0.008635865077702894,0.19375400937358564,0.009771665400342727,0.19332143889838815,0.02079488249793285,0.24754493032150193,0.039992489774171545,0.3004157000326706,0.006349709218886136,0.2979444139714544,0.007169432674738187,0.31061387568611537,0.015536012017849626,0.2998743404591878,0.028451784047122505
11.528304593244684,1.790597461144228,6,5.600733624845686,0.00860222970973954,5.591072166240046,0.009982866591441705,5.622475567163653,0.018270370037305753,5.668856058881877,0.040083660801884476,0.20012226919347778,0.008680081410503731,0.20085232197895742,0.009993841915810526,0.20447907363709056,0.018854577608489034,0.17790710038925112,0.04426079792145831,0.3031047879008999,0.005972594007383166,0.30872575331493785,0.006978912149422451,0.2742518806116187,0.012345340906153905,0.322043591847469,0.02900191649776763
4.557852808749885,0.5220511032590456,6,5.589462012718549,0.008659867063771184,5.595576181333965,0.009876725975147108,5.570727088282443,0.019299178347732298,5.553974914119556,0.049390833216125085,0.1961474315692452,0.008537326183624443,0.19743014731600528,0.009861946907696052,0.2006292683733734,0.01876594974250111,0.16047317421806784,0.040630639339159766,0.3104310024277087,0.005772243107968917,0.31003048683266454,0.006618703693002779,0.3041858737796501,0.012692024745317903,0.34854893002809917,0.032034092811855146
4.774520772130927,0.5635789718399514,6,5.611693773414989,0.009004839590704366,5.605698104300574,0.01027255216325193,5.648031515229388,0.020765046731054032,5.574367810252769,0.04043801615775815,0.21170592773574592,0.008720256649308283,0.21091786054272102,0.010018484157463262,0.21957103182503693,0.019983654896949084,0.20187306372070518,0.03704967309864791,0.29631213109923166,0.006257689212237383,0.2979789266742903,0.00710900470095005,0.28631352329430076,0.014744159933830695,0.3022523457607309,0.02755691131636994
3.9787814344017534,0.4130799894630681,6,5.6006165202484395,0.008784056357365328,5.597343062420248,0.00989714108967381,5.6257422209426435,0.021085141573425444,5.564692049563814,0.0424179320560343,0.2073024240659992,0.008780672496401758,0.20837275063736885,0.010009322590343674,0.20433322784078012,0.02035090493389681,0.19968439321281078,0.0424234727820398,0.29752328846758974,0.006044382500060729,0.2945062928984236,0.006900841198794957,0.3010310555174318,0.013754306284705161,0.33029558869639253,0.03013909178732949
8.650510541847325,1.2982309841215376,6,5.604911844703129,0.00895674251198037,5.5944930289960375,0.010119117703972334,5.633774078073271,0.02018785610529495,5.642105395288524,0.034809466123715105,0.20497463035089003,0.009036326499902804,0.1995720499820531,0.010140670613976062,0.2142637209644751,0.020479787331509812,0.2459507194156899,0.03987902922004639,0.31186023566010074,0.00622184575911458,0.3171167755187543,0.0068869618336004305,0.2894349069844771,0.013579089525609043,0.3159761765835539,0.02600912600373149
15.861216527526267,2.444170099302505,6,5.5915675270831855,0.008522472991918318,5.588594308413551,0.009487327092610067,5.572702404143378,0.01949486799781691,5.699296714331633,0.0412238152774245,0.20412305519198826,0.008407483332594834,0.20963022771203083,0.009747256452654436,0.19329151811458808,0.019027112650680002,0.14519656417438934,0.040347879217930004,0.2950990325178337,0.005833232296070638,0.2948565678751757,0.006505415730951662,0.2797261504570658,0.013708388855306364,0.34224213163499545,0.031413196270263205
5.969690739206271,0.7950336762788177,6,5.605824775378422,0.008188570074785474,5.610592074096788,0.009354365115207286,5.588161950559194,0.01806532545749615,5.574916725647561,0.045555201644509026,0.1921075934953158,0.008136815365569764,0.19259986766311382,0.009121167253858791,0.189755155955291,0.018631689221969977,0.20478376795226075,0.044444577492309276,0.2921989577594179,0.005476853865196962,0.2999223922331493,0.00016535376904227206,0.2686763641632053,0.012329914081037997,0.27541153768363835,0.026698890697296838
7.821979858592385,1.146863980986455,6,5.586373099222133,0.008584672336638592,5.587947776958662,0.009912027927638714,5.567519978033583,0.01857366691388326,5.673944613623954,0.042975496127201765,0.19954736724476607,0.008435933707834449,0.19782538398219648,0.009810521379582481,0.21329919171389522,0.018022022668174896,0.1360827739910389,0.04030510107944575,0.30003389872884,0.005847924573196304,0.30264377693557765,0.006799320349999103,0.2927888990052675,0.012816098965657309,0.26926991675766404,0.028278341947334643
7.281343694252428,1.045892696633076,6,5.6028360471372025,0.008695019946660864,5.597586037690081,0.009921932809051237,5.625292872093069,0.020558813700497263,5.606245282648981,0.03612097177137879,0.19089687786976897,0.0086943445740766,0.18744916353514968,0.009867905205931803,0.1793959592446387,0.020921614715609077,0.27015904053958234,0.036439216888066506,0.30333609285184787,0.005913597650694536,0.30323764696467753,0.006705104609040219,0.29657477475018473,0.014234743451734156,0.3145808309577355,0.024319228694485842
6.862919381528627,0.9666666588595115,6,5.599431632497966,0.008892364504908472,5.608741907019891,0.010016532663916179,5.564031581626738,0.020752058522610955,5.5668490796106145,0.04931921846216457,0.19890157943339346,0.008852289177751726,0.20570067035653095,0.010191796200897324,0.18154907986417282,0.019653245733956652,0.1542600531834401,0.04112860737423955,0.30031930870163265,0.005953077838168818,0.29860341847656663,0.006822560602009703,0.3044006706786277,0.01326142112961969,0.27571417227708606,0.036363738100482684
8.592135369806783,1.2877055391913648,6,5.597698815604965,0.00833548001465982,5.585094585228955,0.009415549921326484,5.637505582289379,0.018986876671635657,5.651139791742596,0.04575275174410587,0.20506528445522798,0.008244333347367338,0.20409513004541316,0.009226136540264357,0.20218059810325464,0.019302180080674983,0.24311303191517128,0.050034173598183115,0.2891768330273219,0.005738376040039663,0.2875036829859345,0.006569329920956747,0.2905585037911633,0.012106250755903367,0.2934928628145171,0.03636641062821741
6.252989866858115,0.8497662996823898,6,5.59839131531254,0.008261035688083097,5.595258475519306,0.009537469758034493,5.601984305926305,0.017973770354160815,5.653348425833705,0.0453731843888255,0.18735581911366705,0.008123744630296914,0.1854220344209372,0.009434789127463698,0.1938035052136257,0.017347754900630074,0.1784397743249171,0.047292951685575686,0.2850229530001924,0.0055980793365674585,0.2896430383083663,0.006459986646864064,0.26131820628561137,0.012139120014581796,0.3064184342000044,0.03313062441021924
6.784720171344816,0.9517654918625272,6,5.598695401960107,0.00879766298453266,5.602106480863138,0.009872267742461482,5.576095919073556,0.02076417572311911,5.658720853557496,0.04929874018618744,0.20569711848329708,0.008971045028827158,0.20590208910390229,0.010053100810037616,0.19981684074801087,0.021803953886322707,0.2128915876947961,0.04650509130003694,0.31302883423906963,0.006141629318219855,0.3076123927014449,0.006834714574149349,0.32519619124139165,0.014944057150547292,0.3664886149128492,0.033054150430187945
15.290935874232673,2.363347805089185,6,5.602421763690683,0.008275768436803034,5.609923355521162,0.009681792710131726,5.573243720774111,0.017442393788129437,5.60744603671345,0.04108824306241255,0.21087719578410305,0.008334505005920315,0.20407445961525156,0.009721720459788348,0.21814747502535714,0.017781648645290252,0.2700576950236684,0.03941425005013343,0.2949567705116397,0.005700966438905413,0.2973660313400576,0.006741146214372406,0.26871394159523104,0.01165976903554453,0.34626430025682275,0.0263221836686072
10.560847102518892,1.6307891620048849,6,5.603336500965839,0.008679948730945422,5.6084724874992755,0.009804327711325117,5.5584340113035315,0.02125963367228509,5.6626654513602475,0.037394935912799,0.2035735824083869,0.0084897861731895,0.2100210707580178,0.009494846141673218,0.18139207237177582,0.020516031362002973,0.15851531344840286,0.04568293014542899,0.28407324792908767,0.005888964011595813,0.281423081260536,0.0067017533130189644,0.2897616492957932,0.013871348531895191,0.30239449890347286,0.0264666579172752
2.4123432482156204,0.15331994078067687,6,5.599242803830988,0.008650236720854614,5.602797100426148,0.009852999502092577,5.597183346353654,0.019999869011080137,5.545597128017839,0.042780663409637903,0.19688718639901193,0.008644572134672434,0.1980558838321203,0.009792161887380956,0.18837131883660896,0.02051825354670582,0.21099701275922034,0.043301704071725504,0.3072650301536297,0.005987584546957432,0.30524015660468196,0.006695303111504737,0.3143415694147429,0.014950669043585704,0.3178458835437825,0.02962416999168736
4.933359664079035,0.5941851408913745,6,5.6018492697157285,0.008454619393095296,5.609291972984352,0.009516591731091498,5.58265763096697,0.020562536845381386,5.547870271310459,0.04025368239646178,0.20324192056455473,0.008416331070112835,0.20567632850477394,0.009423120021114104,0.2030837764901537,0.020910979585065218,0.16802189814896695,0.0411176090207771,0.2934243605379174,0.005724881815344283,0.29167608716291016,0.006434647626765183,0.2965114186728807,0.014045392487745565,0.3066686957772966,0.02768105865259902
7.887431461262167,1.1589736012115057,6,5.61289661901727,0.008362399820650141,5.614591427476626,0.009617869453592939,5.60975020620282,0.020634223991657496,5.58310711928546,0.04469233032395753,0.2001759740965753,0.00835659139867767,0.19473925805157172,0.009544507495810385,0.22536319508023972,0.019899120505056732,0.18843275319841102,0.046349384619244184,0.29228040522410337,0.005648796492278187,0.28574998929995504,0.006311018564460088,0.31162911425740936,0.014066793279396696,0.3381300395749672,0.03191059062255886
2.141711995078367,0.11781440593876229,6,5.585735051886973,0.00874501671608063,5.589543466653255,0.010014746569968884,5.5693276075965565,0.02081920352445284,5.585415727504555,0.03457390705710976,0.20371257573223583,0.00874870754886469,0.20538865606689038,0.009972628285468778,0.20795444269442226,0.021128947786861575,0.1648172645559288,0.03635580674866762,0.2938804332006136,0.005927417678084383,0.29411123329682426,0.006785343421657144,0.2952215591048604,0.014089241803436821,0.278611464736396,0.024646383599030288
4.185007732012309,0.4514631420621621,6,5.612855869343077,0.008277407934703253,5.611327539117492,0.00930713973174964,5.619781625962969,0.020773535823561434,5.61730383081391,0.03802563926384931,0.19836778189176216,0.008234955845966322,0.1937137872386221,0.00928744927265276,0.2030544859180092,0.019897763807405648,0.2669417099289713,0.03948872126093978,0.29303242550038305,0.005657535505756436,0.2947107489043079,0.00630478169332458,0.2867498644482864,0.014479293565100384,0.2827394642962826,0.02769782017064008
7.744896550604608,1.132569866696428,6,5.608967501232012,0.008414853903895894,5.606121288221482,0.009363637197714542,5.606373326200002,0.0208504021533641,5.688605985056286,0.04438898350862212,0.20731786548869524,0.008407676182199446,0.20342583828026167,0.00933900820831892,0.21161373787612178,0.02146189938688087,0.26446451647051816,0.04150200882720516,0.29562073838153924,0.005813910200544161,0.29158007376750683,0.0064431832981336114,0.3055836903268193,0.014922504814980595,0.3240464220055038,0.028386058520009683
10.677207338623703,1.6503082463949055,6,5.598884198005012,0.008536945783796187,5.6082239831062,0.00963366208448444,5.560408110483974,0.020578150102054407,5.58999632627049,0.040251153119293365,0.18552054108302174,0.008446263244955496,0.19533756134391264,0.00954970179719184,0.1581035893691009,0.020272315122487727,0.11679228832861643,0.03959596449565137,0.2977024285773543,0.005926280090272815,0.29841931177644887,0.006682595276100303,0.29593173704461945,0.01429127410206531,0.28217978461695675,0.026249248324895724
9.078267515884363,1.3747016046972746,6,5.611423245952813,0.008818567120563104,5.604406142290765,0.010247834870953676,5.62245013649354,0.019732891341804774,5.68717299084418,0.03585976180923443,0.2019129496307751,0.0087555632692151,0.19344809923950676,0.010377138080830213,0.22116846784005922,0.01859636498445285,0.23721671513338102,0.03195403697252158,0.29979283153702885,0.005889674616406493,0.30397450372696,0.0070362590164372895,0.2913094611280927,0.012135758344563718,0.2640935044115632,0.022494469661167846
4.2166440362198045,0.45739838183942144,6,5.620606692105281,0.008750429527486428,5.6219425977277835,0.009985242902195391,5.629775918517183,0.020554754917744802,5.5721458795539744,0.03785782450071738,0.19366946363716073,0.008753490942210495,0.1892539288284247,0.009885950654378294,0.19834530182995236,0.021110255235822682,0.2507397301662587,0.041104855714405426,0.30906563628569794,0.00594256588360039,0.30995706477067464,0.006685252607200657,0.3042911209572314,0.014484946266082164,0.30314141217233037,0.02860787188505838
13.798377882267232,2.144769259209144,6,5.609136169822965,0.008916212495210992,5.610209411182081,0.010247016895739404,5.592222828111074,0.020375624426825924,5.6637195003925775,0.04268617211607112,0.2090091529781235,0.008790185668020643,0.22415574241763203,0.010096549233948305,0.16218716339430528,0.020524864598415692,0.14854014300818788,0.038685446514089984,0.2994669414492757,0.005999391195935175,0.29591883620818915,0.006919930171703348,0.3148583086666186,0.013930686314655855,0.3026927850814775,0.025903044939590152
4.1508774314279435,0.44507316980244466,6,5.593727734314226,0.008543484532890736,5.590121595502128,0.009653214218007548,5.603371712820045,0.020123722133287482,5.614341699983345,0.043523676964694905,0.19459366797751723,0.008768757443415877,0.19487739974115978,0.009979381730292239,0.18025978757721206,0.020348337600217044,0.2446183465960365,0.040930044724407075,0.3017636330772672,0.005935353488819834,0.2986147493254561,0.006816372848624599,0.31585953166042813,0.013468762292912963,0.28637302454315056,0.026564165030125226
1.561330693672062,0.05603116534278738,6,5.587522108832307,0.008668878943048115,5.58538151266064,0.009944987102489573,5.589645294770848,0.021265346002766874,5.60636802898172,0.0319071785098446,0.19057528485605815,0.00860920635671954,0.1904049046700262,0.009835319952676658,0.18062442432481993,0.02105166813830064,0.2157672313849729,0.034356991253735994,0.2983116874250376,0.006034708982584218,0.29922608861302735,0.0068960713458710654,0.30020949390491297,0.015003383914472234,0.2866122691873196,0.022544113462837172
10.3026280705526,1.5871764954237093,6,5.6040225998470765,0.00860020134102597,5.600996864304409,0.009748303431266075,5.611660122078354,0.01910496189576508,5.646759127803638,0.05627245756016593,0.1851420848249239,0.008651221149221159,0.18526264988420055,0.00976031712933385,0.19726667413236565,0.019485866559455698,0.13684370483222666,0.05332176443074902,0.2999544412141332,0.0058946112547804625,0.29608011425396424,0.006713771157302641,0.2985829658805322,0.012717724538924738,0.393362964933736,0.04147247135563555
5.346691019498394,0.6742124077445861,6,5.60808969910334,0.008658871068491872,5.605747452626859,0.009679695614374663,5.6414220126413905,0.022906213336636984,5.556701637359289,0.03487502333862529,0.20480776873257678,0.00863076520220431,0.20438936933337729,0.00970288678746402,0.2029594571186223,0.022852545541896186,0.22266593119943964,0.03326665304955857,0.294976250444613,0.006018917138829734,0.2928019232074495,0.0066223698380863715,0.30612474235999687,0.016997474000573085,0.2889449334522472,0.02586969501163754
1.9830199414864182,0.09885473557745716,6,5.605238596167482,0.008811439443866911,5.606461057524747,0.00995248833118943,5.593310217402773,0.02117724294094146,5.635595022082932,0.04104316937251091,0.19936191584005863,0.008768759695391693,0.20301163989771293,0.009950899792702333,0.19090561966301678,0.0209281046994001,0.16615831273391093,0.038914048195001494,0.3089988719459174,0.0060034771063663854,0.30982233807550524,0.006808526130080734,0.3071814329068535,0.013928806702449538,0.28976201641793253,0.029870027859302147
12.8515321030427,2.0004179056717875,6,5.606260475498878,0.008111372887201351,5.612645750371605,0.009214407444402667,5.599344291565984,0.018417058004635552,5.542773751145729,0.04174222293030081,0.21024386679480075,0.008257798360567324,0.21220971356361684,0.009447384325869149,0.19293847530120392,0.018077712195260297,0.2781299826237127,0.04481664234359322,0.2961941359780778,0.00560388558993111,0.29499280294002705,0.0064072092567500375,0.2850117835898799,0.01196383579925006,0.36186137618688075,0.03270346456793522
2.226039652596228,0.12846579582233902,6,5.572600939323855,0.008801561522600703,5.572070173357787,0.010006333897306463,5.564202719265973,0.020700836791479372,5.60953063001059,0.04189746832687958,0.20296889382580263,0.008695825393920298,0.2021443808885192,0.009777050745969733,0.2070142504536292,0.021068683618667865,0.20755360665487954,0.04458174127087945,0.2953102329410759,0.006410768068863723,0.29590639319858336,0.007322680610949484,0.2870211068617572,0.014280732120318107,0.3215305911438075,0.03629451403749174
4.326514332409715,0.4780963155706927,6,5.5821748542013925,0.008637266146451395,5.578913926015675,0.009855316184875729,5.577591128452528,0.02089132733371222,5.631214100686447,0.0338769061286107,0.2038162093511645,0.008683674495459119,0.2062988192418751,0.00987665375844975,0.18096782191368663,0.021747342639795778,0.22758637499982382,0.03368858813202061,0.29645678069931847,0.005979460875559133,0.29441650796002167,0.006805217295771183,0.3026408255010831,0.015156747171218557,0.30373831900678194,0.02234092595711685
12.343667774141068,1.9210394388232892,6,5.593110345305321,0.008380605012395525,5.586438522345018,0.00971161070525552,5.605204659977216,0.018238604873584554,5.662835313906225,0.034547673196834244,0.20402411793520425,0.008363111851890342,0.21043349566086322,0.00975486260166959,0.18390171605407546,0.0179296827446985,0.19181347125018833,0.03144458987056767,0.29790496445787973,0.0057585546664007834,0.3043709942237548,0.006709692427690762,0.28216407701094054,0.011978679845603952,0.23318338113804715,0.02630137089266443
11.223805177840404,1.7409012112035152,6,5.591856068564985,0.008289473919053407,5.585935785477399,0.009402514313497921,5.598869124805749,0.018586369717373957,5.668369789288432,0.0502525552595276,0.19658326183566327,0.00823266231680189,0.19355218407000735,0.009322139653373961,0.21473001022501736,0.018887169211357226,0.17116553594842068,0.04692987019144125,0.3011669086440764,0.0058106645744216475,0.3010200014021788,0.006522481740037778,0.2881134201996326,0.01290021952963628,0.3813126329343306,0.047436883393959274
6.778004435254843,0.9504844799559368,6,5.590770857124175,0.008709806557865834,5.591722816154255,0.00980163570136276,5.592123279036599,0.022956364472826115,5.575099142479727,0.03339385566959511,0.19419116042985274,0.008668940442968419,0.1934503800992432,0.009796476192734676,0.21895463607090468,0.0222676078273669,0.14596818309630757,0.033037746016565485,0.3018806726605399,0.006062501582397296,0.30392427304782443,0.006842285506877445,0.3073051900979947,0.015445043151732743,0.2600652079091707,0.02292863333923786
3.1055298312858213,0.25918827314769505,6,5.603113532866613,0.00902280895636051,5.60310859950368,0.010060991026673322,5.586759757970766,0.022327775870542917,5.646135593561266,0.03761431979614572,0.20961566990639213,0.009052891409041992,0.20765678752397343,0.00999523134527949,0.21081941490248357,0.02282766977019713,0.22132891793703974,0.03877695989235015,0.3124580137863881,0.006185064396275919,0.30924824475189006,0.006899368219242649,0.32071643835131736,0.015565911431415815,0.3310199249621902,0.02703554716634255
6.222978988022078,0.8439789127479445,6,5.6042071959699875,0.008617646904870995,5.603741072226237,0.009828600037167614,5.609828074497071,0.01963598782614409,5.584058239865468,0.036142575557152244,0.2012994876534525,0.00862048436602941,0.20069942881712818,0.009763165005291733,0.22671162493409494,0.020666684450879044,0.13802599162981685,0.03354706562423119,0.30663265858475847,0.005982047567147711,0.30766851561534453,0.006805689377095292,0.30906603357976076,0.013716597392871897,0.2824794510136437,0.02484956282194745
3.2761168285796884,0.28782845477795493,6,5.601450449972974,0.008776122150147548,5.602548323379763,0.01005257004034685,5.603527677859608,0.019751818700391024,5.577173572563654,0.04264170016412243,0.1951732149513824,0.008751948438030158,0.19889457169425007,0.010169729719871493,0.19627413936386617,0.01897916683298422,0.13421600726490032,0.04011654433713971,0.29940403303719626,0.006190665422772342,0.30001939398750505,0.007138086442045793,0.29422199990391734,0.013618448112164958,0.314141610740708,0.030250745381339653
2.2040995150600793,0.12565737897565488,6,5.599149699071712,0.00835606935372314,5.5959163385300865,0.009509324406874865,5.607994195703662,0.01869751560444582,5.623542969542088,0.039027751581986424,0.19565578584916643,0.008598930230995852,0.19826011867257928,0.00988369105910841,0.1909226869720394,0.019142168962015763,0.17317406513530414,0.041613463060302364,0.2994658376875175,0.005936735521382387,0.30206062849319215,0.00678503276239662,0.28658673407952306,0.01338418045047698,0.3099736216660527,0.0319773416591663
9.761198379361304,1.4943834862427121,6,5.611869631877387,0.008548101840358686,5.598643495694521,0.00990843104726929,5.66138606611524,0.018311215056377082,5.593358603856457,0.04154090454657095,0.18511603156763773,0.008442005018632842,0.1882552990218111,0.009788438082509109,0.1755591463529137,0.01829833285064941,0.17822305838492944,0.04041948246886245,0.30108747165666505,0.005923140422317715,0.3018095895978311,0.006900772023156009,0.29945868762470207,0.01263429155328679,0.29533519185900114,0.02722101931797063
3.534749045575154,0.33272630109478263,6,5.578641005428683,0.00833833098228623,5.580899913823197,0.009602953340450728,5.565789840837712,0.01937516939443046,5.581424494298153,0.034088139920940896,0.2015768374489161,0.008109568062274853,0.19696811467804834,0.009276310978314974,0.20495483782627746,0.019277867611996454,0.25202120957687457,0.03361839900172882,0.2888897936515497,0.005766991119944161,0.29124958581044863,0.006699326949890819,0.2822452400278589,0.013727136347489306,0.27955945789812187,0.020168865649627908
3.5967874046764337,0.34372755229778784,6,5.61008743703503,0.008848501598964028,5.613732314818243,0.009830516814888925,5.610919780226386,0.022506093114593853,5.536381838561713,0.04336040251073902,0.18991046700285383,0.008714318189991936,0.19171413061964632,0.009762346723854605,0.18916223274098423,0.022191055563456654,0.1627654570964817,0.04051826545196697,0.3023622215340676,0.006247303813568859,0.3030198579806582,0.0069573511676144124,0.2980829650905455,0.016563950610868766,0.2959188623093607,0.02835890293356851
3.4504938497702824,0.31792187160509894,6,5.600096307966156,0.008654904563833488,5.595866359954976,0.0101403884923479,5.615105465359864,0.018603214302065966,5.596544410134059,0.03719376835642327,0.19632759447614206,0.008578496469679654,0.19688890746779794,0.00996128342648438,0.2071962872355978,0.018566310114758185,0.14530477879617584,0.035839377020068126,0.3005385611486931,0.005989158143470837,0.3003429882998612,0.007107450617449232,0.30343785284688174,0.012404701936867669,0.2804967237189129,0.026822723086686075
5.248444231925532,0.655158236762851,6,5.589819498020129,0.00806356737144032,5.583503338463722,0.00924317454619022,5.605611615170966,0.018408007129179657,5.6305264298677296,0.03710742125880529,0.20403475469918805,0.0079867227985048,0.2029087059986229,0.00915868275433134,0.20082982067938648,0.018320561465355822,0.22974164191599833,0.03529020894886337,0.28979768053427757,0.005542159253439602,0.28473128595009706,0.006345182639645833,0.3055568676721475,0.012451710131319663,0.2963698206542457,0.028380608522967237
6.316340139994281,0.8619735468682385,6,5.603212419312096,0.008859805646515019,5.6050985734216265,0.009788354509487252,5.59908989014156,0.023525854267406766,5.60218951711479,0.039453922140467716,0.18763177680902565,0.00895778951603744,0.18402224293244718,0.010032583285491304,0.20462588458495434,0.024024243535214544,0.19321621734346087,0.036731493810136025,0.31074064302675475,0.006160431198340075,0.30532263584957353,0.0067092721454403,0.34653778520267725,0.01776902984179613,0.29583750595358205,0.02663897836068775
4.872488601919031,0.5824426861470093,6,5.598999500651693,0.00848810340148965,5.593959854075509,0.009624066820567037,5.614839975540742,0.02083709234489483,5.619232341620228,0.03471044137548204,0.19133058472846332,0.008319942215537533,0.1971806001902294,0.00940481635569826,0.17750568534300606,0.019787831672927792,0.12873820647104128,0.04099996192600633,0.2981477892804093,0.005856336587922269,0.3000191553547226,0.006690758413711541,0.29369511278467914,0.013787352648819525,0.27408495649609144,0.02489696160633968
2.854842017608462,0.21876540761929802,6,5.590657756937775,0.008548128889945638,5.585943012835204,0.009592008223692881,5.613799965892219,0.0200309060461447,5.571213171367788,0.04501392547294628,0.2152135702988791,0.008538457426498844,0.21155687775682638,0.00974382696406485,0.23054557314103574,0.02040771310697169,0.22057893416508714,0.04193634049905501,0.301907462142221,0.005939995163485904,0.30170906893830335,0.00666533441096128,0.30830038262890697,0.014612391878194754,0.28501202324626995,0.028896193253875126
5.514460914331721,0.7067680501494054,6,5.598625707286405,0.008342446761310436,5.5956831835970915,0.00940225191750676,5.610647893720985,0.020836104256819532,5.612804837293305,0.03866476487651801,0.20392555531448253,0.008391705594978887,0.20582220517130023,0.009462860381204164,0.17904324683035208,0.0216245101343254,0.27079146784465874,0.047004601822937406,0.29165994394892975,0.005828266354160653,0.28802341271071236,0.006693465387289134,0.30770841934862925,0.015022513624531,0.3122099859280577,0.02956187324181935
7.149967170582386,1.0211131425205495,6,5.600487115437456,0.008396959842947397,5.600657194617152,0.009639106089125594,5.587981034269855,0.018416474502457075,5.655279409836631,0.04140645480881804,0.200577152800529,0.008359530331332325,0.20680701432600715,0.009513710613431035,0.19379137162473933,0.019073580478562287,0.12708703774237293,0.04000792691646809,0.29376402587339795,0.0057471736511418,0.2907373714505224,0.00668400576752772,0.2987411278777476,0.01208523709235577,0.2968690768338815,0.02928547976402311
2.6526673412590753,0.18783530956047328,6,5.605770023807932,0.009005554599511356,5.603957281654214,0.009997171353232467,5.5998275801443755,0.0217216690857268,5.649301809332454,0.038965924741172824,0.21859877435460692,0.008953004280237844,0.22060966594252146,0.009884326430577751,0.21766002630951423,0.021359965703684793,0.18523094161127937,0.04036077407427308,0.3125424948064107,0.006264766682741536,0.31507188809261794,0.0070379544839647935,0.3025425933406398,0.01523312121036431,0.3038228621718197,0.027947153704263
1.4365709539561067,0.045641426380964474,6,5.6123664396689765,0.008304758514449544,5.609206700587197,0.009300933913319211,5.6264783230786986,0.02049011782708598,5.6204910572111775,0.04252170967391978,0.1995499290788263,0.00825739899732505,0.20186652835218563,0.009297942716996091,0.18480109516249824,0.01990734213957359,0.21571182609366826,0.043968470578179965,0.2941418183701871,0.005649455333524295,0.29316964775220733,0.006360758107484009,0.2984919353575431,0.013741668599966986,0.29837378994106517,0.028680284895623916
4.961072615566081,0.599536037834503,6,5.59892769229921,0.008598340103001858,5.602956343018443,0.01007874190519345,5.574689262943161,0.01877827127479658,5.632571337417362,0.03685084342491685,0.21502094716086873,0.008511088354352736,0.21164884912593426,0.00979035911892601,0.21663006159977913,0.0192231956625788,0.2624792834567772,0.04136044972885709,0.29467232535886473,0.0059448943986472385,0.29518616741262965,0.007044240355304715,0.2857426998960077,0.01296487025166958,0.30453375544583383,0.027263139060603816
5.213104862996261,0.6483078322054476,6,5.590865418413923,0.00872110786634319,5.588686562995715,0.010140984734039415,5.593123297309073,0.01902031467017659,5.619094767110757,0.03766928833892576,0.19832769105928733,0.008816054305499619,0.19618337757418355,0.010214396974540935,0.1938319528546449,0.019202760212064896,0.2518986652337879,0.041487028371250234,0.315527441414842,0.00606814698647753,0.32089613991266036,0.007170881143624797,0.30403485911749367,0.01222425451052796,0.28094268568663716,0.02739132790871595
7.733180376904784,1.1303942015368018,6,5.60187931665978,0.00877759495994686,5.600427354096391,0.009841242948121425,5.598060033850374,0.02137175348682563,5.658570863943389,0.044549715103123624,0.19522355173920858,0.008884021545276339,0.18548670248645555,0.009979589839281853,0.23663024418421613,0.020869468290229974,0.1874282460902051,0.04882524174547375,0.3058180894539264,0.006175762190892518,0.30212558416134766,0.006885556886050961,0.3166543372046498,0.014799235910927458,0.31891338625187493,0.03531727826530263
5.89136384948506,0.7798671443257972,6,5.599496882459732,0.008493164755703676,5.608094229075623,0.009543291524533171,5.572898544040199,0.021756683190636908,5.557172069319653,0.03535703134688862,0.2001038319355619,0.00849201523847973,0.2018579974626873,0.009531043585713793,0.19472222808962872,0.021668736750604305,0.19129620935297434,0.03713144131427737,0.29841895363638865,0.0057584587409113775,0.29578709045695994,0.006364662246322335,0.3166619487610498,0.01609737178575391,0.28522647992403194,0.02387472938951787
1.5708476827421691,0.05686810121271436,6,5.599709796608084,0.008633032460300893,5.598879014044277,0.009803982338485753,5.599296527789572,0.02023436166533087,5.621594116606569,0.04056958922397802,0.20660751855150572,0.008642139298093305,0.20470054848242403,0.009755544488585134,0.21197179971854974,0.020427704349307678,0.22510854013869613,0.04086940636742994,0.30031384401320227,0.005961780435590393,0.3022658804614607,0.006749988498392124,0.2880958958593431,0.013835258213326493,0.31329007289837835,0.025848605933325153
10.345670344380778,1.5944748417335857,6,5.604583574930577,0.008897000201112866,5.605008293307876,0.009931318228624746,5.6056456059020565,0.021434276779668124,5.61502240166063,0.0399096785929351,0.19879167991561295,0.00887391411514791,0.19027923465387148,0.010011089794404907,0.21207628964509995,0.02165856551004086,0.29196102018379494,0.03805867236214294,0.3056360023747512,0.0061699415396892,0.30370338457165835,0.006952164717671178,0.32390281928055764,0.015329815355652369,0.26958302808971973,0.02396554909390883
6.699120120232692,0.9354224345693691,6,5.588370262841485,0.008361480503062953,5.5852518282807715,0.00925007223874436,5.603956916335962,0.021620907115762485,5.59396135865396,0.04641119820950739,0.20792292371457527,0.008394290352153149,0.20988217122057995,0.009220417209913298,0.21006777988880365,0.02222962029588642,0.16025323043098483,0.05001896804680073,0.29746918953838075,0.005870912102474223,0.2944421292125613,0.006308940729037078,0.3015210285432526,0.016319125614041842,0.37449870582129274,0.03909410723729046
12.871274686942343,2.0034755244083766,6,5.5989117928520855,0.008242724637396321,5.5886696867447405,0.009264831130873166,5.641870891582793,0.019125120341287105,5.6185867448717675,0.04533593202045234,0.19908891119160335,0.008308950404674716,0.20427664343746577,0.00938802946984174,0.18660712278922195,0.018957554600062525,0.16394034281998393,0.042873157573950584,0.29113577227667203,0.0057533464402765985,0.28652604323620146,0.006486148070622881,0.2918229239477158,0.013111990512216629,0.3472455420883643,0.030088530580025336
5.875402998470236,0.7767751831302525,6,5.607475863569238,0.00847149617728935,5.60712848410794,0.009775880500145023,5.588907766885415,0.02038406815150366,5.662552064231919,0.03240146089193261,0.20822047006318264,0.008454769621979047,0.20232754477587456,0.009722266533098526,0.22233983975378913,0.020495255398023556,0.23686014874520978,0.033888376595945895,0.29103261596717317,0.0056621797458851954,0.29168085452872483,0.006625027026844959,0.2931000945402073,0.014275733042938507,0.2758902608621226,0.02038118379644054
7.452305908504059,1.0780000353874204,6,5.600454194754077,0.008288695924588026,5.595737048965787,0.009375013298533557,5.630577350396531,0.020479799637641145,5.589659708343539,0.03535666698841153,0.21025225243308598,0.008304983978020151,0.20883264401519264,0.009467539986116021,0.19951187856114683,0.019997386939657077,0.25528360561397045,0.03301896445456498,0.2976493877317375,0.005744270770353903,0.3020492250320849,0.006547570382094427,0.28446720721671365,0.014382772384320546,0.27108500670599045,0.020865894512877656
17.933166260118014,2.7264789004094117,6,5.59480069204882,0.008253402520232534,5.594147753182443,0.009776168752361637,5.619450627260459,0.01629033478843224,5.494470620610465,0.036103765536627475,0.20512132490034773,0.008240269771285445,0.20297963623496554,0.00966142155217465,0.20449687339318814,0.016930480151654142,0.21912407901909764,0.03866554002293235,0.2860417112071391,0.005955622428042243,0.2953258500891487,0.007065918938579824,0.254044999834701,0.011624745871227788,0.2720204994812678,0.023052201625446567
9.246651413574,1.404485413708984,6,5.607077221294645,0.008919842666116872,5.600269207842869,0.010107457735186216,5.643108327274329,0.020028786069049728,5.571682176432169,0.03549668715526674,0.20555564737613624,0.008921968275974898,0.19838898924298717,0.010038791157640706,0.22469557726310607,0.020100357013762348,0.25980050275112626,0.040355841767283115,0.30532429327185373,0.006262236805224586,0.3077081887465836,0.007107397311430383,0.2989813726907091,0.014806911234608762,0.26183562439588026,0.02734385988179989
11.090050106475246,1.718898371868507,6,5.584525592336853,0.008356658190864924,5.594173467247564,0.009436483886578386,5.555151265936805,0.01912122534506993,5.54717469679909,0.043218123013247456,0.2112398224413989,0.00829363755683434,0.21149098856890622,0.0094174173228327,0.22277797429583238,0.01882645546768901,0.17747954025945997,0.04480193102639998,0.29055843548566906,0.005799135898933277,0.28519855598810523,0.006504088162630185,0.297174681057833,0.013142295243767949,0.34673108813734116,0.03320396214236746
5.36496348932269,0.677757386709419,6,5.6038191713376415,0.008417912247092285,5.605421399439994,0.009546604380955634,5.622235045438825,0.021613401923645446,5.538738138691319,0.03211955901922865,0.20789507259180937,0.008303558680648191,0.2083685320062467,0.009434701207833735,0.2129725134183186,0.02175718977610188,0.18554869166399932,0.03137254277796667,0.29838412566018924,0.005544076627295995,0.2980349852011356,0.006280824906274011,0.3019206307761177,0.014866331387037085,0.28873661090426833,0.023065664134185447
10.75013719976414,1.66249988547265,6,5.596803210622544,0.008281007924204086,5.587214701352438,0.009645662974566321,5.628882171157186,0.018795666038731035,5.6251168192886185,0.03183747818049874,0.19960661769308002,0.008269682118979958,0.2028594864055625,0.00962124132716918,0.17545501049570997,0.01829358124580481,0.25095546671652974,0.033179093780151034,0.2916954606472704,0.005571039083156017,0.29334450054462136,0.006606261459260851,0.2914291782451622,0.011744540787362683,0.24890736656107515,0.02182471838039686
17.6946113982558,2.694829655950822,6,5.598395548140288,0.008734713703439968,5.608287702844661,0.009886238715757403,5.5833317999141245,0.019835826859593685,5.526226656263609,0.03429219343330128,0.20234717870910102,0.00883209377848983,0.20565400547151214,0.010014246877438038,0.15714882616426765,0.01984497808467605,0.27640157661255105,0.034197351107449425,0.3031802865476163,0.006248799198944557,0.30587052071847487,0.006984386129574325,0.2786147547791475,0.01585853522778547,0.3030028741264313,0.025353251954312813
11.579626827529864,1.7989201431701436,6,5.600765681705834,0.008791843327658286,5.596998363276922,0.009724470971592547,5.60596093637081,0.022522449704525722,5.655494220674572,0.04433168614055736,0.19814027245292198,0.008769342186609106,0.1960008662078756,0.009782111188271053,0.22274738373002148,0.02173574805473248,0.1462938884251633,0.04320154666916347,0.30038557941130933,0.0061447344856343025,0.2932628231382787,0.006784606962589336,0.31568051291439736,0.015062909904215075,0.3649927845534687,0.03172692358473046
3.467956883687293,0.32097689688333264,6,5.603058807821452,0.008719751543774112,5.605275651021132,0.009824365668803263,5.606675991092673,0.02107321899273191,5.551787960939115,0.04262451626159476,0.19619771899543248,0.008572245487392653,0.19475035187306028,0.009586653576846368,0.1962216418228494,0.020748078585629423,0.21122927971934594,0.04833309828331248,0.29562094492075736,0.005963075182844723,0.29307958254946453,0.006715332547637906,0.29871557010870103,0.013830789616875843,0.3293508709303301,0.03521919270735927
12.544889919721754,1.9526579882113264,6,5.589784373045395,0.009174910306778632,5.598481541676458,0.010517969610366515,5.5680065911169425,0.020430618738513623,5.541692323495458,0.04194619801196725,0.18761614202758514,0.008953768378635717,0.17957264136533901,0.010285491955506376,0.1886867881794414,0.020252675050686484,0.29298324569369283,0.03861146525771878,0.30745431437995085,0.006296662022672328,0.3093982524541514,0.007262592481089068,0.2925512325630941,0.014315025759913665,0.31745294736628815,0.02543106910536639
4.7399102286144625,0.5569263106101738,6,5.576688799562263,0.008922406567366972,5.577634748129158,0.010089547539595612,5.578735284275873,0.02190995222088288,5.558053556508543,0.04235960802612672,0.21992820458600756,0.008780869398531193,0.22194636341773025,0.009700101784040214,0.19660894077260102,0.021731560668560006,0.26553483788271,0.04426879589495033,0.30864064282178805,0.006001567260017619,0.30669190039218486,0.0066074303183443015,0.30564764560004704,0.015311032350680605,0.34731212169909803,0.030324923107037074
8.857031283638207,1.3352955925588372,6,5.5955838543228085,0.008175752162254937,5.594762584682959,0.009162937511690807,5.617438041044975,0.020300132269329828,5.523471793970001,0.037132881761957885,0.20374684787073358,0.008295984442090025,0.19636941010618697,0.009289062447536602,0.22793495684344883,0.020639468043036627,0.2451182296857192,0.03870102491742258,0.28791594402366893,0.0056555333761371205,0.2853488831651663,0.006349805274605972,0.2977904656421018,0.013706207672801387,0.27755376797827147,0.026100239160738416
6.8650756361021195,0.9670771410374435,6,5.59376512938497,0.008833869666781582,5.592626021501984,0.010224874073166749,5.605151982971307,0.021105695902240065,5.574339121754713,0.03213173271351429,0.18532587330831346,0.008635884763407346,0.1837497029830246,0.009960563798067293,0.20734660705846758,0.02079678707066189,0.1465697382201794,0.030304061273243945,0.3056441878433651,0.006102888558844046,0.3074842265389776,0.0070080174688207895,0.3143472655023454,0.015405036351063058,0.2662559561316364,0.01954638664375953
8.75957736170676,1.3178389535479171,6,5.593133881172772,0.008454887423973656,5.595550441756046,0.009555023392430926,5.600430740688115,0.02057051935049487,5.537751951241614,0.03628653408892137,0.19841538240635137,0.008716820268612556,0.19032304296694774,0.00979386434301512,0.2414603956224004,0.02196742816694854,0.19573347943574967,0.0374852182484864,0.3041148795235087,0.005878861663689906,0.3001675814106173,0.006750488456104753,0.3194784456140817,0.013961101645986322,0.3022113501514927,0.022370960143572077
6.853722240659408,0.9649155724496631,6,5.582971979024601,0.008968572382659747,5.573652681099471,0.010154555456135998,5.6117420585731645,0.019838300499020453,5.629394562589245,0.03867343371454116,0.2165917226152796,0.008655160517183961,0.21357631156524076,0.009712023765652639,0.22271955113241898,0.019760659034505267,0.24597342666216707,0.040465767651939794,0.3122254988198505,0.006207589107305474,0.31676071651519755,0.007171350824998592,0.29224957024482096,0.013545294693707379,0.3022246713680178,0.026697139396984232
5.048142780186026,0.6163652891374881,6,5.600155145255567,0.009058276727187942,5.596796745260028,0.010073812583726895,5.603614260203263,0.022786161135279603,5.650617252323561,0.042791675909023226,0.19629242108385522,0.008888657981574916,0.19918668208087684,0.00981869265201344,0.17779547990351716,0.022419614939227978,0.21722090775166022,0.04330640740266105,0.3097238190844249,0.0062286666573638984,0.30460482076684503,0.006838610184927422,0.32542272031314995,0.016512163713974324,0.33452568065634986,0.028169604785830717
9.082626200601226,1.3754748415916522,6,5.60592978129206,0.008642217661945359,5.599905285072519,0.010039207438388811,5.602137704143121,0.020122492275126174,5.677211313961148,0.02954482003926409,0.1883994716519496,0.008573066760928115,0.1899286157653739,0.010041516207025475,0.17956570534954758,0.019907594331705074,0.19452941020293502,0.029139640390372184,0.29803614670154394,0.005824794866564904,0.3000028990136286,0.006907178865254839,0.3015344367774966,0.013221776769431566,0.26361233399494965,0.01876728255744358
4.978374223224819,0.6028781169535774,6,5.603372574151043,0.008575922368315411,5.6029113535910575,0.009793995541638005,5.600143222505477,0.02089098159962531,5.619827725126537,0.03313290574361009,0.19967371959600413,0.00849630485434384,0.19073829423473215,0.009646606694698814,0.2321574127316995,0.021161350878538973,0.23233446985569672,0.034055328282566855,0.29508671329000935,0.006007273388231261,0.2970194449255838,0.006916313421787797,0.2933150441798632,0.014181535979200846,0.27205296225932385,0.02450286902485321
5.668088415492093,0.7365794829752818,6,5.611894484141906,0.008764471051214303,5.617945626780299,0.010160380726037237,5.58499970464597,0.01872009837333244,5.6495714619335535,0.044042827985331,0.2112635641313606,0.00853067538016679,0.21622732833477973,0.00995168467970455,0.20029414746006804,0.018163366188100636,0.18444101402102697,0.03880039062067556,0.3017725067951809,0.00584611540348258,0.3058509488462079,0.00685148940516927,0.2885038044439603,0.012029311705009474,0.281906556003828,0.02917671411712753
4.890476191227208,0.5859110118125709,6,5.609615186618397,0.008367000652291283,5.616081559748395,0.009452252343611151,5.578777770506512,0.019319374671959048,5.632552509093653,0.044483016152886024,0.19578203493596982,0.008371477026851282,0.19764980254005282,0.009423771039796034,0.18522990901032957,0.01969568069642286,0.21472253228145202,0.04627770358228428,0.29101703699481135,0.005642771150844294,0.287939670740316,0.00638421458057301,0.29854207991148546,0.013082818409674174,0.30962605928309095,0.030917748859615332
6.16010529603227,0.8318453604570144,6,5.608238817183068,0.008846107982305635,5.6107087602606835,0.010035059982490635,5.614163521232671,0.02200059294525593,5.550291023045389,0.035087144936925815,0.19674684704800638,0.008725654042700101,0.20392584685383644,0.009931383869913532,0.17429608795113186,0.021128283243402678,0.17674297222278984,0.03595484639385872,0.3104556834975936,0.006203542846990793,0.30859285711164763,0.007118977365721235,0.3232824404442713,0.015371601484414027,0.2954259908096686,0.022703911071549423
5.924357770039933,0.7862572806992312,6,5.5970578542634986,0.008749064164944462,5.60102169307974,0.009891142929917263,5.570608297026922,0.019537616320004676,5.656756028154062,0.046854121855445026,0.20001680854819345,0.008556916919806212,0.20667124103478246,0.009811169010465979,0.177114813933686,0.01855700721268979,0.19588904863598436,0.04492493054257853,0.30163812838791726,0.006057452452877347,0.3004012430170695,0.006994967131833392,0.3004539818241963,0.012888253329098681,0.30950456186271774,0.031967864461548035
5.8995249094150495,0.7814479385162658,6,5.60859213353839,0.008775019069089339,5.6059239134359915,0.00999469350710666,5.616052130489146,0.02053551702507708,5.622215333050895,0.037870055198668665,0.20560794210178923,0.008588211167512922,0.20144289816656769,0.00980790827225669,0.23361986480565455,0.020411456721128162,0.16928971264533418,0.032883532719471704,0.3001440047694581,0.006158232834346434,0.29975853644215034,0.007039632953910193,0.30862925159363774,0.014133473944295238,0.25391118631644133,0.029134986408981337
11.2036835609033,1.7375979814881064,6,5.6012503006246614,0.008487770513984609,5.598120507389743,0.00962773353560411,5.610305278339352,0.020157529390111378,5.62983661226202,0.03957346898614141,0.2011982196007529,0.008365095264192593,0.2123659466647507,0.00941477748753778,0.14334886170842645,0.020198894089045,0.22625379864611467,0.038516066578951375,0.29804994836987925,0.005870057697918433,0.29742522096067614,0.006721804339854495,0.3034800358576608,0.013371357120456577,0.2819681806512774,0.027207102210796943
2.925817808965803,0.22999163939100017,6,5.602620710233454,0.009044556871626527,5.5970458600897635,0.010136596244384014,5.616522507960916,0.022032249295710616,5.650973498001114,0.04638976459516883,0.2032206961772816,0.008724205768132104,0.20243082471133242,0.00992813275062968,0.19658555216226709,0.020567323816333038,0.23266124603900115,0.041742780977709976,0.30344873340058093,0.006272194423008333,0.3024601986237797,0.007017680167886064,0.304569688031758,0.015162140502404895,0.3175515831111343,0.034437425483705986
4.365878699434688,0.48554202150695475,6,5.604040363209879,0.008590123662866973,5.602485531882337,0.009604643446811802,5.6132794986380965,0.022157483163165247,5.603319490624717,0.037761961692570505,0.20974010910498053,0.008469143593211402,0.20625821813585424,0.009528285167001126,0.22607761083561162,0.02235331830584435,0.2202939959848767,0.03655409982774423,0.3052218437811718,0.005793235479113952,0.3006010168970165,0.006381627558618545,0.33237498918598907,0.01626096105188094,0.3016319662038396,0.024950831045139375
11.820281542488374,1.8377428169386574,6,5.600091038852538,0.008585816983720707,5.6018652113422345,0.009772656669861267,5.6159976600804615,0.02064465247413921,5.537841144154286,0.034176574024126535,0.19018273910333305,0.008463026933535924,0.19170202724042007,0.009683401816215775,0.1961911729332227,0.019531087694965497,0.15153930385222625,0.03410430689677728,0.29891805756033674,0.005983018767578298,0.3064234307379702,0.006883814651843523,0.27885304219308993,0.013311163456383663,0.2566932264369856,0.023727343986928027
7.179207873137784,1.0266361993063666,6,5.602885503143497,0.008209336623110306,5.606310147083889,0.009452277502728963,5.589092176699737,0.018895677104010612,5.604022453329076,0.032426807304451105,0.19834707930411152,0.00822192632523516,0.1946704734227741,0.009391640598211223,0.2250837835747852,0.01885073147332927,0.13910836096115728,0.03680409190236103,0.2892607313701922,0.0058722855276948155,0.29002490303700473,0.006726201628170164,0.29292632718195016,0.013337549956570544,0.2494853173020265,0.025550127558396557
5.263012927956879,0.6579829105194709,6,5.59007296979123,0.008958006803569587,5.583825773396117,0.010204620507510706,5.621002690918888,0.021433257948490665,5.571768606688417,0.04076917530142971,0.19124767871515805,0.008768062201886799,0.1916558895817474,0.009983453167480758,0.2042074842760905,0.0203695785622166,0.12846184872876437,0.04260655625107528,0.30436104167176486,0.006196591288939045,0.3047707914013922,0.006971865407332665,0.30335772342370465,0.015347848051451535,0.3145531915025612,0.029628953648122146
3.7865250981558347,0.37785415339699235,6,5.601403883007263,0.00893144899126575,5.595771990996461,0.010287167916853569,5.611916513140938,0.019654714239990757,5.650803817154133,0.043041959402995225,0.19240998692977596,0.008896652887365344,0.18745816646111846,0.010233273912521724,0.214863925353016,0.019654335949167854,0.16758719675766184,0.043578121804643516,0.3040374024518539,0.006150054811322985,0.30439778942577606,0.0071297866450500055,0.3028998114500712,0.013445718224948503,0.29146249710423405,0.027728548423420728
8.191265329063754,1.2148507970122047,6,5.608182215729598,0.008334127331907786,5.612374027528804,0.00956070924478172,5.599249507280521,0.01897281859559752,5.568159153354995,0.03305461547893859,0.20145588854382088,0.008333981004317922,0.1962698175747655,0.009498169350971426,0.20186282666023636,0.01928079396795161,0.29884521372944545,0.03793898655108125,0.2943562875483025,0.00581590570615912,0.2962862222712833,0.006630418707042897,0.28661556940577526,0.01343097177354754,0.26344286430325187,0.025538549016118257
2.5074948013789253,0.1666722560708541,6,5.595561549767992,0.008348346701025505,5.595691822778345,0.009299740501836237,5.5862791242302015,0.020542628951238987,5.634858579582412,0.04596759173562095,0.19151911350405684,0.008392514035064205,0.1931007715790885,0.009416734733321155,0.19605009256143358,0.020044738094230366,0.14168435491091816,0.04500657960512846,0.299901651372996,0.005600610709199055,0.30037765173639025,0.006221803986895718,0.2945009871316815,0.013890787095066038,0.3041298235620882,0.03318915373723174
5.857932755941874,0.7733903055457081,6,5.615822817645998,0.008750860958566047,5.617547872077862,0.010141662160553478,5.618100107789376,0.019537024400114282,5.5755679803718055,0.03633138960957121,0.18661635940340315,0.00883988543758986,0.1775914792026112,0.010188972057777251,0.20671266071411726,0.02008276733097835,0.23483390314693564,0.03604901729092185,0.30604849665220085,0.0062537472262797055,0.30379258521619573,0.007316644730087656,0.31636189877419796,0.01370827807641146,0.29237759348061904,0.02378805509042544
3.6777063589543104,0.3581969468676704,6,5.609938673719163,0.008656573793640458,5.610827734988398,0.010039271027452073,5.606632325869468,0.01889750323920559,5.6023019739615645,0.03287442782125199,0.22038026196146498,0.008547877418578403,0.2193451699321766,0.00997661394407997,0.224091259906405,0.019046915502082082,0.22578637335209245,0.030870081766613336,0.30040240537761975,0.00603785854018915,0.3065604533575499,0.007144269780720268,0.28861980693753936,0.013022913664914692,0.26908723138103874,0.020171936394254384
5.914650430539041,0.7843774160283332,6,5.594138797572019,0.008649844932091753,5.596147453864398,0.009905141027120737,5.603498756806577,0.021322194420258244,5.5486250037932665,0.03326299265939593,0.20473700942010484,0.00853405116554117,0.19966143274542708,0.009736171615221969,0.23146369188168514,0.020953147430525863,0.18713208349519714,0.032874965501271926,0.29929325228166703,0.005769557495645868,0.29861067785037154,0.006552391951909864,0.3100963312475239,0.015383256934080198,0.2801009842545627,0.02105047501057224
6.171964904322522,0.8341349480877638,6,5.582806071842838,0.0083085430275234,5.576307522855311,0.009238740991837486,5.614048535803087,0.021087827600127305,5.590123852756977,0.0387303159069856,0.19757888297556836,0.008475392840666148,0.2045458602295104,0.009419736655628284,0.16688648013385055,0.02170134516053757,0.1867833348417286,0.03683778456499444,0.3014775543339845,0.00578679727480567,0.3031342958937656,0.006370705274374617,0.29139117886061494,0.015291074950106398,0.2818094868345365,0.028296669649171075
3.2588756912737153,0.28489611512791274,6,5.601280062734685,0.008247894767678676,5.601353543057854,0.009488946356821118,5.607641533544754,0.019662955273387073,5.5831151491680995,0.032096391214410394,0.20645640017122374,0.008179505003179705,0.1992019544242806,0.009308060453626702,0.22876721391760554,0.020082822536926538,0.237585272980695,0.03263210427031932,0.29392895801518754,0.005557149090009823,0.2938711977868181,0.006245859437548653,0.2950148697795486,0.014423516072562538,0.2881294314692281,0.024126747785484612
4.875136849397677,0.5829532272456074,6,5.6008817051158415,0.008501593932277127,5.594677326236777,0.009665067377943997,5.6299337131475635,0.021602587848467653,5.611477807396563,0.03308024005575795,0.19593103280442434,0.008426329216720862,0.19796675434097188,0.009568139866089424,0.19398018188075514,0.02110248429702852,0.16766895123050862,0.03317737604950645,0.2984928584944745,0.0057836571761971075,0.30164305277438674,0.00656953022879374,0.29647162566518775,0.0154780388067688,0.2724350911147147,0.019390818788339058
19.89289521049068,2.9788207642072138,6,5.587759618210246,0.008335016933847465,5.5755603486583984,0.009389568399570808,5.643159984248932,0.019668834537675924,5.590439380221729,0.0441482673884257,0.1948547871080681,0.008460924240256084,0.20879219103808735,0.009747643540316597,0.1397560133840699,0.019027400669972463,0.17533101390055836,0.04703067543468345,0.2892697505889685,0.005984279287260803,0.2885584362538654,0.006784515825850926,0.28325153269516895,0.013353014743309743,0.2696132275720769,0.03883052383974259
4.838527149113361,0.5758982258619026,6,5.604859618861815,0.00882749693344575,5.600174501493829,0.01001327924457111,5.614883947952941,0.021107117050408047,5.638924989139019,0.03979874975456975,0.20061178852715114,0.008934767509097254,0.20402743740261453,0.01007312670576157,0.20559253384746035,0.022201879975659967,0.1387560768084615,0.037974217763747,0.30605133483614666,0.006316407505488541,0.3024062272283771,0.007234707360980438,0.31691474576241374,0.01468586173205648,0.3056651188934034,0.027985690945351634
6.457091689706431,0.8890465143254006,6,5.589669099924931,0.008383668043642161,5.596335829275435,0.009465339980667469,5.567324373383713,0.01962643977046066,5.571295702009324,0.03741645196391875,0.18718032381547645,0.008466199417219718,0.1802910543343465,0.009709660918822834,0.1987300333939318,0.02019250843148937,0.26396674720647295,0.0415994683710028,0.2934778303486441,0.005942877872220885,0.2935903359445382,0.006736841710886094,0.29019532340086546,0.01424003193725291,0.3050897037561969,0.029096661348674606
4.370516105394927,0.486420159686177,6,5.596570770638765,0.00874116232733602,5.594685598324416,0.010102044771543885,5.604293778719617,0.019989394275936444,5.602847860475424,0.034868692867807756,0.1932938426351668,0.008544898112300596,0.18896011179458724,0.009789983542819713,0.19264257236365145,0.01980861753211634,0.265010237178769,0.03677314812839561,0.3066693325606884,0.005978303762874767,0.3078786010621803,0.006888151347526305,0.3057453462764361,0.013708381228702594,0.28693721807921657,0.02528460269892075
9.155504897425999,1.388385747384931,6,5.6057381267018,0.00836257409941546,5.602233140349904,0.009687858633507443,5.6035434852070285,0.018364312810472353,5.6691999769341175,0.03623746459845411,0.21132135041276615,0.008226004425535121,0.21511272968952075,0.009494018127215688,0.18395956585476694,0.01790678951776363,0.267032684054849,0.03871957836384148,0.2932195502428224,0.005516244296145194,0.2965238415256513,0.006420904921241174,0.27768141847386785,0.012376154344728083,0.291061444290773,0.02195492112663852
8.467165203386685,1.265100648752171,6,5.599979431670124,0.008087722754481164,5.605344806209869,0.00945510673463679,5.5891760450118655,0.016798562500807114,5.574698498542412,0.041512282579773026,0.19501188293030264,0.008304006633560979,0.20011434528218597,0.00978136852464978,0.18350654111321757,0.01759429348097333,0.18563582211252658,0.03952542334962967,0.2852505361889643,0.0058225042846820965,0.2922249140853466,0.006932842136221576,0.25597578565263207,0.01238830210869536,0.29312202732216164,0.027630568091803514
4.226313195293187,0.4592146749578315,6,5.591205908358004,0.008618933998261202,5.589570344234799,0.009695837572323276,5.593363758114714,0.02150605611693255,5.594070647866058,0.04059532269431744,0.1939186279215403,0.008565222920950933,0.18975874913678548,0.009597855643280051,0.21548128006245604,0.021673131175872568,0.18411936230396164,0.038730670315625264,0.3011254468555069,0.005907967434043188,0.3013920838725284,0.006644138598281677,0.3104041793583424,0.014807791602506516,0.2590828652936709,0.025970268120029602
7.732569016312482,1.1302806513461896,6,5.596904100349304,0.008637214031399032,5.595252566538977,0.009632655227438544,5.597181791982732,0.022274605711173016,5.613746087222995,0.03782501407433994,0.1972927583921531,0.008620879923562655,0.19322737137127458,0.009601742292892818,0.19727745442350708,0.022081938632866956,0.2600220334470891,0.04035840442799802,0.30285353581674074,0.005990308883278558,0.29820371912053834,0.0067900528792739934,0.328084859082579,0.01486070530772215,0.2763860571667315,0.02529542905485994
12.867378816852579,2.0028723189330533,6,5.6230625949030575,0.008820519466901862,5.632785318368516,0.010039608415068018,5.590267473745562,0.020607365784053585,5.595178527788055,0.03765967746587756,0.18840854060424414,0.008755012974235239,0.1860594061196026,0.009931717434570516,0.2236818292857081,0.020426050290811668,0.09844738448529364,0.03790631229813176,0.30480398609724957,0.006099029266765995,0.3051668800085491,0.0068567025443139725,0.29785134571697314,0.014701998435288147,0.3028658991520604,0.025168643839876537
4.210040182922967,0.45615849468479813,6,5.59117288061857,0.00903130900788648,5.590287415426197,0.010234177113119554,5.584343407919127,0.021812619485968847,5.627430332631093,0.04180019924207164,0.18538156606527084,0.008970245088094474,0.18177784512289824,0.010173828890945874,0.18709887894132893,0.021595144363030703,0.2280605266820136,0.03928099890799248,0.31968957880870597,0.00622205001231888,0.3176512871797781,0.007079395700255938,0.31811392135872285,0.014481985463902306,0.3583688301481967,0.03084065641694628
3.1606484714138787,0.2683492407643086,6,5.593071090536313,0.008405990040524305,5.5964929035510105,0.009587896471791717,5.583456309120694,0.020012994584890937,5.57799392167578,0.03338969919676595,0.19588064935156813,0.008393147855108092,0.1937174630064779,0.009546247821111107,0.20375151774445946,0.020077192237315643,0.1992888140455333,0.03655207803139141,0.30561861154577136,0.005753918488004872,0.30359878506717475,0.006414016704817421,0.3225707935476061,0.014524078751972494,0.281950638863003,0.02458387075249254
4.166461150787654,0.44798907162102836,6,5.614695037265735,0.008721627269277568,5.623100680332419,0.010053811528260877,5.59013575508786,0.019312144133502837,5.594129446208948,0.039865295213864574,0.19364107309543588,0.008669906570162391,0.1936867381272645,0.009972318036941027,0.1956008783946529,0.02000835659258108,0.19107352385406895,0.037515926261863466,0.30362726366726966,0.005971909255210161,0.3011845863217736,0.006927801026397861,0.30328380835010965,0.012836038276333167,0.3340855601063942,0.029374773732056634
2.140052406990435,0.11760869948025207,6,5.60063652742139,0.008461632073464368,5.605286369564063,0.009660940777715385,5.577611164964107,0.020230371027652454,5.607661285443769,0.034758258896930974,0.19188888623991984,0.008318801642201166,0.19317431871149157,0.00953049256915215,0.19114611808501467,0.01923354362126178,0.18034279926416352,0.03595325790636352,0.29899186474891476,0.005607251880986331,0.29806785343185277,0.006475230118816697,0.29863150191560706,0.012970361031756045,0.31247688025214787,0.021978196178345337
5.422358145879116,0.6888939614095686,6,5.59155694410492,0.008726817989529095,5.589794079544759,0.010026520631505767,5.582731768025235,0.021809698221488944,5.6278404774651625,0.03312739781791021,0.2216096256633771,0.00894930850705513,0.21222449650359376,0.010055899086095776,0.24848844071424817,0.022049413459522434,0.25156308954248774,0.036639622287703996,0.3042944184129375,0.006099244720582925,0.3007248931536213,0.0070977443076862615,0.31165249429255953,0.01477868993466177,0.3068281680337974,0.022288222826609656
6.529563979842351,0.90295782941155,6,5.59860281531967,0.008545283261531063,5.594065107585481,0.009905223390469394,5.627839778554458,0.01988548073303442,5.5634691636892715,0.03257081037751969,0.19854031763252422,0.008469955584911976,0.19761339533585687,0.009830895500641198,0.19892021576985985,0.019627291238116698,0.19870745620727465,0.03108165304893339,0.2978351236098854,0.005913183323792733,0.3018546649554155,0.006906590320782432,0.29432610241237245,0.013324612655905657,0.2591609414745085,0.021635927473601352
11.767690859298455,1.829287287188229,6,5.601775002236254,0.008560759378537008,5.59798661457844,0.010023407019299086,5.608231756539073,0.017785303256382425,5.6297522688432275,0.03947983964265575,0.20496749944406234,0.008490737825290171,0.20382134941229646,0.009905263990772215,0.2085276991361004,0.01784265161389982,0.21755506066215544,0.03884830500087807,0.29986216785241965,0.00572145119445731,0.3099467322419219,0.006704241364163875,0.263897329270429,0.011763353559454771,0.2837323941881464,0.02525500257904665
3.0119024261366576,0.24384421684576407,6,5.5992604082942785,0.0082911323773448,5.60046719988208,0.009247840550865354,5.590200478167742,0.020088070916934465,5.623642076478418,0.05454787950987302,0.1913082357186684,0.008155043263836478,0.19407256255012603,0.00925182271893867,0.18496609468996406,0.018876000993862645,0.1468567885345523,0.04868170559551241,0.28899331339461953,0.005480503721076304,0.28685375849796824,0.0060785576122685,0.2947921256857246,0.013618090574855152,0.3357578587769239,0.04164941512833116
8.255564590232098,1.2266037604400604,6,5.585956874128177,0.00813972445104347,5.5922541389066,0.009207439702002667,5.557664803461027,0.01950310512912303,5.595831367740055,0.03771771116248863,0.19264223467398073,0.008211981420129503,0.20234005680506129,0.00929838338693132,0.16188228888317988,0.01924478520983004,0.15323532846218524,0.03969974736081053,0.29716044328193836,0.005711323864400738,0.29538415394576945,0.0063908214433632485,0.2938082066784056,0.013934703990527028,0.3268000747491949,0.029292189441823085
3.2071923919866094,0.27615539207157747,6,5.590040466576714,0.008633155938095567,5.5877603251719785,0.009896876505473018,5.607784837562719,0.019702968105583564,5.554764121160714,0.03774924411050126,0.1858739389046989,0.00861469694512011,0.1843383314733288,0.009867174552693739,0.1856046346707263,0.019496287391086643,0.2127732300917868,0.03934404281154187,0.3023656846620182,0.0060518485377377895,0.30564213556114755,0.006999180132383393,0.29332907444195605,0.013192190826947827,0.2827709496528086,0.02776926801078722
2.6403457820706535,0.1860036012687743,6,5.599976375288408,0.008439731074259273,5.600299236572734,0.009584756330488121,5.593392712728799,0.0200478696004325,5.630298783935123,0.03867148194472119,0.20044215715545655,0.008440798854716783,0.19874929137224073,0.009532422139163813,0.2171605225566653,0.020212012276428225,0.17330274199636198,0.044256086256025645,0.3005955842774945,0.005791452350703692,0.30269724234057493,0.006457095135388586,0.2932978269580171,0.01509419839905614,0.2837184293353837,0.029548650474096053
11.542333959194366,1.792874057778218,6,5.59026904467517,0.00885221495185763,5.578591192319335,0.010085585514330132,5.641565132284694,0.02104039190905386,5.578112809970351,0.03640620651302558,0.21255500021715645,0.008729797258481956,0.21666591248641193,0.009855166155257437,0.19156310124970988,0.021636540987501722,0.2196787075128097,0.035502094648635185,0.2966209298680603,0.006142908207870583,0.29210850305969804,0.007018351401791801,0.31654738126891185,0.015098421475395795,0.28590206454576433,0.02206941032835469
10.879454818015802,1.6840384246826658,6,5.60353165658751,0.008371041048776897,5.6005952061025575,0.00959450663547446,5.617665030415524,0.01958204914900128,5.602356525158917,0.034127505308005346,0.19614219187676896,0.008482740220075734,0.20676314104482435,0.009801424708907935,0.15044913776847785,0.020855783294310426,0.18233354280228378,0.02972701692145787,0.2931497148663253,0.005984263288753727,0.2929568126149285,0.006779944438285935,0.3074416527503653,0.014773838903285536,0.24248531959950104,0.023452189880987604
3.8048352849145886,0.3811827905312709,6,5.604821614693971,0.008592597215506897,5.60710362266147,0.009950153090934541,5.603112394774244,0.019062483201891765,5.578275153415666,0.038864778155824765,0.2105660345046622,0.008495556345179062,0.20744232819738095,0.009906113074696807,0.22839834784419294,0.01845024690475819,0.1902111409017957,0.03607077929334298,0.29736367139217884,0.005868901071634702,0.3013522737885721,0.006930147685406475,0.28175022147937573,0.011972279385988573,0.307148603249074,0.02574677641796317
3.2553523812966887,0.2842978808186842,6,5.5953125203954155,0.008705689048911962,5.600168972112172,0.009943996158619878,5.581818784748519,0.02097250718502887,5.575746001109696,0.03208028140918539,0.19807879426554903,0.008598886039103025,0.19435222269683047,0.009811804573799028,0.20359280265302632,0.020975839828711613,0.2222702971126624,0.03218468864510926,0.3039007984914073,0.0059810424290598786,0.30598667135201874,0.006856473279716307,0.3017765699945098,0.014148735519986293,0.27797895061201405,0.023023722675373132
6.928762452836963,0.9791911919235468,6,5.58968207170076,0.008306528506323583,5.589073019363039,0.009508741892485757,5.578747547546819,0.02067732533970465,5.644792759954976,0.03139594710889525,0.18243357850190048,0.008420236689228621,0.17936802795208706,0.009755087857308446,0.196365740432536,0.01984074838593615,0.17502470413119608,0.032687400284302365,0.2926316477961292,0.005733655244305219,0.2965343433181273,0.00643063266875303,0.28209272020419796,0.014702974575124077,0.24602401798287038,0.021756870337777956
2.6264774665178265,0.18394963934192246,6,5.599765209170325,0.008961301928351905,5.597032319661642,0.01015150501339677,5.61292259622909,0.020335578232618255,5.606335661552144,0.05517112920757718,0.2084421264586748,0.008760902047215571,0.21014870197112231,0.009874767856096922,0.2116040904740035,0.020777332066925464,0.15778970600893577,0.04669704807381472,0.30245470826634707,0.005934437368353916,0.30038724611168205,0.006633299891238928,0.30615141409923485,0.0143288193571927,0.3293370634247466,0.034481771428961853
4.179806260523037,0.45048841325170974,6,5.614220718222318,0.00844681901701086,5.620048226368871,0.009390051590781353,5.5989534804403265,0.021840392277697112,5.56172261017519,0.03932455074753543,0.21542263710044224,0.008457813014245943,0.21509716989787653,0.009429335456726844,0.22634733411923605,0.021244107043030407,0.17943074236740753,0.04126086025756802,0.3014259625869743,0.005749867226916301,0.30057742511386665,0.006471855640043836,0.3001057363568731,0.013936062828927223,0.3176509975544308,0.026800790427692768
10.61211195604119,1.6393988951388658,6,5.605159315156147,0.008666049559136134,5.602083687325479,0.010050950417409702,5.608152276262199,0.018255479204883324,5.65907104745238,0.04533944984517911,0.20830541155689797,0.008735508535021589,0.21407578333562585,0.01012702602351573,0.1815899083372615,0.018883807540319767,0.2216737075145206,0.04043047466386087,0.3008261936161526,0.006009853772647784,0.3039607661499306,0.007000196208411574,0.27691913400417534,0.012251274966925005,0.35723623178013447,0.03361838570775955
3.143175449135015,0.2654352108714199,6,5.607040762948279,0.008757964947792341,5.607242182858732,0.01015998675444631,5.612088502411202,0.018927587081503744,5.585642660516619,0.03976625348465512,0.2081756205718941,0.00871449951843277,0.20579498257573228,0.010097187849485118,0.21083986157866963,0.01878972402130008,0.23647294378516814,0.041949121370571545,0.30425565233481777,0.006113677891092584,0.3082846896086661,0.007038685975309438,0.2857776167270883,0.013333816184522045,0.3102207778932359,0.02869991257800863
7.77383523764729,1.1379402691136176,6,5.594102185466696,0.008495919131481094,5.595323617244335,0.009603984549219019,5.601069558626171,0.02198047990989901,5.573691629251991,0.0335680107543661,0.18595345724815882,0.008528929239590576,0.1802832456289962,0.009683807623311226,0.197810507818269,0.022294904244662333,0.23460364586038904,0.03383948752993447,0.29964947459620306,0.005934844549119877,0.2954780379745639,0.006595863338631641,0.329225837399455,0.016231559489929704,0.2726509399115039,0.02262101965653623
6.88379140709003,0.9706391118125645,6,5.599398782446359,0.00912814560008153,5.611432046150415,0.01058352922540582,5.561862057543886,0.01990072245970344,5.572155266243269,0.038829704157744546,0.1802912756459707,0.008936112103062333,0.17686644882522898,0.010323582932635193,0.19448649109835617,0.0197325849338552,0.17679576912377065,0.0392225320983995,0.3097613850662375,0.006314439576661297,0.31162024106927044,0.007250239123264413,0.30675690010157114,0.013909936293298335,0.2778279768259569,0.03010285566266498
2.5940280338254524,0.179175913985714,6,5.596670099484517,0.008589053814034837,5.6024090278738985,0.00983221511725086,5.576132476442392,0.020144445917666686,5.5867364160608135,0.03783615064776351,0.20697606571340593,0.008532400003973697,0.20854247022240885,0.009687869265004935,0.2090322749387518,0.020333063083576727,0.1708169934100355,0.04058639455485026,0.3056368058680705,0.005963843150970812,0.30456286666052035,0.006758128324249757,0.3043859005868566,0.014072512998636032,0.3191912148998924,0.026761213514742154
5.665823442148394,0.7361400610804325,6,5.6030371151892995,0.008432316113159206,5.601933735283467,0.009681211758078406,5.599625846613533,0.019873807179821762,5.623033359557378,0.03711769115522959,0.20369934500384534,0.008583552253186279,0.199451269889938,0.009763252876283483,0.23068333159946391,0.020696888319964864,0.16464765008717888,0.03693447931283769,0.29987054328228696,0.005895153165696365,0.2982423551545003,0.006756177492837781,0.31158375731474663,0.014089068309781313,0.2647212174316595,0.026431836293379512
4.659095944065484,0.5414192165054492,6,5.604207180841165,0.008491788668726833,5.612351053888279,0.009900593399700534,5.5740089242395285,0.018788741959840094,5.600158346378419,0.035893142171802235,0.20583099691746565,0.008474636939827902,0.20641534151604787,0.009954709344424655,0.20565822035072526,0.018592888812550588,0.19630258780562984,0.036792500846075396,0.29256747250588483,0.005838501695266425,0.2966623974447256,0.006903315284942522,0.28070265270867734,0.012562930898521379,0.2811059574183791,0.025835593593489185
3.975152845509001,0.412409816181447,6,5.599542123977296,0.00877994839642971,5.595369176138759,0.009943292173863591,5.622197238414391,0.020960857977455265,5.605561103487187,0.039738037706656196,0.19680355809964623,0.008763537196586813,0.19655061243945027,0.00985925324973924,0.19207069475833122,0.020925771855725202,0.22844400026056727,0.04711011835721589,0.3069201218418951,0.006162152739430175,0.31053064116964896,0.0069599339213124506,0.29527117628166294,0.014609075299852075,0.2704214699345501,0.03149624455573118
3.9837793780170614,0.4140033866600396,6,5.613524832432392,0.0088600167715735,5.611241991455455,0.010132245208805957,5.63084953937839,0.021046577482944008,5.5855310253330055,0.03940474566573409,0.19411789211298505,0.008800405974737953,0.2006774048200678,0.010118812363296478,0.1798378094535879,0.021026705422861097,0.14686345242905244,0.03826773684834666,0.2982400235025259,0.0062511042615344915,0.29900970180810016,0.007066885600197046,0.3014131874096893,0.01667136781975119,0.2868377943984361,0.02613746852503251
7.312373129330808,1.0517319418100046,6,5.593374050224755,0.008679767579282044,5.588148918485519,0.009883115249230605,5.626444063556849,0.019718864329220525,5.558151064734838,0.04141884973247255,0.1925602536393357,0.008523764329848688,0.19526976246148608,0.009723951522034174,0.17203323333151452,0.018871778384970037,0.23781401048215176,0.04422604445737167,0.29620346144161225,0.005981122519228704,0.29993669172237264,0.006871270530404113,0.2784673805121544,0.013428642759797807,0.2860292619895083,0.02894889880185823
2.939464811483049,0.23217072806393838,6,5.599528228335137,0.00873107071218764,5.5945016264771645,0.009952125774508921,5.621461847446167,0.019834264273127643,5.598545665015229,0.045344815719657726,0.1951950523352305,0.008726110638258861,0.1911383559652698,0.010021803151363593,0.20870405448452778,0.01959279215775805,0.21015962074727798,0.0420457690705218,0.3010317066755115,0.006193387118497555,0.30120713450006226,0.006992784825230904,0.2948489448954544,0.014053407838082494,0.328440023898898,0.03526751505131699
8.043825878354255,1.187805449564579,6,5.592999014803137,0.008436045297378042,5.596130757841216,0.009659619772272851,5.564112303097217,0.019419852331188977,5.640394024487543,0.041436166300307026,0.19986687262218686,0.008426438605965841,0.1959099328769975,0.00964424941981742,0.2053391881344251,0.019481677269726366,0.2430765829848804,0.035981914450018575,0.29560681447102866,0.005999873476116047,0.29518466190424886,0.006886812782569026,0.30494720708145684,0.013588028882604731,0.26211787812412907,0.03148279330941132
5.621313129682676,0.7275039514644839,6,5.597672155662114,0.008344696760981719,5.596471113435165,0.00939153308463436,5.61173302191777,0.020172645206987375,5.5513243582653935,0.03969126977354379,0.21498352179171618,0.008289186535830188,0.22049980865111968,0.009379012671003733,0.19553346293270074,0.019707658205805962,0.19944277650621636,0.03861781404801243,0.2925105286141307,0.005847832578975013,0.28981810295999816,0.006635730001537598,0.3068559743864186,0.013395342899304647,0.2630383537698349,0.029547959639273477
8.771396158146672,1.319959220659768,6,5.6055108771112705,0.008437028844326415,5.605929012863998,0.009464575759497182,5.6064184572737314,0.021664047331567286,5.5763577508099855,0.04304428186956295,0.19569701823993846,0.008478623650872043,0.2029336574684337,0.009596793269234363,0.16817213052688693,0.022499379260247778,0.14877773927359136,0.04144931905417344,0.2992199605802464,0.00562766532097557,0.2934527859437275,0.006211554858887416,0.3180066424346887,0.015366504851463417,0.3387580953810607,0.028339444495334806
9.445931409602053,1.4395014067999898,6,5.594998118553256,0.008620414411042025,5.599664945306489,0.009911847403394267,5.570098418880538,0.020423049835545187,5.607018735596695,0.03232115314714129,0.1914460227861507,0.00843930279650002,0.1821612246704292,0.009621311240161478,0.22749350172244973,0.020580577617465755,0.2103881725668047,0.03248275203029962,0.30017729888284517,0.0059778711125336855,0.30213500662410375,0.006857288161744422,0.3029817301942802,0.014584528669700636,0.25896734915013997,0.021412369049926144
7.372637373075122,1.0630578485724012,6,5.581598841438946,0.008562467094899764,5.585864163540931,0.009739352854379612,5.556185834800446,0.018667486325892883,5.641643325656574,0.049991766054761855,0.1927614128358466,0.008564992730433122,0.19042368183775557,0.009678262555886512,0.20755334616650695,0.019312451401048723,0.1626443227365041,0.05288366904903715,0.30261558451896814,0.0058560969449943144,0.3020179690421873,0.006600783644415366,0.2949578858024004,0.013003678012177571,0.3605777385976172,0.03906016051779363
4.255995625368087,0.4647968212259684,6,5.605641449133431,0.008641334507587745,5.610459776887526,0.009784942565783866,5.604581318696621,0.020801121981724936,5.538600826908758,0.03841641410052669,0.18310493245050594,0.008789352136069292,0.1856353028683959,0.009975041305810972,0.17382672593464343,0.020427893638833423,0.16805800232001428,0.04565181220103065,0.30590090304982187,0.00597422319622821,0.3053623042478839,0.006916039928182388,0.30284625613713856,0.012939592806940327,0.3225625152979516,0.02997487647957864
3.8480489510693587,0.3890614702845486,6,5.594652319120663,0.008281104900590806,5.598468946616694,0.009393426739111888,5.572962505205517,0.020601958362112694,5.593157630529387,0.03449566276975149,0.19442944117235078,0.008397852300739616,0.18947370476923142,0.009576136790344792,0.2165462100358322,0.01986826149146991,0.19484421442452585,0.03701622501504176,0.2935890559011663,0.0057671652084883744,0.2958310905331389,0.006504178541774654,0.28976594389596266,0.014447498123507367,0.26932207174249995,0.025322239492409828
2.180821683316026,0.12270613102781433,6,5.60350281658446,0.008523600923206087,5.60374086724727,0.009853964776202442,5.601855468899535,0.019277384201961966,5.613253379296147,0.033934510040527256,0.20172766418094332,0.00838134256482068,0.20086997140811685,0.009675286838436097,0.20834121726939708,0.018839248333407665,0.19956101341645585,0.036172549574341205,0.3000042448880865,0.00598865960689485,0.30332691466301204,0.0068484749648462075,0.293448150115927,0.013041192759990152,0.2616379251729111,0.027981095832528547
10.332507858867757,1.5922441986945004,6,5.596038484590749,0.00858300859092273,5.586103179408182,0.009745938863766901,5.628528507002574,0.021839496589044508,5.6398407150953975,0.03094970439509037,0.2018356490169053,0.008545131140911542,0.2073816602059893,0.009708530362666742,0.1893010832299159,0.021639856558376674,0.1555242655994662,0.030928559219315973,0.29685394707119933,0.00587061858507034,0.30023874249102633,0.006709151827742498,0.2917007082888308,0.01475122767964185,0.2574504026311494,0.02084715527963008
3.283880051210872,0.2891514518821945,6,5.593039398090554,0.00851888275037773,5.599532987537418,0.009519887518956693,5.56376980367182,0.021531392056389403,5.585889640109048,0.04061973350824546,0.1839904962667571,0.008540867764289679,0.18175881602887445,0.009633234794082395,0.18869841413099478,0.021155233465973377,0.20546361917170916,0.0446759782516126,0.2934325518601576,0.00584368612499577,0.29094439451644133,0.006557928866000644,0.30045420848673526,0.014521405619301948,0.3044804246368464,0.03121259936288795
5.501062138064299,0.7041677053105078,6,5.594950598579606,0.008519443432266472,5.600464383914401,0.009682870441888189,5.585707012878292,0.020195134822635033,5.542855455135848,0.037994423950578886,0.19235928785651243,0.008533655738909818,0.18758712485279572,0.009738575351447799,0.19501014721751225,0.020190840916803416,0.24958931179902175,0.03632064578814679,0.3049150098144915,0.00587417250050867,0.3037732101655108,0.0066559173966195245,0.3090363633694681,0.01437970135871587,0.30730242724338164,0.024443316570125558
4.480624860996613,0.5073272715344094,6,5.595941453905361,0.008092285664312929,5.602006068540307,0.009385352766419745,5.574058145615095,0.018886541449920788,5.587373396788682,0.039435583766890436,0.18910762720560423,0.008268473501312061,0.19463806571183545,0.00958289744658937,0.16614103127344404,0.019759950709395242,0.18165645261291316,0.03791938108950117,0.28854973593554406,0.005537863385765187,0.28844236235514165,0.006277312401748056,0.28140287853637086,0.013717922410791695,0.3076488309885552,0.024231397319996573
12.1547686746635,1.8911536366321942,6,5.591506989736776,0.00860078577272185,5.590467503535398,0.00956867218953414,5.602088789879213,0.02149617392653981,5.589845627380544,0.04228328850079779,0.21330616947239778,0.008599828212429718,0.21463397094725517,0.009526726744540493,0.19341291351293483,0.021931666014834535,0.24887409328059418,0.04020419627778862,0.3041955088771662,0.005904617179805092,0.2935680708500555,0.006516068507729966,0.3393227193092272,0.01565899564708097,0.33629218568766406,0.02555027937827532
4.138487578529748,0.44275698508717415,6,5.603109231250985,0.008665504260254815,5.6092090128511245,0.009725538155855562,5.576958876048723,0.020697742823042677,5.5753965469351465,0.061282379910440325,0.1880302743039635,0.008596928616004246,0.18313362004753386,0.00958147581740373,0.20956553544663753,0.020464623260534266,0.18588253483745348,0.048314479833420965,0.30519552321764715,0.005955172258490625,0.3031783353762467,0.006636510643154293,0.30627512848623584,0.014068339970629163,0.33593274245139737,0.03828552796300185
5.872794678405626,0.7762698520726152,6,5.602749153807017,0.008507523732639107,5.602106993459995,0.009840770574383838,5.59338405728067,0.020344944040542004,5.651990072029071,0.03322633336370327,0.1979696089390051,0.008459180892399906,0.20048031488728207,0.009760514645127923,0.17755641433376557,0.02079378404088586,0.21951859106211496,0.030712299243633053,0.2996974788896624,0.005912687518028402,0.29927111936230527,0.006858158623347269,0.3117015468665109,0.014378416023131387,0.27047684115849896,0.020457938311282012
9.460358841475681,1.4420267001419016,6,5.596999358857051,0.008557623612600136,5.594644386056789,0.009504973508979784,5.600299535386068,0.021464548588149043,5.635907389669836,0.05004966704985555,0.19857545506091873,0.008490470601359866,0.18927840571152382,0.009494998655718146,0.23910061243627687,0.02195181088700922,0.21421270532737885,0.04135704491404637,0.2996691983001727,0.0058042303167181,0.29392973923528715,0.006400826296818576,0.3171453451386977,0.014860834049794276,0.3418713540944411,0.032327180334728645
8.558290767439757,1.2815933166083722,6,5.6089651827140425,0.008284698926117844,5.60192809598279,0.009514946692114253,5.632420582479075,0.01819938638644024,5.60910463680596,0.04327282747774734,0.1985747991418998,0.008245525146020439,0.20443280772507705,0.009543197360975156,0.17189311831361184,0.01811632187499497,0.22816656861670026,0.04570028227862407,0.29898986487926416,0.0056708382187376045,0.2982245156232275,0.006535905963127947,0.2895715715583072,0.01249722933230272,0.34709841311970224,0.03036169456046863
2.798474276147317,0.20998156021324768,6,5.604411104911287,0.00852310937397329,5.6067882764705965,0.009840830184823334,5.603971465210777,0.020351596232015517,5.5738485561299225,0.03513898278846293,0.19123159289423433,0.008403495402955128,0.19293832424654275,0.009572589526254324,0.19378530273039224,0.019549460835036066,0.16668417752199316,0.03695002907820817,0.29706759665024624,0.005749730808722972,0.29763760016953295,0.006566105677500448,0.28629111520049416,0.013545116961921828,0.3167954507035345,0.0242617916753705
7.882538624166045,1.1580692260253767,6,5.61644414881968,0.008633028682084725,5.611938742475515,0.009626967864449838,5.652629625234734,0.021914114017964212,5.582386258927573,0.03904068807231955,0.18605830269788617,0.008607794601410597,0.18557289429081825,0.009653683228794683,0.17495293582806046,0.021261134149372553,0.23319151645616798,0.04038656805467988,0.29908986659990805,0.005900412450581118,0.29761355106735743,0.006637291601479304,0.28741627019444826,0.015280242540350772,0.33890400666035425,0.025389128916548438
19.588667909018113,2.9405042924893783,6,5.607546500054199,0.00882175464081049,5.607708101637727,0.009815883244085088,5.600655525049914,0.023064477462420612,5.6096904269390375,0.03466718424230164,0.20970767530478077,0.008685649510714924,0.2212471450527576,0.009506390024924464,0.16013828063506233,0.02274596049521531,0.19525539251986945,0.04000289921984908,0.30596217170272777,0.006035067938084392,0.29449719475556474,0.006657738515065734,0.3487678448230029,0.015298551483580782,0.3055146450195192,0.025735883075959247
20.187931124703027,3.015693820932886,6,5.596749830841192,0.008318715695581272,5.59222600688678,0.00959871720217017,5.601862933694061,0.018297590198589127,5.679247253363431,0.04390488683025538,0.1974918263266694,0.008199780348814028,0.1942228546222123,0.00947809844238021,0.21741712113300513,0.018625408050657623,0.16983092448937998,0.04261615539033526,0.29242114244704964,0.0058074996099134425,0.28599524606353194,0.0067671320206415635,0.292314943958587,0.012954979218084275,0.3988705999652813,0.031119395733077145
1.389955796446884,0.04204030107895636,6,5.610006091047515,0.008414122629415034,5.610947991685356,0.009825551036318166,5.602506698690708,0.018954179236144876,5.620744113205177,0.03177039018270642,0.20459126783962037,0.008476892271360774,0.20197402149524565,0.009768347478846903,0.21514543936380678,0.019497688980589782,0.21623398456426002,0.035753427163542184,0.29481735885069643,0.005919524977589241,0.29738232139906734,0.006838353308645366,0.2872927478794409,0.013684775497448865,0.2794859015697583,0.024609101270861758
3.9343424673425034,0.4048858874781318,6,5.5977729302324475,0.008726622032662595,5.59534980469337,0.010111388946387589,5.60524428811057,0.01895026407017359,5.595446965917348,0.04111545227669033,0.20655005597301246,0.008741471366201889,0.21116733268660998,0.010034479451020985,0.20331649073639868,0.01950168063596284,0.14147951673352732,0.041376449314571656,0.3051450021192985,0.006006882973898677,0.30365382437371474,0.007056323125390077,0.3028942295823764,0.012838227188450901,0.3315863747709883,0.024810712874702306
4.670151424099458,0.5435382765927042,6,5.587135598406461,0.008334331390847641,5.588501143121506,0.009700168290331263,5.576656693186639,0.017971023765389286,5.61135347757748,0.038109136002760814,0.18356192891552894,0.008247966478346913,0.19260591583293551,0.0095560056929004,0.16054296529316503,0.018327643658907825,0.1440259083634927,0.03479540628343611,0.29082320337198025,0.005620130246921571,0.29168565727689,0.006592532094150816,0.2859743503978645,0.012119767551881298,0.29101523250852507,0.022940461484321786
18.166321876618895,2.7572084856727317,6,5.608393681393795,0.009112526359629433,5.617092478036932,0.010342855634431007,5.547135724788277,0.022433125510788302,5.650266428079395,0.03455572109892526,0.20138796714802926,0.008969979106316008,0.21158083139488754,0.010083868199346636,0.14643505795416245,0.02217804499034634,0.21716537603915043,0.03807998023023949,0.31037946478419226,0.006478797743858187,0.3068158358742079,0.007338506297137084,0.316170392975925,0.016024543962229663,0.3262587931507823,0.024383936482344458
5.2008972124313,0.6459419329679736,6,5.610476706001436,0.008732157024229551,5.601788943636398,0.009901187234844821,5.645528888187705,0.020851625699162414,5.629178739396365,0.038992339660816014,0.19388446466174686,0.008381991881795604,0.19678660163506456,0.0095126402322118,0.1916352109750821,0.02012549448282646,0.1570870779100419,0.0360194035755687,0.29795331621259513,0.005749224099027812,0.29786151961762725,0.006511717031326324,0.2996575884591283,0.013826002205191718,0.2768547996084794,0.026499053889904853
7.170900425116997,1.025067519027122,6,5.6122003254363815,0.008360919181026109,5.615006277228836,0.00963791678911821,5.603883766066356,0.018439177373622814,5.612739663338937,0.040584001199292084,0.20393719857206488,0.008541962898245894,0.19566978565263207,0.009911575384637186,0.241207487617212,0.018216558320286617,0.15418513347515111,0.04212344552461104,0.294862340949594,0.005711649702560118,0.293396387025078,0.006647139380566332,0.2963353081512227,0.012166478550629157,0.3120783852505675,0.027551439964287876
18.28886407187383,2.7732799031782367,6,5.611663206490654,0.008688089819105582,5.5993595644562255,0.010050135251183845,5.64654987798747,0.019701669280153905,5.646765219648724,0.03211783412202482,0.2027488790507047,0.008546347140776888,0.19511290085598273,0.009870204329791094,0.2024728806901573,0.01962073338877164,0.297438488204526,0.030803986509669073,0.2916087895921619,0.005816951758152648,0.29283451619397244,0.006825211886412531,0.2935773428667569,0.01334617333616756,0.24514875403757258,0.01955306929231079
16.998939688506653,2.6012991884019416,6,5.600010558814148,0.008935766771717372,5.6013510492500025,0.010007465921228349,5.620947188919135,0.02223937623706243,5.514669801743591,0.038600245750918694,0.2043640210536294,0.0088645580607599,0.18996910413839857,0.009977861014724228,0.24267707563803873,0.021495623065974676,0.2709865720779116,0.03705255341500234,0.29991627463882836,0.006253859953112009,0.2924811424927643,0.007008476984033125,0.3164594871086754,0.01548908040974338,0.3166145259893596,0.026248443268056806
4.90005119201669,0.5877578033098104,6,5.599368789484507,0.008638361109202047,5.60807310536373,0.009769909406665004,5.561591777733489,0.02056555561294359,5.598636629735209,0.04431948932967561,0.19797038649565057,0.00850240499243558,0.19719797158988048,0.009678096283783038,0.19697540271661423,0.019909452676669322,0.22399531174565498,0.04131869604381251,0.3062462810153943,0.005853417862002453,0.3073130285373818,0.006615254000528294,0.3020066887417076,0.013208198309225393,0.31502772427580594,0.032698766231936335
6.0974598479951965,0.8197446822927742,6,5.592563141087314,0.0090619229452275,5.584709639382923,0.010225792508512053,5.618794503306239,0.02152379536658401,5.638951069454137,0.04695536576399354,0.194128593138144,0.00909728037429549,0.19020926099656058,0.010355840236907807,0.19490660492789086,0.021125229320428377,0.2681662946427669,0.04297533889129002,0.30567131797854946,0.006389933081316164,0.30411043477503963,0.007162689216651575,0.3111675791433731,0.015651833720458645,0.2999676800398445,0.03280024317908194
2.483812145597767,0.16330928066244735,6,5.596679024667748,0.008595353689781364,5.59913225866688,0.0099748739209847,5.58796109376127,0.019413276812629995,5.58345041258124,0.036725197039345785,0.19082639188367745,0.008574640748433953,0.1948721618164608,0.010003477156915217,0.17521082172091101,0.019216424202761172,0.192585140686492,0.033158750988824474,0.2972156424617097,0.005994405535203404,0.30094741700744027,0.006995477398647625,0.28440331482115716,0.01363063061747458,0.2872528270359344,0.023660013604010623
2.1860447358194506,0.12336576756098595,6,5.6056392002401925,0.008316387198595475,5.606714079510041,0.009559537763921674,5.6075879330408505,0.018504500718667303,5.575505099652322,0.04132661833308557,0.2007855913005694,0.008443729902477241,0.2050644769343921,0.009566326464522802,0.19094316993529353,0.019475368649759843,0.15355127104197855,0.04552917686577272,0.28805736850440516,0.005709067147410815,0.2885441956298431,0.006515522929474295,0.28344329638385957,0.01297905855395449,0.29534466214365335,0.02982815144338472
10.304860452277353,1.5875553054346394,6,5.586241250913623,0.008839849753862036,5.580310940586329,0.01009364696759805,5.608830724452895,0.019662500097353517,5.594799112824133,0.05346442585502918,0.19898705009550005,0.00870204873372031,0.20666641013518228,0.009934188456071654,0.18622594560854858,0.01935148562881196,0.10466550406173043,0.05075930354829205,0.3014465579416094,0.006094197577289935,0.2983140623455016,0.00706379689130606,0.3027834149074213,0.012420381806223013,0.3793410655805307,0.04488316675325454
1.7777132805931615,0.07657027425050567,6,5.599283978729765,0.0083911524757397,5.600077377412008,0.009541782316533451,5.601958575342209,0.01959457777019572,5.576139063104626,0.038707146804768694,0.2014788348120539,0.008258764769954834,0.19715601550864703,0.00933608729534598,0.21375117896060591,0.01989536965818503,0.22526201730683068,0.037946892464281366,0.29169774489910616,0.005621941350705686,0.2905499356447665,0.006318551148669768,0.29095180724696407,0.014253902852588365,0.30373827416606786,0.024604239310604813
9.26084392091434,1.4069875577349733,6,5.5889475378754145,0.008712617930865191,5.586245305517574,0.00999138293544934,5.584258360381463,0.019770675421346102,5.647292430049876,0.03840341225034787,0.18628967597044177,0.008778820477501408,0.19799231818181065,0.009956015633259796,0.14164062298561148,0.019930369496373664,0.17620216502708802,0.04362523954031449,0.30666269897054976,0.006125088927563195,0.3041701104314432,0.007045442210435909,0.3114676856038286,0.01345050518543958,0.3123042598679259,0.02800498582357661
3.1744324311584933,0.2706544309313074,6,5.596887503898984,0.008435116462768618,5.599292412206432,0.009623215016477114,5.597716411235956,0.019184537144842938,5.541961102416753,0.04411589072504642,0.19029215934636465,0.008511718998756763,0.18773421104090127,0.009571025109859166,0.19577849217850243,0.0201019496105837,0.22699614966549797,0.04548336600045642,0.299147020736646,0.0057379833266071436,0.3005129909871222,0.006488359413268281,0.29000689932018686,0.013238153997072866,0.31960713174707295,0.0322908311681386
3.213943241004017,0.27729282106649933,6,5.583753226256744,0.008593318462459193,5.5796537543997315,0.009704237530323633,5.5985685665551985,0.020196285728730466,5.578868324394134,0.03837755224992858,0.20455732203518148,0.008657080875478899,0.20260575540467227,0.009903090933493114,0.20293789148739513,0.021259968227657293,0.22851915072843887,0.03462564963908574,0.294524999891336,0.006126146528397009,0.2937478772648247,0.006959620438230819,0.30402373903938906,0.014564997379108685,0.26272200640887594,0.02607065233124219
4.250732979082386,0.4638064120206996,6,5.600462474291704,0.008307085268040002,5.603822950340863,0.00957908901900277,5.595705529192227,0.018831313688972996,5.5694075522182205,0.03687277115259083,0.20092006307621613,0.008397354879760996,0.1943002295353023,0.009576308999272486,0.230885176157278,0.020009806169207583,0.19482753939047054,0.037121302890896046,0.29976431480979143,0.0058336933584912775,0.29713100192322245,0.00671814547714951,0.3042241176857181,0.013359770436209856,0.30840077261783067,0.02727441785800866
2.3310183616849827,0.14225399891300344,6,5.593893540125402,0.008505574446895156,5.595425449548029,0.009636292188936755,5.578694331445039,0.01973134494496161,5.638480142508626,0.04524083325039084,0.1952800988067026,0.008536783565776387,0.19689443051955413,0.00967197051590711,0.1954067699891506,0.020021855816014403,0.16922979544811145,0.04307982213726723,0.29872871945117585,0.005814508631258717,0.29881637585261156,0.006638989605401883,0.29426322368128627,0.01345355003021807,0.311206680842618,0.02808052505537357
10.008224120174418,1.5369477258653546,6,5.599091040758522,0.00839964265453259,5.58766147909588,0.00951549174921231,5.633696896609485,0.02063785020479509,5.653221690317599,0.03322218279462858,0.19037151891496698,0.008395937087699368,0.18438122290430647,0.00948418498082338,0.19850011186397656,0.02078470080408121,0.24958084218473475,0.03396908122099393,0.2924474273973736,0.0056140108166025686,0.29192707316486155,0.006382709038800476,0.2895366338817504,0.013497500453702897,0.2907857527293062,0.023331019687524178
16.244581262173597,2.497713996241371,6,5.592201903080393,0.008498142026577839,5.597186698720333,0.009729231807926862,5.5708268649605515,0.020551599556074752,5.576518564539763,0.031485862919372984,0.19050462017697872,0.008634305475344656,0.19022300652957658,0.009960963606447989,0.2261355467663495,0.020208907730035714,0.09668406046559846,0.031019065058594097,0.307221860947897,0.005890111553119248,0.308411827906823,0.006707187960916122,0.31266670698445775,0.014807129197427812,0.2696949722898617,0.019367093321856436
1.2418427204684122,0.031629459309741786,6,5.609874828555611,0.008652811599885455,5.608242498264171,0.0099210614176423,5.618551254867306,0.01935855201780635,5.605563864126104,0.03506434906476976,0.21542360471209543,0.008576964084602783,0.2127111864575492,0.0100085989168561,0.22049913842210375,0.01881123598620468,0.23078238031521925,0.032200845016672655,0.3028702136371538,0.005714588590223798,0.30456272893501546,0.006639263517442888,0.3016331538321708,0.012591707047192119,0.28611439130170235,0.021853758044129732
7.415577014777227,1.0711157178194322,6,5.610981741105783,0.0087566301613236,5.619576882696495,0.009765240545101176,5.591994047421518,0.022443260858237966,5.531260365821054,0.039579032259098874,0.18685563453331902,0.008736899244511598,0.18272823919767567,0.009825515385246337,0.20432309881941305,0.022105410551079386,0.20027569277542212,0.03768113113768939,0.30206271200343626,0.00601294583622252,0.30120899171326565,0.006782695521340421,0.3116261436195782,0.01496735117255765,0.283725818307848,0.0250400134358392
12.418897013092646,1.9328864338404854,6,5.602821746680699,0.008440061261016794,5.593109920598089,0.009821638001728845,5.634790516062212,0.017080531762647077,5.617169985894997,0.04479218339986492,0.19310859131397975,0.008289433548592573,0.19505428070759578,0.009639970058580114,0.17506725082111727,0.017104229501158346,0.2419712153991036,0.04307726505289916,0.2942424874503988,0.0056810261814335605,0.29832089998499733,0.006631275873874993,0.2677335085330785,0.011801549261174124,0.3262107056655555,0.02754650239329555
9.638769625482382,1.4731456344230778,6,5.5928143230709635,0.008804908217225727,5.598433599414354,0.010154814210805982,5.592376533467003,0.01859808178425628,5.498104475387118,0.04250299793471746,0.2018693601893703,0.008736704030160247,0.20765630384119915,0.00996223427442197,0.18834858645818142,0.01906832336037831,0.1579391860687194,0.0367004725275502,0.30014389723351126,0.005810389756212525,0.3058626559394656,0.006761116348517795,0.2845728984495138,0.011994283753812136,0.27617371247450534,0.02517782984665279
8.980635311017977,1.3573498969148923,6,5.60803494236643,0.008701966449108497,5.604381297942797,0.010062852801450084,5.619034252400056,0.019084245333394957,5.618384221081659,0.03895458224691744,0.2098320991254215,0.008839947814613856,0.20637950879263803,0.010148474877911144,0.2063753381584535,0.01896379504703163,0.270644208363155,0.043809700648583014,0.29477803619980775,0.005977738991546281,0.2984659145226818,0.006858343995980344,0.26796390743612,0.01287605591180251,0.32873287858738276,0.029894980176244094
7.077382934119669,1.0073842482185253,6,5.610759272910796,0.009002289798274396,5.616501334779169,0.010281558783039805,5.588066436193206,0.02161268736349884,5.60908417961282,0.03604956436554886,0.20193616847087614,0.008848565195114035,0.2024517635608971,0.009985414757329461,0.19614121859281364,0.022171406627432423,0.21744764637366593,0.0347581620001269,0.30820936683843647,0.006209988656048221,0.3033671250813026,0.006996203620252982,0.33598768481688546,0.01548890237344242,0.27857877411823945,0.0242255486406026
3.5885530265950365,0.34226263430020015,6,5.59892391635736,0.009129544549224612,5.594105979861085,0.010458223384775823,5.605813605299727,0.020295779459105216,5.658279957907477,0.04685767984934075,0.2122153645130833,0.009034558535747318,0.21511368994928948,0.010352281096951703,0.20954716950237287,0.019911966984194774,0.17827841213120627,0.049512752149950066,0.30481156422116623,0.006214565892354461,0.30360769351236894,0.007142565413673475,0.3038504542624051,0.01356687624016846,0.33215460222558096,0.03316983249130805
8.495669264346361,1.2702651390411095,6,5.609130970477319,0.008679998233644874,5.607726907934416,0.010249404097451202,5.622949811410165,0.017233693681999764,5.559655162444095,0.04697327143406407,0.19543661444483085,0.00862876546298074,0.1978040538316999,0.010203244987752144,0.19282289532745328,0.01730951547875085,0.15149213913085097,0.04661437698944097,0.3088341768353985,0.006036679094374701,0.3102268839630329,0.007290097998953247,0.29657922883069715,0.010986563374730998,0.376063552539561,0.03640318173282251
5.420557289762655,0.6885445018763391,6,5.599101458083473,0.00859471079353068,5.6059432267174545,0.009944803749584284,5.586586450776492,0.02014936933928537,5.55591467722259,0.030221807139865813,0.20915296298673694,0.008501771383402417,0.20370190774101116,0.009670944774743836,0.2228048296669837,0.021013943121044827,0.23240454189269388,0.03177752642623398,0.2990528048019908,0.005867758770944974,0.3021371578493796,0.006634308685038207,0.2857302582904056,0.01474348710735813,0.2819342491981524,0.022932792410701373
15.91681030523614,2.4519734642728506,6,5.596881162292126,0.00894952648908065,5.6017155810727415,0.010485693165571597,5.582670726762049,0.019912383625054954,5.593498759592354,0.02766280918183242,0.21021991010434485,0.008762230614702994,0.19800729987968266,0.010174164517599239,0.23813867594028842,0.019305736400637385,0.25005791645567127,0.032077430271060414,0.3028491719607447,0.00617724579691787,0.3086647099151683,0.0071663230907729365,0.2953581725133629,0.013418297445857073,0.21478540434343132,0.025053822840571848
2.8507528154877946,0.21812419048983303,6,5.598869904628335,0.009219829450854441,5.599024801701173,0.01065381546108433,5.594274817502233,0.020055161602421243,5.625336868197296,0.04616605598297315,0.1982532979934323,0.009185676611400082,0.20068549803999003,0.01063172579335054,0.2008042271533048,0.01964448657739014,0.13090506963601128,0.048249442146043986,0.30715965210299695,0.0062265639878125245,0.3079752337287519,0.00714790172581544,0.3002320664090401,0.013736947950205311,0.33223065405822244,0.03216977172840438
4.14868058761931,0.4446623503165215,6,5.6027444002808116,0.00855493613876273,5.594572359462209,0.009712498104220844,5.631344055814718,0.01963914946863194,5.626577324645081,0.04287412850835976,0.19666040060767007,0.008554509744703086,0.19715263959160087,0.009749469727003694,0.19747379605993298,0.019517362995048887,0.18578231826942754,0.04287934767449599,0.3074431747281161,0.0059962653362907225,0.3047407995965813,0.006866932494510878,0.31039185671376374,0.013599155351385634,0.33224341243675604,0.02754553255546332
4.772557646501809,0.5632014582833804,6,5.590866537039811,0.009214475175558146,5.593735872983012,0.010752958903377317,5.589845210326722,0.019886942900330894,5.55588313924327,0.038325701148051824,0.19797232913280519,0.009071676414081032,0.19622319083842663,0.01060551718640664,0.2043786997427296,0.01963199059175391,0.19765567247875393,0.03738032767359608,0.3130676616725425,0.00662644702100806,0.3202202167630051,0.007753747253967724,0.2889316687085865,0.01401585323825176,0.2989779577876618,0.02689359875354052
5.554353717394406,0.71451009615696,6,5.5984021635410155,0.008891935853709483,5.604333954582341,0.009950574005626552,5.577891163831801,0.02174844182510236,5.5752475703081625,0.0418070875031392,0.199135181278131,0.008773232313067892,0.20182432198630537,0.009962637301659354,0.18875968785870145,0.02025568822268381,0.23499345487946066,0.043125359399196844,0.30408783763730635,0.006079554035138066,0.29805048420439134,0.006880238992449016,0.31858511818116986,0.014676940380808088,0.3376561587024213,0.029898098964981943
5.388611559086712,0.6823456739733694,6,5.591323236866467,0.00848263314232206,5.594723199109923,0.009517907615037388,5.589783160926148,0.021172444334945154,5.538691379910878,0.038050153554802235,0.19596212002370803,0.00851104306502648,0.20234210397128558,0.009629559145274283,0.1802687615798771,0.0203483735152131,0.1466128492672201,0.03871172360120718,0.3034345968407123,0.00588781196264665,0.30392142844885744,0.006671567871093263,0.29357321558562216,0.014128079631407215,0.31688489875847825,0.024772908831137416
6.738786663147039,0.942999739663982,6,5.590834651544952,0.008482187285985673,5.583808910809418,0.009557565717007143,5.603417682700488,0.019787246285874336,5.665806793346046,0.039828451591495846,0.2073879423375635,0.008391542949677361,0.21196617930009115,0.009651216177334504,0.19776794556007504,0.01972190355668789,0.15316679238911252,0.04296090315152163,0.29485550205269195,0.005897055006374497,0.2945029857534766,0.006643323856133252,0.29209184339744865,0.013405452610677144,0.30919063959570825,0.03271118451827784
4.408680311316857,0.49365451141872535,6,5.604005809444894,0.008371356596100532,5.60681972117581,0.009284657846173251,5.59833012708088,0.02061557376437263,5.5848330489257565,0.042179555528754444,0.2107569965020459,0.008370822837298274,0.2177858259421735,0.009398456072947354,0.19485120760531105,0.01965430130474603,0.1606530175463821,0.039748657897713584,0.30937804669037167,0.005783968606886453,0.30696309685706075,0.0064661626827004414,0.31320428840963693,0.013415942291240287,0.33363221914484914,0.02953585467309191
6.773392548551783,0.949604655011024,6,5.607683548691873,0.008642129804409949,5.612558127782583,0.009750102156203139,5.5890452469522875,0.020745296051549435,5.59000369879764,0.03927989192840544,0.21147096012620314,0.008899487358379381,0.21403845067114347,0.010088469924056208,0.20509199284202936,0.02141533280036273,0.17683400917533967,0.03776118932571267,0.310538682638582,0.0059260138506935026,0.3156320510149176,0.00671598275561588,0.2969920710204592,0.01407970176904676,0.2571651449794196,0.025431794491217633
8.36052041077346,1.2457333199875738,6,5.584705741861694,0.008473026721994787,5.5764941305624465,0.009739703204074893,5.600881954834666,0.019121994375581326,5.64817834051845,0.0355336480418335,0.20245650811113378,0.008428633234424924,0.20092323306935034,0.009700651432060479,0.19437443158252943,0.01881217763027407,0.2525905566563506,0.03884199618571967,0.3026108199683263,0.005860472522528506,0.30659284771036743,0.006697451006508617,0.29105272739272464,0.013210032776048342,0.27669604561690947,0.027376135502565915
5.847444859580719,0.7713580154327889,6,5.592732588581725,0.008702758720126191,5.596319246392233,0.009825626639451824,5.59097189616031,0.02083618602066599,5.535040878573273,0.040834367828533294,0.19728373461659507,0.008734409110504826,0.20339611771309507,0.00988718730402758,0.16859327974011515,0.020913158329696615,0.20719501835738693,0.03954439191759144,0.30176969887448635,0.005966353841183404,0.2978526095335849,0.006770385917932223,0.3127777941557921,0.01416727057993619,0.3126639972920922,0.02741123917259085
3.146481065195985,0.26598579852263204,6,5.609545147471466,0.008756579605211137,5.605020523443997,0.009853255735563057,5.637249922224927,0.02219410697160257,5.596729864168178,0.03717375291526648,0.18352900877793574,0.00865751683687839,0.18761595936856346,0.009693514581605773,0.1637968077678524,0.022070431113582763,0.18230619870518616,0.0394913176807326,0.3021524490374468,0.006082568442507611,0.30021987958210355,0.006865193982763324,0.3078714134515056,0.014989451841043265,0.30486721081797963,0.02805237846377505
3.4693317399942316,0.32121772039878616,6,5.5979151280224935,0.008458312593855459,5.594043092675784,0.00965906949558651,5.605395469412532,0.020040565150485443,5.62363089596225,0.033587054281469804,0.19799185810743686,0.008602894065990328,0.20121294754921082,0.009840341080413234,0.18984550821525978,0.02123695914159697,0.17678659891988502,0.03149366269915653,0.2986592731834929,0.005881384803642849,0.29858053299543297,0.006636105628265538,0.309415495356983,0.015686771492644927,0.2704765444552492,0.020644680342541598
17.19481871894095,2.6278237332777614,6,5.611082478397731,0.008456906348399042,5.618551074201245,0.009547375142499119,5.608293665486876,0.019591464349155794,5.52625460561362,0.03873227182925254,0.21231403216516292,0.008383836321190705,0.21183880906664188,0.00943000917086568,0.23147235900178376,0.020012883379611025,0.16110371214889108,0.03865574528099072,0.29412568696534563,0.00576367710859697,0.28601550154255,0.0065188919417550435,0.3046468639405034,0.0129661886955002,0.34720384319244724,0.028099026474293617
4.516259138719761,0.5141153395680291,6,5.595883291456272,0.008772400954026024,5.589888700928027,0.010004230714135618,5.613583525931586,0.021908731378546455,5.61459790678619,0.03164813921753431,0.22290825048942173,0.008707274777631637,0.22472203512753694,0.009862951372172373,0.19864282831688335,0.021496570443424665,0.26167818784027636,0.032029478668252225,0.30802736272844616,0.00594014221907524,0.30908635934066,0.006699879722645314,0.3067203475626018,0.015682522814670755,0.2969102947739325,0.020497451888824604
3.153774276477634,0.2672017227655835,6,5.588207910875161,0.008111234955681322,5.591719074753874,0.009203092454633249,5.58598503243467,0.019172389356375042,5.535258309287918,0.037619690223697495,0.2004368528599975,0.008387595404017718,0.2034285216708756,0.009529811398316698,0.18685310197914157,0.01976373725733556,0.1947250180415415,0.04047968291466488,0.2904271278881943,0.005610236490642365,0.28858926608129937,0.00643822352466942,0.2926189199743251,0.012780866332074321,0.30388784565196875,0.024794393742570458
11.707489843422081,1.8195886843752727,6,5.600030685463666,0.008666977275520493,5.599926338353658,0.009937531965736938,5.611435231073856,0.019351662372208783,5.553304813369344,0.039788326324578585,0.1990340337797874,0.00882863878495379,0.21314889785366908,0.010163970459068994,0.15507483596550184,0.019256642423321698,0.15487077558333964,0.04181679690919031,0.3072069811134818,0.006201138751224749,0.30712117412415985,0.007170163551678385,0.29482635368531507,0.013347930962137189,0.33947003599122283,0.027909061104857157
5.668243170453934,0.7366095064503384,6,5.596458790245414,0.008958601335726952,5.592860217612666,0.010105879802142321,5.5988574529213135,0.021511435560554994,5.658319923348538,0.042656058553870016,0.18330638809834368,0.008806344700455404,0.18684846187429593,0.009874935247208557,0.1573850669200818,0.021459689160565856,0.22731578411759795,0.04675669934340533,0.298863821317558,0.006073739778198134,0.2961498361008021,0.006848191229134133,0.3136719368387601,0.014677782120864947,0.27604903976466705,0.03219499233289712
6.9704230099741835,0.9871050678245461,6,5.586278405951835,0.008646219954945179,5.5893548263321975,0.009843097013589704,5.569606214515295,0.019429688895473557,5.61273192126422,0.05213793846072944,0.20067742397277022,0.008518630264766196,0.20910695208462948,0.009778217604598712,0.1817863569844328,0.018100024413906866,0.13403079719599834,0.04642379875557548,0.2986535469247275,0.00579953372776653,0.3023989884647601,0.0065909377823620335,0.2820600094118521,0.012611499743119904,0.2973551628344134,0.03537548881634552
11.389381402623258,1.7679918674565784,6,5.59584974255578,0.008745761373962014,5.59953872920191,0.00984941827596192,5.578051074558151,0.020129639669128677,5.631522635158832,0.0333618490145966,0.20466769075121405,0.008905373416570854,0.21445927311836113,0.010260106742008997,0.18214812758513488,0.019734440130522318,0.15005359970372342,0.033478851759767926,0.3075172730313423,0.0061386165822026875,0.3137910947424574,0.006993023047891187,0.2937998097258325,0.012858332547026107,0.24768476228789843,0.025451100563338713
5.153147234872449,0.6366905811309802,6,5.609037164178012,0.008729326628893927,5.616369148645839,0.009895808759495132,5.575160880649218,0.02199024226016442,5.600484256932162,0.03718535501796254,0.20033874972267796,0.008705128835317483,0.19592677135646186,0.009952950084163147,0.21046473847721703,0.021085461401051282,0.23086955782942017,0.037814029221558416,0.29792386957195754,0.00617280504594547,0.29611881596572937,0.007092984794565333,0.31004759651110286,0.015197986994914035,0.286249714970582,0.02450257283096024
5.7931030424369965,0.760825152502174,6,5.597935186071039,0.009064332115578411,5.604680830010798,0.010153467135283027,5.58066837902743,0.022571946189607638,5.539918000236402,0.04185932556854505,0.19098788038053444,0.008930200680077292,0.1946068913521239,0.010084042173104189,0.1777105367575783,0.02132948856462347,0.172544866856547,0.042747367523051194,0.3078298373443253,0.006390295924104564,0.3029368748705088,0.007165108339641956,0.3287517067516865,0.015514981246425997,0.3060556523717667,0.03127856593278428
5.379262848815415,0.6805317516630525,6,5.591102787347738,0.008237217171857825,5.596441856924551,0.009598939492206195,5.574242269422698,0.017585402062851137,5.58704928864776,0.032818015386465324,0.19746111112119535,0.008274857953446034,0.1983024286171186,0.009648005247806901,0.20469018041947407,0.018629485728225908,0.16696156465628853,0.03452600754477945,0.29279776094250726,0.005801538739142334,0.2982611474630258,0.006676389512762307,0.2769589969539054,0.01268825304667999,0.27419390363310636,0.02527784024529174
8.31507460353896,1.2374586031756978,6,5.605813085908627,0.008598593134522558,5.604901848370338,0.00999486426225357,5.60701564831796,0.018803038281111895,5.620293049071134,0.038177201144129265,0.20661590068911984,0.008633746732084112,0.2146070224052025,0.009937909361381158,0.1879802102310083,0.019269533132861855,0.16212801544652342,0.03997987365455474,0.2914290321306064,0.0060099044112651625,0.29528209513874665,0.006971405045119921,0.2674602408540364,0.01312182979943569,0.32755859233516676,0.029357502118352866
11.675858418471762,1.8144843865728715,6,5.606684354568307,0.008711664527401675,5.613334652179792,0.009850233267071183,5.595797335783953,0.02107216819010624,5.527554695683079,0.03793679015167358,0.19929761545945401,0.00862554617392057,0.198776656309834,0.009712753717917036,0.19165525295940633,0.02131386938698204,0.22828681093401362,0.0373146879784982,0.30226282094978063,0.006017497942257779,0.29827734617275864,0.006790972905230356,0.2967188862881243,0.01463546321157904,0.3632449440402983,0.025254448660722784
7.2597290417324984,1.041822117216758,6,5.60536146893839,0.008393292437025711,5.597786539841454,0.009301600858248087,5.643584877687291,0.022149111552560993,5.613646894584093,0.03885867505493263,0.20839891668912514,0.008415814269068641,0.2113247901381722,0.009551813808787963,0.2111370716476952,0.021572318249367964,0.14276866036419114,0.04073172392030347,0.2899865774063131,0.005894639667647113,0.28730449791895635,0.006841592601319613,0.29363704108985755,0.015509850389077078,0.3082295152388708,0.024408195164840257
1.0042975489341188,0.01823812966264776,6,5.594809111929293,0.008619587274457106,5.594452388598535,0.009987866672030757,5.599024724432507,0.020239038002736163,5.586380217617386,0.0330350474619453,0.20593302088600218,0.00870651784555776,0.2032311744020126,0.009835041002942578,0.21501664937168036,0.02142960334610269,0.21368854356023395,0.033935498984515804,0.30266132415901276,0.00582327348321508,0.30148260608328775,0.0067057465285611925,0.31097831806171367,0.013787148074406336,0.2922788620696341,0.02240192361793729
3.946444445522502,0.4071144425869968,6,5.594800131207605,0.008444835674563875,5.591570143652037,0.009579296011526486,5.60262581635442,0.02033728769844443,5.618798309952799,0.04550442338215852,0.1968755673267545,0.008348280310468047,0.19322204064861415,0.009513927088937515,0.20927031662431794,0.02046865655062399,0.21297572721572583,0.042749428291131625,0.2912765398471876,0.005808879649439003,0.28622735268645433,0.006821301080710259,0.3025861836298733,0.01357749761580449,0.32408505271266247,0.02952810305647022
2.9173156680335524,0.22863736018727934,6,5.610925790899891,0.00860808736431912,5.612827908135663,0.00974568453592169,5.610075005780922,0.020787641625361945,5.584540319066302,0.03579132050723339,0.19296623452937745,0.008671836635620527,0.19179603385653907,0.009870282914701179,0.20608902932847217,0.02186568922244544,0.17990345205025116,0.034152814264221835,0.30447130955316015,0.005903922265663315,0.3042442202361113,0.006699894558177984,0.3149048404349242,0.014970633833763455,0.2780065818601557,0.023305118876175732
3.6982977309962735,0.3618996339707914,6,5.600514248800773,0.008259822416096302,5.593644498349001,0.009386627744955328,5.6151057016269865,0.01967450801374412,5.658900325208424,0.03881088229842935,0.1953465862047862,0.008322462963562396,0.19483773245993413,0.009495071294111541,0.19336115177795166,0.01979026988320955,0.2147322939468667,0.0363694316111588,0.2934348101598227,0.00574713757490384,0.2936133702381948,0.006550922709150215,0.29251601885084855,0.013504992903592281,0.3010152363615086,0.02717566468605104
8.731865598529112,1.312864061601542,6,5.603115477524251,0.00839443970912081,5.607181787186013,0.0097381170463075,5.597607340756169,0.01822158229531179,5.565063971681362,0.0361431209402124,0.18482412075223714,0.008424578316591217,0.18084569017219468,0.009779068408510358,0.2219170678902007,0.019149435632113618,0.13146177949870194,0.03174347923019011,0.2908737100624205,0.0057628702071783324,0.29360954823889385,0.006686739887902748,0.2779087217766501,0.012874898328258104,0.2829897993403357,0.023184985696030527
14.839443998396746,2.2983316749429874,6,5.609374412854662,0.008895386367752452,5.608656389875451,0.010258564727125783,5.621303617954299,0.021071704866634174,5.590471865900402,0.03061934661566435,0.20287944882075437,0.008624040007331146,0.2021190105283112,0.009803107987710167,0.23383694800077853,0.021473731541380596,0.1226804755348857,0.030700107897774633,0.31173464562517156,0.006049916815692705,0.3165313131209415,0.0069300650947909295,0.3068794298261419,0.01420387455178484,0.24969993469491714,0.020882462558361466
5.785213318667957,0.7592955555642529,6,5.608275651043567,0.008746520539612385,5.605781947136848,0.009796524828926444,5.603563663492675,0.022654580183287813,5.660899618702988,0.036699078763338944,0.19106948926518397,0.008631503091431946,0.18585693642096804,0.009654496186443928,0.20265109692176453,0.02261185105956681,0.2283251500873841,0.03629763019265536,0.3089866291229383,0.006006322320704188,0.3045625969285997,0.006687200324980931,0.3268885278605084,0.01645985210221143,0.321187935342825,0.022844261696393534
2.9449398931028554,0.23304678748102706,6,5.600277700713132,0.00854606705066501,5.601804983631641,0.009839734606674918,5.600371769092891,0.01878101020580285,5.579608735790073,0.03876088707494213,0.19514610290102216,0.008654399840297575,0.19731092498719688,0.009918626684407593,0.19476796339557498,0.019826245718497296,0.16265609780901222,0.037913345131353776,0.29766709203484565,0.0060944228834306806,0.301236717404781,0.006911910022915058,0.28032345375875317,0.013640503094206757,0.30218687381451537,0.03029144349630722
11.00313531034044,1.704543587912673,6,5.600040218257183,0.008499450478872982,5.6016154280300965,0.009235110171022347,5.598543857084762,0.024071196801565053,5.577576499090916,0.04458403707070403,0.196025932475617,0.008456626018849512,0.18963382405578338,0.00927355085018545,0.22252943974677264,0.023255738490756156,0.22207069705193103,0.04082566890215567,0.29813409953325226,0.0058569087585915915,0.2908239970938178,0.006281048746319807,0.34076433139478524,0.017149744689691195,0.2945152314066243,0.03152821445511874
0.6755405269068433,0.00626186101274656,6,5.6053107510394,0.008968868255630974,5.606116168762406,0.010263904355301952,5.602530845337341,0.021097944601497158,5.60162252990474,0.037331916763536005,0.21675479277783083,0.009097055200059146,0.21761266604343643,0.010336574327644244,0.2067416326001372,0.021646493085108808,0.23705425992062246,0.04139502773515793,0.3098731877079206,0.006419198444632964,0.3113423919192797,0.007306501959409743,0.305122251357136,0.015547212879840386,0.3002305027003691,0.02654927369968288
1.3962235056969803,0.042515515250155116,6,5.587228885802221,0.008770230752739985,5.58835787892564,0.009834533607882431,5.5778355864184075,0.02184842441923215,5.600798828946571,0.04345544104718429,0.1925661907934176,0.008852625766507935,0.19336278587475042,0.009894940208176094,0.1968705092684954,0.0215735884569408,0.15919882485066394,0.04828322275591788,0.30515672670270816,0.006137636667131692,0.30318946462120966,0.006714964919154083,0.31272406275099934,0.016302558542846936,0.31201427784828795,0.03796736645774921
4.015744350763271,0.41991758498556025,6,5.604486014298135,0.008634892823147321,5.604554512317049,0.009973638651826848,5.613271543571193,0.019440221704343168,5.568376592169999,0.0365232373785115,0.20444359123902478,0.0085181410258765,0.21005987798284337,0.009673456735961641,0.1923160447039049,0.020015728799778483,0.17161610168006175,0.03939378273963497,0.3040849944033212,0.005981223119893439,0.30013764543669774,0.006878423478396257,0.3115203062929974,0.013436664585942806,0.3212929078213834,0.02629928785493085
1.5034249320160598,0.05107377996679624,6,5.604644841453947,0.008565733415877892,5.606655144629981,0.009807215460192387,5.589486609938499,0.02015108014695276,5.630417311522876,0.03690890176494222,0.19987917429042495,0.008520351152691149,0.20135809406156666,0.009771574249796902,0.19320559667671738,0.01970758262678036,0.20377264491633096,0.038616053051098304,0.30423427263966174,0.005968978769568517,0.30318102159292765,0.006862749602421349,0.30947742570646364,0.013560321316498283,0.3030600237518054,0.027697374393916622
5.8841239348985255,0.7784646734670337,6,5.595841071219834,0.008692819019619751,5.598787639184697,0.010021731591706535,5.5811844539708755,0.02051075629442643,5.6160467662636355,0.04175210046272203,0.19438714462870982,0.008692369661021625,0.1979110514011416,0.00979821074093504,0.16442356529036978,0.020606202530954534,0.26820222737156546,0.04476942219391761,0.30297202051153543,0.0060397589471467925,0.30228599256462374,0.006939417410316587,0.30619714827534544,0.013953501140125965,0.29369912353972927,0.029756011989179463
2.4786504188086838,0.16257975211000358,6,5.603782181414259,0.008631692425871022,5.601194464206612,0.009853632354483964,5.60983970064823,0.020593204166651606,5.624361403574916,0.03525061936300131,0.20032644486899828,0.008626222524917885,0.2050612956761907,0.009909659886263435,0.18172248740171565,0.020192867559183494,0.1955080603364093,0.034851405334112955,0.3052294884741742,0.005793914732841834,0.30606190846701276,0.006552804129686707,0.30635829333851494,0.014233099566178365,0.2815457544846112,0.023382121975482978
5.75472595973406,0.7533841255372448,6,5.592386530477275,0.008305494924344565,5.5949350028701215,0.009644024224080235,5.586155204615604,0.017583563596620187,5.560846500657113,0.0427883533872509,0.19891056486847114,0.008247649723486388,0.19888839765162966,0.009597129131753156,0.18890109783200504,0.01737453603604966,0.2471358684853754,0.041700481832753225,0.2935958611812783,0.005686560676126693,0.29691568194263906,0.006688794358317852,0.27568616070676094,0.011600305972660431,0.31824141847751775,0.028215102513073402
5.069546831786283,0.6205059990768302,6,5.6013193478200325,0.008357589704526415,5.609806906653064,0.009791877229409947,5.571535207219899,0.01792294666097224,5.599188383601801,0.04961150576090351,0.20537350132533305,0.008326423983271889,0.20402602962346383,0.009626425045767568,0.21534928151297233,0.01852238359660969,0.1774476698547832,0.050667745637804094,0.29203120628495205,0.005892859800047654,0.2925057653707326,0.006864163291887829,0.2826922090558545,0.012747662352756395,0.31624166242306256,0.03156069791821739
7.0450074181717355,1.001251985056048,6,5.605625029417648,0.008433212346923772,5.61130954981842,0.009777357873516985,5.602204935907082,0.019181910294334373,5.511862429283158,0.044907777630070346,0.18266832805008262,0.008429306999398188,0.180529559790087,0.00951685219433664,0.18222489760141658,0.019434101170652977,0.22254219551843724,0.04380095271812139,0.29115654876641,0.0058111054544669775,0.2907515555260744,0.0065930680128171585,0.2859314359292761,0.01308988173543391,0.31393454841429597,0.03409621088823995
9.974984237414901,1.5312425907960994,6,5.605157913365233,0.008802555783657804,5.618544151885821,0.010050815483981233,5.571833668884467,0.020835298409630474,5.53088566862681,0.034883203640466376,0.19450855180986026,0.008783511419802608,0.19766721582970959,0.009998594484687534,0.1891165063514553,0.020699214268152813,0.1617651882409871,0.03914258101136032,0.30673496552805674,0.006070179455936783,0.30578082420814545,0.006747308786535731,0.3135190004884183,0.01592658876196244,0.28723909580528834,0.025847572342197846
13.926802343004965,2.163996786737537,6,5.601786617710403,0.00880506571599341,5.592512501669277,0.009841928013352399,5.64549270525761,0.02044708925426356,5.596414174986419,0.05546234781784201,0.18408413890364927,0.008616990629050612,0.1892490506117372,0.009592572802973544,0.14285210509890453,0.02085040615384101,0.26436594484282605,0.04923365060709904,0.29900084121087794,0.0060456113218296,0.2974543960099515,0.0067137522226957055,0.2944042518132663,0.014696383031728575,0.3441692252504634,0.03673891244038545
7.867549796195817,1.1552978559556826,6,5.605790485005069,0.008315537382530706,5.602670248336476,0.009608805943252436,5.625554912251736,0.018305804523177878,5.5700142381032025,0.0387474121850974,0.20409424775734586,0.008590803356713339,0.19396004729183058,0.00989032432426733,0.2421682342285065,0.01886545179122138,0.19564315978195798,0.04325544257993585,0.2985604534969978,0.0057819678867563565,0.30057089442371615,0.006752035956159695,0.29174993310936936,0.012452828461960724,0.28351527197393617,0.025392664987134904
4.499051576451166,0.5108361607133699,6,5.6134563280401,0.008796658020840597,5.622758062391802,0.010221651728996122,5.588714825619303,0.01930633358393255,5.580412680973437,0.036736479541976994,0.20557494979017155,0.008608071131312709,0.20809343941406722,0.010017038784538499,0.2016986137191236,0.01901129457645405,0.18486184859933738,0.03504514712352423,0.3078022891651833,0.005970620041141897,0.30787084983981683,0.007011460956031561,0.31125916111886637,0.012405406678806106,0.28222582874882957,0.027391867797396878
6.7516407174261985,0.9454537006671629,6,5.6045948789082045,0.00862161320808206,5.596809131829222,0.009758770658978063,5.640000235422662,0.02163153479259413,5.613587908683816,0.03274752011768973,0.1813859843682779,0.008652917553441702,0.17600993554793665,0.00979246860307338,0.19482845111058725,0.02102421321348857,0.2202540971648447,0.03508069988640013,0.29998611790588864,0.006032853435232685,0.3006617244069374,0.006904303323259196,0.30540341087002015,0.014468513375939076,0.2713457147092914,0.021874924150242392
6.314715742264525,0.8616606986520211,6,5.592393909670879,0.008786026552279445,5.592503296366729,0.010039779005047966,5.59814063639694,0.020340600768794764,5.565264581258969,0.040540205833656084,0.20732244555331045,0.008734541460970165,0.20024789939657386,0.01004180842971074,0.24435520241240397,0.01958698918532457,0.1708282534754076,0.0387613672460714,0.3048858083582697,0.00620937829404062,0.30751128985511955,0.007083606294011215,0.29688508444926365,0.014534725156483306,0.2820777008845867,0.02787300601877744
6.256155670926091,0.8503766389779065,6,5.5797640410643075,0.008835811815389638,5.575796321776691,0.010011018281924975,5.576750352284448,0.020617181341959567,5.678472969915822,0.04400383399422038,0.20193863808796142,0.008792014494561214,0.20163472637071,0.009912717350280634,0.19409311013225378,0.020248536359508292,0.2354365508424764,0.04432171122417653,0.3042456512679031,0.006081751106332278,0.30510511051383615,0.0069274459230686475,0.2991043003703073,0.013566640692541598,0.2960969685770581,0.0297823732102174
2.8258176195522537,0.21422760080797615,6,5.588173044122645,0.008454360187680594,5.591803614646619,0.009558878161636974,5.564675586874475,0.020745281871545798,5.610849876297137,0.038007436071436654,0.2043650136920679,0.008616530125255371,0.2087526513668534,0.009719794053101203,0.18724434090641082,0.02151154792916231,0.1925866078784212,0.03729865445703621,0.29191546491447534,0.005889599416098307,0.29106721235644334,0.006579375470977291,0.2975249195925854,0.015284725177577735,0.2939049703547899,0.02597636555147508
6.053545856528217,0.8112560057216911,6,5.615503161470205,0.008341916447547743,5.618909504326903,0.009451277124894096,5.6054386062749275,0.021565589307643396,5.593935074012033,0.03139601510487061,0.1888502704720389,0.008483930572692729,0.1913396407997096,0.009728267627039072,0.16171327909017696,0.020781949374204432,0.22529130210552567,0.032264101603746785,0.29567455921394425,0.005841023865215076,0.29390926456241173,0.006693254162885541,0.3127000768905588,0.014321093267817948,0.27531402563212004,0.021489859789780668
4.895072999162949,0.5867975794959439,6,5.611745853128609,0.008768673222090517,5.615018758567458,0.009857522837854616,5.587130309213949,0.0223937891877538,5.654345630380039,0.043265228125484646,0.21409484116352387,0.008612155513865965,0.21131309821292654,0.009772258910546408,0.2320953411530048,0.02132222306285624,0.19013885077956594,0.03810241193299039,0.2955499048029873,0.006075718222146488,0.29242640084356525,0.006959774005021725,0.30754339109856377,0.014611931677662554,0.27776219075020947,0.02813031206203833
6.801047657936579,0.9548790729185384,6,5.602250887478845,0.008556794199603927,5.607878288384296,0.009962718870827947,5.585050271703355,0.017938871191125506,5.5978594997509,0.0401886627747493,0.21497209457231634,0.008611092920520815,0.21319827107867284,0.009944117459004548,0.22618508135462842,0.018772295711530697,0.18531767615955017,0.04010805140863933,0.3002670527091876,0.00581691431350406,0.3009594071341656,0.006745734387691696,0.28486312334637875,0.01247969140681293,0.34427528816552133,0.026059594228782124
5.695554841935518,0.7419078236230029,6,5.61438738327775,0.008425399580042264,5.614086630080311,0.009639351939745607,5.5950084996086495,0.01979883197494061,5.673692380604484,0.03382390015410977,0.18978260101378996,0.008519612035851599,0.18928912159554295,0.00974812165861931,0.1985155635078182,0.01997294173256587,0.17645144223311604,0.035159650258136034,0.29933461984043247,0.005677411805524788,0.30279751387055354,0.00651759840538071,0.28515764321172404,0.013543366258613096,0.29350854984829333,0.02123892827095621
5.385595142666716,0.6817603944441204,6,5.583514026623987,0.008669797804658803,5.575650434958505,0.009694449010353894,5.617219377410666,0.021188074786065908,5.589709403449745,0.04481023333962116,0.1991582403011202,0.008689049795650744,0.19519711248392702,0.009758074833527348,0.20828879400889733,0.021365269238157205,0.23115881217164758,0.04139729234253295,0.29947824931624994,0.00602563293743904,0.29649713108358433,0.006745055151675698,0.30630490161994467,0.014579959717767581,0.32486839313146043,0.032912350199898466
2.3810078447131673,0.14901744328654135,6,5.585451742815455,0.00863529320797963,5.584129217769123,0.009683050963738452,5.584313295958407,0.020887474382378046,5.6471028624332815,0.045827196291118,0.19700356071052194,0.00872790730276634,0.19982082315791241,0.009844744225707214,0.18755957146357508,0.020766509036042158,0.17771865951117838,0.040685244212140544,0.2994645707141533,0.006170712106961102,0.2993928481570793,0.006933126495043514,0.30401961276547046,0.01430071248868626,0.2471626898672785,0.039774144818238696
5.656422106549144,0.7343160872098393,6,5.594069589077131,0.0086013969250202,5.597857238030803,0.009743702564164403,5.583611385938997,0.020555035219972696,5.569541467654304,0.03797096009713473,0.18530959051596688,0.008453596173298468,0.19243131178360018,0.009591761704978819,0.1542650840043907,0.02019392078217992,0.19386527323951597,0.035206826496553635,0.3011845377977953,0.005836906247442652,0.3002737643809903,0.006607246391577952,0.31096485499594206,0.01425483362019192,0.2730591309512885,0.023984585368170056
3.291578800053685,0.29046506856763227,6,5.603647143959737,0.008578952419534247,5.598512643173919,0.009644041483859046,5.623888174529439,0.021791776914242254,5.62246929153853,0.03878897930897729,0.2141900312557281,0.008460361330131814,0.21968738331126578,0.009582724554696265,0.19461650532918684,0.02047345831068894,0.19359866313447643,0.042492789335413804,0.29859023320400296,0.005845641445432676,0.29624851871951524,0.006560003607196383,0.30560956970184405,0.013835538113379715,0.3042677477650366,0.029746692311738394
3.4790209832572145,0.32291615784953875,6,5.5950103092452235,0.00869151872895192,5.5963842910721615,0.009910761708471246,5.580718071540181,0.020194062933715198,5.636372922145413,0.04023660295891907,0.20139768388799462,0.008841806127555266,0.20223869783849496,0.009984528864065522,0.18671768426086116,0.020819855395767077,0.2455347033546373,0.04035517088078579,0.307609870145945,0.006066041986478597,0.3065260419011119,0.006711213218775647,0.3112281435191179,0.014734063925752513,0.30699305555534484,0.029567771243739358
8.657296943929396,1.299453227696629,6,5.596024767208323,0.008354298842975096,5.5982066411965095,0.009655901860151,5.58015822279937,0.018268562016133805,5.640214294868329,0.042798587884917215,0.2041963829700323,0.00852094113134999,0.20708001282108413,0.00977784918544772,0.17525845232323334,0.01971594774261032,0.2967350293933822,0.0459510383568644,0.2924691151753187,0.006026195123874332,0.2907741515549418,0.006899004659108408,0.2915484028894095,0.013471306633970255,0.3074587912383122,0.03650181716924409
3.325610416912241,0.29629071892488285,6,5.5952833854932225,0.008099674236126415,5.595170808812294,0.009029368060278367,5.606283548221677,0.020898798620119948,5.562966571008842,0.038504732246554416,0.19239802955590993,0.008197786678721095,0.1870790529374489,0.009150103259710735,0.20703851814685376,0.020518902755248102,0.22646855681722078,0.04261848824559596,0.29215184007429984,0.005376438214381496,0.2920956168344606,0.006046219559542419,0.28774988686986397,0.013044527799091933,0.3032986773040302,0.027183159514976265
2.702360326089547,0.19528680308479757,6,5.603853504236285,0.009037698832912403,5.607795168048686,0.01020708746748033,5.58892921849164,0.021560350349058403,5.587006143818837,0.04498422855533933,0.20149786872217265,0.008828516042260735,0.20151444366015464,0.009985466646973884,0.20533160342801937,0.020990031480146953,0.17878480220659973,0.043975424417506084,0.3020694806267099,0.0062830089692212055,0.29927057328933593,0.007174955948165183,0.30293702824000923,0.014487638510069878,0.33991693674616213,0.03014141577128904
7.834106430513202,1.1491095122505055,6,5.6168899819628635,0.008206845543819568,5.618310917370853,0.009256689743618844,5.633562399393675,0.020336972937725017,5.564475514997623,0.03541569166405035,0.20819930195571124,0.008278154665140695,0.20439892714067082,0.009380396818657774,0.22218769042309103,0.020364956314724975,0.22563961262501803,0.03349988628736483,0.29507908941388433,0.005819143130540464,0.2886533706601417,0.006550734227810009,0.31318069373278723,0.014699353928531653,0.3166244733391316,0.023256344568413342
9.07689832689357,1.374458683708268,6,5.594739238257069,0.008119375606927692,5.585796778786449,0.00904981641909328,5.636538640681837,0.02096298724963349,5.605631248397808,0.03924310656502841,0.18518640844726997,0.008500525881772619,0.18348411173890722,0.009520414966821976,0.2024092875098029,0.021276781069417234,0.15333586963483092,0.04107147351636051,0.3003762074328001,0.005632742452897726,0.2956205233454837,0.006210666879274547,0.3189485909412638,0.0150899896230166,0.32687706529043875,0.028547632786813354
2.5810741081950255,0.17728297391992665,6,5.603506371641158,0.008411234228351954,5.601176958234299,0.009494743381190947,5.611223025400797,0.02027493965302519,5.62874571329702,0.04169931559051661,0.19297024803190274,0.008342177860778578,0.19444247588139044,0.00941222538447466,0.18441976897467321,0.020415108602309953,0.20236925473351977,0.041512070642404565,0.2899886991526524,0.005724007199918867,0.29203041380928363,0.006413414658303657,0.2748940328573342,0.01403212313393139,0.31359501174704885,0.033039192942578136
2.8357617813453544,0.21577878288650082,6,5.593808397629129,0.008421432899932153,5.596804189876938,0.009934983993103804,5.5892231198309705,0.017737288985533242,5.576699427493146,0.03524064405395764,0.2029279318036155,0.008388602857245022,0.20057884106037946,0.009846128070992107,0.21240134355047546,0.017767194143595656,0.19915947986757876,0.03667297007939454,0.3015490143628258,0.005835063109169003,0.3056979044602915,0.006886048120978342,0.28528384931492506,0.012183499524284254,0.3082362089495838,0.0254937096249018
7.883007370153791,1.158155873595998,6,5.60900828195041,0.008918003890624806,5.612437771197462,0.009976013626436634,5.575451024498257,0.0220145762196114,5.675449555609711,0.04106877841594422,0.19070328396592662,0.009036970966697122,0.1886527867881425,0.010084312981150872,0.21310613897166122,0.02222025890970887,0.15413222321823636,0.04204496095749537,0.3054918899840636,0.006441605390608146,0.3018451709546647,0.007181391164838352,0.3109329417607113,0.016415585370308475,0.31097565895472595,0.02817796618071241
8.417086138026207,1.256014816552119,6,5.58153740133392,0.008600620348768725,5.5768331496594055,0.009775853352101696,5.591736229109285,0.020033746023361283,5.625606128444148,0.04654364411921746,0.20493230876471796,0.008483377352771809,0.20969513909011583,0.00964871856749306,0.19519237695918318,0.02039776077761607,0.11443127091991528,0.049341248504087616,0.2917010878509807,0.005838153226391995,0.2873523725729333,0.006685234437167163,0.3005646600985474,0.013107169285641674,0.35871862995919024,0.0383865078928757
6.9293894979928154,0.9793103680174025,6,5.5898594702336455,0.008496106562430075,5.579745312604109,0.009672910709631865,5.609988434208119,0.020049538231385857,5.663908097534655,0.03588346049038644,0.1983322230488992,0.008645209930503201,0.1950968113573967,0.009899986023183949,0.20254613873250032,0.020199680049218217,0.2168868727176305,0.03637890695822864,0.30506877022368184,0.0058345943095573895,0.30444363528006424,0.006728437594644725,0.3081000087769913,0.012924104572526397,0.2962442880875747,0.025411778010339316
6.8674324258754496,0.9675257738494222,6,5.599951258411959,0.008571228597824932,5.598518482219014,0.009632298965691163,5.604136382181337,0.021273617241046983,5.605968148687274,0.03964090572226639,0.20302836738436736,0.00864686332964762,0.20650085780035737,0.009814965421538624,0.20970751387454284,0.020813336141687722,0.10653630699845357,0.04142107442736357,0.3005035209239961,0.005903927443204006,0.2970666680919562,0.006656741286626096,0.3124208151290336,0.014193548596964133,0.31058278704094794,0.03231003707685321
2.5224062580236932,0.16880291110936105,6,5.594700881259018,0.008509617548048309,5.592326255292055,0.009647874523453507,5.601561845869396,0.020552058888249965,5.608307896469895,0.04017555378447994,0.20096713361205565,0.008494105509938414,0.19694080881624576,0.009555636108978015,0.21123401654520949,0.021299437060078596,0.24413901958846407,0.04555714960511724,0.2941299099585919,0.005843507039673933,0.2918055931739247,0.0064515171057226255,0.3005523720878322,0.015443635612967407,0.31686535125826104,0.033366762635420696
13.850253762226203,2.152545906850686,6,5.609563976699357,0.008547042047401615,5.613998374576951,0.009612102232280841,5.569561637257682,0.020898231035848605,5.694944177131974,0.03742248585872132,0.21858978456636968,0.00866966395773576,0.2123773191405495,0.009790617443633525,0.22903589782605127,0.021038912949437286,0.27182948638317833,0.03663798402619159,0.30067625381461816,0.006156286587702314,0.30031228703943713,0.0070562706724159145,0.3077522926131182,0.014597582642849308,0.2577541402055443,0.0247120041927544
5.112067263646168,0.6287355289135657,6,5.5923392484289876,0.0090698114273658,5.591861908724444,0.010076361119880499,5.601347597253048,0.0234349524396257,5.5683485167568145,0.043804098682947434,0.19403826671500882,0.00889126170752572,0.1937483649787908,0.009975705870070796,0.19376247531511126,0.022908316513599505,0.20900126661308854,0.037793516157475913,0.3008825641627404,0.006241783702051714,0.2939820415239758,0.0068773418439466395,0.3263171101474472,0.017119357092894236,0.3239656698466829,0.02767309518151552
5.771199084701948,0.7565783779782544,6,5.594860374392744,0.008368958915128243,5.597075220632026,0.009846246283698826,5.59915629649893,0.017521599393427036,5.544213509783755,0.03573915299639034,0.22196095494518076,0.008653388331782379,0.2200393275396375,0.010136828921395896,0.2306189996985556,0.018724289092032748,0.2131867729060958,0.036148287700803916,0.29140711776917494,0.005929200875182874,0.2975500057545307,0.006972791216361313,0.2717876923376826,0.01264586693567883,0.27463486900444195,0.023155400951686812
4.36400964569475,0.4851881554303669,6,5.598559047898358,0.008433338679402907,5.601519431281489,0.00972170667015668,5.581560269655972,0.019814089500703343,5.610967741617127,0.03219631125639017,0.19850081248934592,0.008346188182357267,0.19501428362942266,0.009498002945369054,0.2043773667671047,0.02079906821709712,0.23855532753481704,0.03277589093964797,0.2919108265906947,0.0057305023706076584,0.29339612954601607,0.006589617493150328,0.29580892894529887,0.014283131273438658,0.26098434559606737,0.019340703585001583
5.79237751213077,0.7606844960790325,6,5.5969069485162395,0.008783338997404444,5.602232600771551,0.009992882833366034,5.575234663088736,0.02071191213017932,5.595375621538289,0.03779974561512682,0.21762547224111994,0.008819428875723742,0.22524790310573875,0.010125523325560468,0.19533885645369317,0.020489595646984812,0.2028826860344975,0.03572472072046049,0.3018383288966755,0.005976658056238075,0.2983439809850956,0.006923116360247124,0.3000580942816067,0.013865075665906413,0.33285395338953283,0.023310498662839855
4.654119131475454,0.540465537233095,6,5.6086567995275445,0.008696686703570763,5.609429499974742,0.009850285250740725,5.6049889559112875,0.020889786589555478,5.598757653447612,0.042836935247920545,0.21550042764194066,0.008496167395921786,0.2180518241460393,0.009561406707457046,0.21638739736844004,0.02031889261265989,0.16870525030903316,0.04017384599892537,0.30017481253024336,0.005924464635436628,0.29592314613370013,0.006755279077028402,0.3066197235422738,0.014519957194292003,0.34169049898643156,0.027862736697440518
4.900901176806656,0.587921763812111,6,5.602361402862984,0.008704887725492423,5.602367753286119,0.009817208196373776,5.58936291767605,0.020401763225564223,5.65567086151853,0.04115008064336625,0.20016917340015727,0.008758002671331158,0.20320038232924223,0.009879906027178566,0.20183089562109627,0.020286920055181158,0.14543505699442041,0.03957222243236087,0.30539940497976253,0.0059314872470428385,0.30570340859714307,0.006709007498165425,0.2968022514176033,0.014727514061553053,0.3219142275980634,0.024098587036856196
4.423590567763313,0.4964844653078817,6,5.626877421917525,0.008784000284702097,5.624859381656133,0.01002626292300987,5.625703088608977,0.020655115797538162,5.671874879107562,0.03891821970954436,0.19229268304385552,0.008694278046528269,0.19797479666364515,0.009977458396399014,0.17030756884357726,0.020191622016837628,0.18750572356447198,0.03636157102455845,0.29919614951597207,0.006154986041236246,0.29809888413182156,0.006975317966855292,0.31107375463247555,0.015113761221327893,0.27045808536920113,0.026898101677720516
6.112473976914771,0.8226458024917493,6,5.6022193175388155,0.008500591791597997,5.607974848211764,0.009994307763794076,5.588866402850531,0.017637326123888134,5.572590533374853,0.03977443291212963,0.1984803543014029,0.008566509872640243,0.1901200184484248,0.010124125268152605,0.2285690156394331,0.01759320993808969,0.17798670592403076,0.03757445858311858,0.3024909760564159,0.005999582645083709,0.30588580136848037,0.0071451866415164775,0.29108172914083125,0.012291864755951414,0.29800359554022415,0.025400190270892953
3.24108648217225,0.2818791397914231,6,5.608067300456791,0.008671736459742889,5.608719794520794,0.009902522481378323,5.593335791322712,0.02157688486037155,5.640314863179059,0.03628042053454223,0.1999239853089204,0.008434775990807074,0.20172437021730058,0.009619262551007856,0.18133063417543693,0.02094896826845038,0.2246168611780001,0.03621558753865054,0.3018257438994383,0.005893576418015202,0.2995371135534431,0.006777651247383529,0.3138936975973171,0.01418108056640669,0.2970642580679036,0.023814429684422878
11.578305022674613,1.7987059844066664,6,5.596438018662703,0.009060560963274136,5.595957361312964,0.010439244032528846,5.578769703074483,0.020411857359047828,5.663092068006279,0.041437815818027995,0.2074572808295106,0.008996771396182492,0.22100079082280102,0.010305538447674937,0.1661980481394666,0.0203401476388154,0.16433469280293084,0.04067834067761292,0.30191749391941725,0.006092040403624708,0.30377140188719554,0.007019212217557726,0.2929620586954786,0.013973928384711216,0.2997341978988012,0.026410781640575705
2.144554071885068,0.11816703788222795,6,5.602670602641943,0.009025399057799971,5.603486383773039,0.009970522087618982,5.60523458986708,0.023029651787998935,5.574009481503537,0.04228093514936818,0.2046435834637869,0.009048834908099577,0.20945557276140314,0.009938772679070496,0.17905446481102832,0.023185723163398085,0.20208764451993041,0.04428700293519151,0.3057656514764358,0.006046963107610181,0.3068218534479404,0.0067370935893405325,0.3003391565205895,0.015412336502216314,0.29538562190900225,0.02903653800068518
5.1559893881494645,0.6372411021776088,6,5.59708227484909,0.007971168606322385,5.594804158556009,0.009051057699833368,5.601997734541524,0.018895766972472743,5.6038400855834265,0.03619062157473304,0.21084451957411773,0.00815359806088454,0.21057157702947343,0.009218479643990899,0.19701173138349806,0.01930762964750731,0.2811173128121686,0.04123518611555211,0.2901327519191242,0.0054653411790287695,0.28715369379565014,0.006225309229368802,0.2939957974877888,0.013234273088138366,0.32111699065519744,0.025600695691672944
15.090472920055618,2.334594935959854,6,5.598870997780564,0.008434605948275197,5.590804336257603,0.00946039722303947,5.634198228010933,0.019187470725863864,5.556868836420815,0.05950244977152662,0.18932651396575495,0.008364000015035237,0.1863482093388807,0.009347612994971789,0.19181667698643604,0.019224251663877603,0.301017090235722,0.0627498735965347,0.30094234897671607,0.005911640056763077,0.30143844062738645,0.006600226992242091,0.28140404761540405,0.01329603229447996,0.42836740771846815,0.04727673091040783
3.1679709363088477,0.26957313081466333,6,5.611790910732072,0.008582043332268315,5.607734711016808,0.00987257597012415,5.621411529763009,0.018769876654884297,5.6447222442569425,0.042935168200823,0.19553975362706102,0.008516978368164868,0.19491710659670658,0.009976757117065506,0.18955374494300398,0.017673397968384737,0.23035851776038208,0.040204962740600605,0.29841844875054657,0.005952858976163446,0.3018031688576641,0.007007795261017891,0.28553281657246393,0.012394849228994012,0.29284345715740057,0.02718458804480483
5.284861742096837,0.6622196804253265,6,5.607329585344938,0.008631365770399673,5.603928141740055,0.009874153453034582,5.629138465171401,0.02053176762230779,5.588558562162797,0.03437982614236309,0.19383607847446388,0.008581132429361813,0.19473344908820797,0.009811740638012682,0.20902602917490626,0.020555825772929994,0.1351063248643368,0.03420838253321153,0.298802628716845,0.006003078772474871,0.29989674290876306,0.006853390306800256,0.29652893124537766,0.014289235816089063,0.28823318604716647,0.02414531502603091
5.24826522123476,0.655123531030556,6,5.59007837480558,0.008777061900817947,5.5842173244783035,0.01005726671503795,5.601618037104531,0.020015090676636288,5.643066390451911,0.04014952519600164,0.20287615967816242,0.008643284587393319,0.19589962396893507,0.00984661401794328,0.2311964280929121,0.02033997633262224,0.21380845649922656,0.03869096969201457,0.2968947466849032,0.006009987361483728,0.29838516830563505,0.006788026484605508,0.2939700214001583,0.014881438543999273,0.27707833407862664,0.02556211851607931
8.717500357248355,1.3102832657075736,6,5.600078589510907,0.008073693250836645,5.601234031902156,0.009030357915255641,5.595933355688358,0.019973570263378773,5.603275416845183,0.03974370699107744,0.2002808776395841,0.007994415112044307,0.1892889049704891,0.007829817972462877,0.23153419870299796,0.020107348817930016,0.24053027254799264,0.037260986518305714,0.2900559833578628,0.005520155970824293,0.2843266190973827,0.00573089422693695,0.30728586273557024,0.014531772047397801,0.30790571355328317,0.027774290375370284
4.212986230559181,0.4567115600854161,6,5.596351809488812,0.008818994903578594,5.590050341122406,0.010208755622802643,5.618255689878981,0.019260538744347196,5.599586788776368,0.042459090896971564,0.184967165477086,0.00890275599404894,0.18903250861784182,0.010372555382784894,0.16373161687548204,0.018990849499112755,0.21575811735434516,0.042417067335249053,0.3092542456667363,0.006280690823847657,0.3096048326577576,0.00727103147000341,0.3046163403104154,0.01314273350885112,0.32913319788551565,0.03881480489569828
9.56939843944565,1.4610696682214626,6,5.593240238880891,0.00865679124003527,5.590945946208619,0.009672628435571106,5.585921452023885,0.02174816839772642,5.651037011447989,0.04081568961042597,0.18826833520312747,0.008556765887175766,0.1986364326647997,0.00958485388150467,0.14380161929099716,0.021398059809456655,0.17112233541858038,0.03926778982055469,0.29353604813788187,0.005913766104160161,0.2896296600928163,0.006594761694080023,0.3066983195185875,0.014799121276427333,0.30465831411091204,0.03142501648744962
8.965662431000965,1.3546834870429387,6,5.596110258166103,0.008828743999288617,5.597524965125532,0.010359982490996173,5.6009415047445525,0.018331704692777572,5.555736095376687,0.04015137707939031,0.20695277503226794,0.008874140260214627,0.2046695470521862,0.010412959837250215,0.22342083048067263,0.0183535443155482,0.15983149356509807,0.04166325493954005,0.3122826068550685,0.006034868423813238,0.3206548194027475,0.007181565941508406,0.28835391195570936,0.011754132043373606,0.2885576293699582,0.028116692664885437
5.210012493480463,0.6477084907744896,6,5.6141068369065446,0.008550541379144298,5.61706180707144,0.009878194045783292,5.597474844320628,0.020179730724746218,5.626543979782877,0.034561381204212496,0.19273356763848246,0.008552198955408683,0.19798892678457145,0.009846836104708842,0.16434010661100265,0.019531905711369223,0.2227222426971936,0.035895186362421484,0.28622185857266735,0.005836394254797487,0.28269898060901955,0.006761022673307941,0.2898065095933563,0.01363350657772626,0.3077874317309966,0.023976274675023498
12.869720274669817,2.0032348613032327,6,5.603736192962322,0.008237243786558948,5.605328872029107,0.009482651697954253,5.5914725579978715,0.020094412885352367,5.615263428290582,0.03758495512334775,0.19447952302684976,0.00828253004892758,0.18434349824481747,0.009420783663362683,0.2047801911505948,0.019602089628179022,0.306691339803975,0.034162739722961036,0.2931713603660408,0.005762264334972433,0.2948568720904433,0.006371424034345352,0.2844960560101412,0.014098508925676077,0.28604771253956046,0.02531652607816406
6.765123770266655,0.9480269535011795,6,5.599365518634425,0.00873769282260261,5.607229651487742,0.009630992061775883,5.551346297250354,0.024194310322226378,5.601383703666916,0.04034225801213155,0.20263340332662252,0.008699975573939579,0.20237350082646166,0.009607285005853053,0.2081797293773752,0.022655213822845233,0.18318311183924885,0.045772848801153974,0.3082118613197286,0.006038545947515169,0.3043048025264472,0.006614628290362672,0.32276108182874386,0.017648459517262242,0.33047554405248986,0.026732938060628632
11.0306225958484,1.7090882579472966,6,5.595710676155689,0.008819952752087709,5.598644250090658,0.009874741466096678,5.57531627514654,0.02083085789735213,5.599289393635215,0.04919554128179382,0.21254049612905046,0.008885005543126401,0.21434997562846625,0.009926965397989589,0.19208610507286156,0.020540790899488896,0.24383493808199053,0.05822935398381147,0.306000466036167,0.006134753614952227,0.30665661534711763,0.006780360321372619,0.279421743598998,0.014582456098678429,0.387585273108008,0.039821869556891806
8.707025792304194,1.3084006305665774,6,5.610784748051855,0.008606145193195169,5.614237366119253,0.009891750525958467,5.598204135154165,0.019679467336496496,5.610263197705093,0.037532454633727855,0.20449379456065164,0.008551868450200298,0.19038189142454293,0.009892689322814107,0.24175277421494779,0.01894784360874802,0.25928721261934845,0.036050983702647504,0.294874962157925,0.005737376291031384,0.29441250125049606,0.006691898385527245,0.2951067493801466,0.012431696673227011,0.2908524984937161,0.024078804592426152
5.371709146842477,0.6790661606085763,6,5.598380596859008,0.00827004222784674,5.596326957629258,0.009350415744280256,5.585146582158673,0.020965788025426365,5.654938990235993,0.03197234172913893,0.2059693470057316,0.008406892176953508,0.20249342906515683,0.00954302315688982,0.21664878785113484,0.019952498185542195,0.2187558415237902,0.039280766500949374,0.29744447917766925,0.005714722057372907,0.29534688820021493,0.006412628777727409,0.3115401764453149,0.0145742506237742,0.28091232617066486,0.02331934716857136
11.452684797797701,1.7783065980941404,6,5.599193842327525,0.00872589040053059,5.605432638434584,0.009738000700537996,5.5823136875224915,0.02280344061697052,5.55968623118362,0.03125871181756217,0.19879225285324376,0.008733649031277255,0.20169887423770327,0.00990736877320021,0.19187438377892685,0.022022441669131768,0.1888821007978996,0.027535614021003622,0.3039746841711027,0.005986954520676337,0.3035066872769585,0.006726802874420759,0.32314869315448647,0.014537698948302485,0.2425982080809916,0.01993093787472874
1.9548958218802,0.09564855238048157,6,5.597951119996414,0.008567668990226018,5.598053407996266,0.010008899571013714,5.598512630732898,0.018851226700747445,5.59812034723415,0.041040599190356,0.19869222799376976,0.008696513866888512,0.1952866715697712,0.009959054993637253,0.2017681961687938,0.019454279810716263,0.24708580528655327,0.044015276745985585,0.30166720244044937,0.006021230561331502,0.30423430715776834,0.006943371702531412,0.29283086528443697,0.013532127034393594,0.2914307658811147,0.028969175980908528
7.2716695873969,1.04407112867335,6,5.601851363649012,0.008733061134212655,5.594052472098332,0.009999002731893667,5.630546383023536,0.021140024082316612,5.61833703869382,0.032859891566053144,0.20791425423866686,0.008690800123864927,0.21619091094806306,0.00992021464220985,0.19094561757388295,0.020970182408098732,0.15028598505055193,0.034190304364529675,0.3044622539271948,0.00582120007279977,0.30387043477639836,0.006622365987792523,0.30693879880732644,0.014005618409322657,0.29170271126243275,0.024995233638892927
9.60224052502599,1.4667905352193125,6,5.62032446829102,0.008437225960590272,5.628179365602935,0.009467687603568555,5.59095762324989,0.021775877539712222,5.598961726352683,0.033145296959073256,0.19866020254597713,0.00834817455739787,0.19444911377602564,0.009341210670484983,0.22352453843094477,0.021947875551795212,0.1918045577748813,0.03372400525303706,0.292556978349004,0.00582119696340755,0.2899291043825948,0.006536347155323191,0.31563730215037483,0.01501941082622568,0.25326865463586273,0.02315842660821231
4.326294011407299,0.47805468487699515,6,5.601285532410986,0.008547172377865894,5.6039512866056675,0.009870458743862234,5.597434886116006,0.01852475285811165,5.5694785034012835,0.04292922633531249,0.1995179658558859,0.00848774409442726,0.20358004837085672,0.009741922360543801,0.18328342355010138,0.019160621646943436,0.19539094270319873,0.039935830465864804,0.29238749944550857,0.005757390840915861,0.29586748077362207,0.00673374406964885,0.2729599094944297,0.01272407404164933,0.30812593031250807,0.028128426566826698
5.076609631607425,0.621872616441207,6,5.605479603922903,0.00895050935506855,5.603441942676091,0.010240472127969564,5.628219278704261,0.020051552324578482,5.539282085774492,0.045054459020812496,0.19027612890902582,0.008895362447372358,0.18679127871752815,0.010126038532198586,0.19680844511573958,0.0205087800618611,0.21665926362682764,0.04483782768525734,0.29685840696761406,0.006207234283174412,0.29722846830744626,0.006999693762737562,0.28990826170386375,0.014671997178582316,0.3137412778127205,0.03376297930296325
2.5365200057131005,0.17082888709317567,6,5.606737363146733,0.008715173723215496,5.603676466055127,0.01012491648409618,5.6177397220558944,0.02002270979460383,5.606133626413712,0.0327337741206505,0.18777072316756085,0.008847152571925546,0.18158467040903864,0.010238049226710566,0.20722439603030898,0.020391954683237165,0.2055485757789245,0.03451368969169914,0.3007392555129546,0.006192089490533865,0.30280561625446667,0.007144688314595076,0.29704336984352997,0.014122996263718464,0.2818991153064994,0.025941744632321163
7.59711449907627,1.1050687828308898,6,5.612124269528056,0.008586133857281467,5.613329538167898,0.009786443151775074,5.61409287446216,0.019506273573355114,5.580938151481128,0.04425618519573476,0.19712871556175438,0.008670878984496179,0.1935917865205429,0.009776700476265396,0.2175109283879254,0.019968623460195793,0.17782749080816485,0.047368906200106586,0.29791771590661575,0.0059485270930557145,0.2905223273689204,0.006694531366905348,0.3143910264485572,0.013700710842369334,0.34991654761798285,0.03168639349006278
8.636086978731328,1.2956323106300354,6,5.592328786345527,0.008050093159668127,5.586551153108519,0.009158185697750851,5.615412144636234,0.01992507920926328,5.579130879367586,0.03187158992841922,0.204720519541335,0.0081499313263109,0.2007432188882995,0.009189348519148346,0.22351682470209167,0.02105388061126269,0.2046366300735779,0.030210037047727296,0.29007891482075004,0.005507571719401544,0.28987547034105177,0.006218957601631824,0.30445334596033613,0.014593319177395812,0.24409552719792732,0.01941811668574396
13.646406837302493,2.121909991662193,6,5.600643301340622,0.008370110160404261,5.600176668680615,0.009611459137869953,5.616907716456665,0.01790796007742236,5.484135668442226,0.04828702316199231,0.19944813804156059,0.00850053684100689,0.2037608137902651,0.009829876396761781,0.17324801371502196,0.018395533283693317,0.2868365582490035,0.04950151095115211,0.29060827340066403,0.005908818417917557,0.29264385233609563,0.006990580565496859,0.27769761523554304,0.011739546021961516,0.3458679442940179,0.03745043570738674
5.871712286898401,0.7760601480565359,6,5.609997219008918,0.008905817081633769,5.606313684284261,0.00999112209870667,5.62260677145667,0.021275587704480476,5.611195031619357,0.04862398424697945,0.1995501274520014,0.008824285715411998,0.20739226981032988,0.01001113621955779,0.1818702986610861,0.02031548339274266,0.14153725616793697,0.04388565344430235,0.3094074930229571,0.00613250834043478,0.30812078906897405,0.006880410138706728,0.3035802119718687,0.01502388245943919,0.3456269358749954,0.0304193114702791
9.273635962759727,1.4092417026018136,6,5.587589392495364,0.008459002565745874,5.590242647267362,0.009805859339324832,5.568708333948424,0.01783907696060757,5.643785759717598,0.04236594276036282,0.19773943312444922,0.00846042487662853,0.20641549266861114,0.009701630071340148,0.1681188628583139,0.019184230468969835,0.17558690978791522,0.03860256445966381,0.2965505160802088,0.005872468375014256,0.30136628686813005,0.006741901915238263,0.2778833292584169,0.01276876181644393,0.2971046944293978,0.026292262839132698
2.401734443148598,0.1518579445259832,6,5.590962398857572,0.008231745495276187,5.590092468404313,0.009143013756651209,5.595753103527942,0.020630165880435137,5.593223403975931,0.04700511685847166,0.20364267744121156,0.00830938973381781,0.19990602178176672,0.009399376608695095,0.21275881235908597,0.019584445144359877,0.2362384934900542,0.04492772446914366,0.2910625167589133,0.005587236816069738,0.2884753259679754,0.00613120347935971,0.29877343667025663,0.014433471331538373,0.3270255331283719,0.038617214461568794
3.9950825316627743,0.4160930398629212,6,5.5761922091184735,0.008464639057191449,5.5739103699589885,0.009614879000329028,5.571437714758845,0.020009278102838205,5.633856775276669,0.03819147093441963,0.2063004237196604,0.00820809600075542,0.2093539263466603,0.009347358021219342,0.20558597099562942,0.019586059799126584,0.16291113779575037,0.03513520073370589,0.2953487588187704,0.005809096683932346,0.2961025913171032,0.006484060956014094,0.2915149353669952,0.014841130311024001,0.2895720157292741,0.027367520173196908
2.052026275458047,0.10692048429417514,6,5.5910197579812335,0.008796745200275336,5.590348624066921,0.010037604101247181,5.599853097032577,0.019647719044709883,5.560527647579055,0.04555721999298691,0.19910023224762316,0.00900485757323929,0.19808355658298868,0.010231890985378637,0.19389676554218724,0.019726978780190432,0.24386298841848336,0.043036812458142865,0.3014400941001143,0.006025930774036317,0.3030814012676625,0.006763716912907751,0.29526002109928245,0.012747327069878708,0.2982821728789414,0.03216939370335252
8.86242196126841,1.3362594547595397,6,5.6019960144996,0.00887788013298556,5.610459731625274,0.009860414778786833,5.570667375631294,0.023330283896215387,5.56913531175499,0.03338162928252644,0.19133343418478369,0.008809995909117197,0.190436312477304,0.00991751151054876,0.19774411700864544,0.02368292480311978,0.18655425277560492,0.033252002391914746,0.304465384994693,0.005958635343885388,0.30203849299887664,0.006612314241967456,0.331004583563017,0.016108627291990446,0.26957455557312693,0.021200429190525606
3.1811247566802194,0.27177565169905105,6,5.590929714182378,0.008638129621207021,5.590281986790408,0.009758126912381128,5.593663244097396,0.02044692976063214,5.59392363149108,0.043429837080905385,0.18070491056967375,0.008628426282608166,0.1804924557309065,0.00985230996938744,0.17481873270597734,0.019684139002369625,0.20559454218648654,0.03900723478747927,0.3098993875374349,0.005902889136078825,0.3146035502318466,0.0066790736581190694,0.2925883654400698,0.013833764521435542,0.2845858211606356,0.029892160870428397
4.54859965009382,0.5202845430251049,6,5.588562526373851,0.008639289483707395,5.588230792415132,0.010034987539267277,5.584534134644037,0.019533627521690612,5.605240142716985,0.03450551538779728,0.19433222638884798,0.008738985321453436,0.18688926289500365,0.010091674343392816,0.2227627130717755,0.020234406644401657,0.20410707414023702,0.03442054644291144,0.301277780030424,0.005967357289131611,0.3040301823321798,0.006945625873700563,0.29991598156466137,0.013636686104938145,0.2730221672675723,0.021639237480128286
7.27219472375873,1.0441700210802778,6,5.598826575589451,0.008218458040845892,5.592940330636306,0.00926103857073165,5.627056500182056,0.020603800982220734,5.608164629010811,0.0329844970432035,0.1885362484228656,0.008192899019187827,0.18608156688299662,0.009238042948561617,0.19483223789714368,0.020081696061865155,0.20949948009167066,0.03588082960650449,0.2941224351241491,0.0055586162814887366,0.2933225909533586,0.006171853015928029,0.3084799990444265,0.01440360586826042,0.24223664190314703,0.02519678590995166
5.197069961941452,0.6452002513593305,6,5.601834059025549,0.008178802329146428,5.603910609044562,0.009600280353549772,5.587419684328818,0.019417733266607326,5.626470438607576,0.03151771646332857,0.20274042767865003,0.008184360666097823,0.20785387547230558,0.009653490861924867,0.17939174126189597,0.018776457101162883,0.20935237684815938,0.03454242473466943,0.28425025315056657,0.005636831449092776,0.2881470964972774,0.006628546343608644,0.27694452819844406,0.012778550012042157,0.2547144127161749,0.021876117871713223
1.9325824124971405,0.09313876498339312,6,5.615741774741131,0.008448875014133186,5.613783018240173,0.009627340839161159,5.627535882117445,0.02036538462286507,5.617615868734027,0.0363253289032518,0.20085991998419003,0.008340830553311227,0.20353301350507153,0.009503582625918116,0.19163534009180927,0.01971796625205021,0.19583429098117033,0.03588069689848749,0.2994811943728434,0.0057452038628103734,0.29588732802449397,0.006596320120569738,0.3120243112890698,0.013102579923332953,0.3046780546018814,0.025742750630618396
5.751219160985784,0.75270408916008,6,5.588059802518245,0.00859592173136316,5.5876021142805525,0.009777075489487492,5.590912724468724,0.021006790240440377,5.591161822483722,0.03250300850569085,0.1956891615980315,0.008478603173240057,0.19029929720701494,0.009670343973790473,0.20180554344935253,0.02097096629319695,0.2469512573448122,0.030663943324968336,0.297293578216871,0.006213710055589731,0.301122228479603,0.007014248494198083,0.2894319435564584,0.015369724351100948,0.25196171764015984,0.024519626721700962
11.81083641447185,1.8362253961164265,6,5.601110393436977,0.008289734557620667,5.607546243580409,0.009322757862594,5.566759462750465,0.021395670763422935,5.604368962384943,0.029657432433321265,0.20963017602134035,0.008412644012905568,0.20990372567186846,0.009416349781273871,0.2192053666858581,0.02177820633434946,0.15948142016165923,0.032468045186353496,0.2963087797525114,0.005761753785087665,0.2963829421394128,0.006374389550152416,0.31005828154462245,0.015403175239220603,0.23282060362808324,0.020782742491171634
5.774045441256021,0.7571302706896852,6,5.6012087853215595,0.008809322848739145,5.595198291743476,0.010122717108552637,5.628633079192911,0.020886991849371216,5.602009347057661,0.03430563565814012,0.2015421520176208,0.008786518936090428,0.20135513545614195,0.010081326487952116,0.20391370365423034,0.02039375185946823,0.19380271237083296,0.03057760391420598,0.296730630118519,0.006258262887522053,0.3010775212877139,0.007173767181342211,0.28965130309231696,0.014876300426829941,0.24970827691782113,0.024286943060705158
4.74650624183414,0.5581936603306537,6,5.614656918012691,0.008542567379002238,5.609118289015599,0.009824383334998445,5.634804926011193,0.020277253756376176,5.630017259295224,0.04548855471649294,0.2050329540193709,0.008442903080766301,0.19952822209350063,0.009711506538989828,0.23538037608492682,0.019794328154794975,0.1755156736800036,0.04135615503638993,0.2909224825062583,0.005885780446780732,0.29006200451524705,0.006663663667946048,0.29126555988123565,0.013109552315581476,0.29358286342375983,0.042999783737038555
4.588573957851622,0.5279206768458541,6,5.583593465321319,0.008502248081736977,5.580616223638241,0.009338818470556474,5.597081625981728,0.02249797144287681,5.586122355641076,0.04853601772688603,0.1965986941668897,0.008468874437131027,0.19709292552318344,0.009449811925566284,0.20686934023626416,0.021389240582452246,0.15630508313714228,0.043452655970081015,0.2979465965491901,0.00586472200522449,0.29311998649227483,0.0064228452944314765,0.32018071896819467,0.015472292687723885,0.3122632013451075,0.03784415485286028
1.0434848559089005,0.020167180478722478,6,5.576972373373077,0.008517803820508782,5.575130343503213,0.009935493052480596,5.577985826754233,0.01883583972280978,5.597877740238768,0.03544749580967917,0.20946812007566284,0.008628313698326182,0.20791340365617508,0.009835121912980853,0.2123924925957652,0.019481078173265918,0.22113630988382244,0.03633078381947136,0.3085875454974141,0.005796613312536154,0.31081419994364684,0.006642768042172417,0.3017865257731838,0.01330573289505719,0.30031898801616147,0.024178370525418092
10.392717321985401,1.6024391184372686,6,5.62032480056944,0.00866326413565273,5.612976454489886,0.009758702383437894,5.671485109422659,0.021426227388368507,5.578749690830592,0.037041857653553834,0.1856391097400881,0.008924968098550846,0.1881077816255676,0.010140918703483935,0.17073018760725353,0.021335710720772158,0.19362397929475592,0.03937409043300628,0.3140415785687118,0.0060881633428045995,0.3171168728888469,0.00702284993833743,0.30477618978502125,0.014013993204592429,0.2749224607358531,0.02555347806780411
4.759086596925044,0.560611495240739,6,5.601148982051337,0.008681838176283324,5.597383496739702,0.010008954205133997,5.618348222451921,0.019437428608842202,5.600631813384455,0.037604664743670926,0.20989636498113096,0.00874665748519467,0.21285869779929079,0.009886613374623213,0.19289950730355568,0.019680299892313992,0.23156708531474088,0.03948893584670867,0.30440458368229484,0.005984763358047751,0.3086807057137854,0.006969162332562145,0.2846456340563596,0.012563132557483474,0.32075937766940776,0.028265923409955023
4.893057948778733,0.5864089339479461,6,5.596231542396779,0.00832767489784705,5.59495926829638,0.00951797260846775,5.593022663140653,0.018730616388306514,5.658696636901674,0.045363365369666446,0.19852554208764264,0.008420240068331463,0.1999113102391233,0.009693247096893487,0.18255658298212316,0.01869423730696916,0.2506427465294427,0.039479553913450545,0.30138066833614335,0.005645249044362602,0.30366411104318136,0.006471932207421089,0.2917655055843548,0.012597519804888702,0.29468280946903,0.0292076990762382
19.85268235458352,2.9737733707716973,6,5.619890367266103,0.008154687110641635,5.616305611353674,0.009254734040492868,5.6231532777361934,0.01731137680776457,5.698647383858541,0.047358954267279096,0.19257096884889713,0.008162820884489318,0.18396701712390143,0.009231051176900623,0.22056381879946652,0.018258069436055485,0.21643666345828724,0.04623577292279167,0.29025743852691116,0.005670463391931107,0.28752272863641454,0.006417632418828107,0.2776620535679996,0.011966229095625159,0.38477665331338773,0.03116029411780357
8.901210840238491,1.3431895434008354,6,5.615669909053896,0.008479860087335905,5.605856834343397,0.009624054644718789,5.666368547340057,0.020424149320400927,5.5967188663932,0.03614658305309095,0.2046880125783333,0.008437457794684624,0.2077360790432331,0.009488066549006894,0.18364255351541348,0.0210566026239028,0.2225247750216601,0.0376893057170041,0.29227807096368247,0.005717095111240933,0.2926727158498542,0.006503219213486389,0.2904228544177299,0.013834582161992902,0.2856664637613273,0.024519354143476252
1.42591697484022,0.044804798735747414,6,5.5881241385484275,0.008972414694787684,5.587070599380585,0.010100163076598322,5.593909533680236,0.02240224779262433,5.58819476630022,0.03916619857454495,0.2080518778603544,0.008880585201424174,0.20590827899317232,0.009968619809749349,0.20773348781108922,0.022166115248781555,0.24180103842245898,0.040524713528278695,0.30535033857108657,0.006168866283331829,0.30435125413295444,0.006962738229289313,0.302850918968386,0.015416189445184133,0.3213412991792081,0.025901768424033734
7.003076324588619,0.9933020153463042,6,5.607162714999911,0.008628717949189676,5.60481542278869,0.009862084226027218,5.609708451223464,0.020091354793563075,5.630473741228549,0.03808422812997296,0.18787230345800687,0.008667818839490068,0.19343694387611526,0.009879211929846301,0.17663118091375493,0.01967105906540847,0.12436715421364511,0.04335196519558248,0.3017984219470434,0.005990278662721068,0.30612842322429473,0.006841269535136231,0.27848034280448525,0.012979165319434502,0.32632761787147413,0.03112362288786025
7.144432635046542,1.020067267540093,6,5.59719256456542,0.008184187845625706,5.603911766418837,0.009595230405839187,5.581824049181196,0.018756185085875333,5.553999517868757,0.0398481613555017,0.21826272004247912,0.008142703721081302,0.2149155775479269,0.009633819539678836,0.2200373147705871,0.01819527556208351,0.2766710022558302,0.04066678495206549,0.29215663692238797,0.005674735344848524,0.287860702426307,0.006577848505046291,0.2987235603979671,0.012316975918003492,0.33290713318257364,0.02994139348030127
9.459087954979623,1.4418043046387299,6,5.595396360210472,0.008568467169911671,5.595787052925659,0.009804739230786313,5.575493531553967,0.01999568376116918,5.645885463536077,0.035350039503743234,0.19626891026197787,0.008673664670283014,0.19059440273345282,0.009911834826663437,0.2336585240961671,0.020231134767269943,0.15183114649844895,0.03640839029899111,0.29704105975134426,0.006034522927689694,0.2933558823348123,0.006892876741790265,0.3028699118469571,0.014193874035075363,0.3131298754106338,0.025739453553494527
7.040124353821739,1.0003266251911047,6,5.589108020601297,0.008614176212589343,5.59105858267137,0.009671514789593485,5.582983274857564,0.020344483289844374,5.579647181127275,0.04069771473862169,0.19490300354028722,0.008631206773073887,0.20583627449716807,0.009731422368039665,0.14984974740875287,0.021536976954945,0.16674728055660107,0.03937364312985653,0.2987554084689703,0.005857493971737485,0.2960608995236233,0.006640917176056775,0.3054269281553936,0.013553237296431086,0.3070334974313985,0.027412360721792196
10.131174496287713,1.557990235853296,6,5.592959910991728,0.008612415555067872,5.595797090745563,0.009603204971859132,5.581292307970925,0.021511689791121613,5.567384617855047,0.04542089430427701,0.18937253039450086,0.008683704942684655,0.18748310464623255,0.009557681999221138,0.19479096402835872,0.0223939510084109,0.2187882504364024,0.046806328977123314,0.3060748315452204,0.005864310203708894,0.29757569217378965,0.0064800903234890845,0.3271267323974901,0.014284312342775354,0.3695942572374699,0.03181194500420019
11.46970884669281,1.7810765138470734,6,5.595335495210857,0.008331204156726196,5.5902971195054265,0.008152691777561989,5.632378599382415,0.021866775287483615,5.570223873371101,0.037353142756882146,0.195547962215237,0.008311152400631964,0.18937429616793913,0.00679722835737489,0.231837904665271,0.0224405110558932,0.1861946339213113,0.03328778272630434,0.28741621307939663,0.005687013090956107,0.284715499256675,0.005405058908488705,0.3115215870193512,0.0149828234622881,0.2554400821897377,0.024035080512370563
6.428632065915735,0.8835781564707736,6,5.593940190247508,0.008896656295012963,5.593234913021011,0.010082444981580004,5.6145560254601685,0.021617477984583286,5.531132924451688,0.039896301177067515,0.19271402585316386,0.008676651023277122,0.1944792452390018,0.009811489901909878,0.20133053180855437,0.020649291719048602,0.12145917625994165,0.04036074783067098,0.29976861970489965,0.005938339178670682,0.2997452863681946,0.006726127914200756,0.3001850094838771,0.013988057625791871,0.296838462697567,0.03149013608286937
5.580117901641643,0.7195099983580077,6,5.594123147258042,0.008279702556482707,5.594003025867132,0.00932139769836461,5.580527900996573,0.01916176026387656,5.668019423280237,0.046724914134978084,0.20760809104946143,0.00808947195257571,0.20779966842129555,0.009214440977154044,0.21050256713149307,0.01817923727753878,0.18781795628861747,0.04414801400155776,0.2946722327304445,0.00575329194293455,0.2910753736998023,0.006659963798231923,0.29920723392243176,0.01185971469808448,0.33742357610195867,0.034641630746786944
4.890307063527871,0.5858783945413351,6,5.590888534190872,0.008659511683819584,5.58348706913986,0.009906153095476619,5.609318155243884,0.019306058804991547,5.644153111891809,0.044972415482539066,0.20659419528267878,0.008570604418340082,0.20306320123548774,0.009857628678990338,0.2250469587311736,0.01887007484235229,0.1679096736996668,0.04394856426067305,0.2992480048766607,0.006001589623660311,0.29995938026179897,0.006828366222139394,0.29412934416083913,0.01352229132851445,0.31516225208056997,0.03127808622805253
1.8738121060014237,0.08667430974513961,6,5.597254564165666,0.008315992346393585,5.593194845026932,0.0096392835230328,5.6046347759280115,0.019725875836564884,5.6242017395479476,0.03161761485393219,0.2155378755596071,0.008272796981834607,0.21604008120019735,0.00959418623607061,0.21093917294193876,0.01985077838798656,0.22462723084449074,0.03555758249093773,0.28917841637351754,0.00588856659324489,0.2899516206487122,0.006724940052643497,0.29140938010404294,0.014292521532650962,0.2681962933662973,0.023823239638664496
2.446739617458661,0.15809735743327485,6,5.595449220346459,0.008556741753050342,5.5900030306676545,0.009670757536030953,5.612690132084793,0.02012330378949192,5.622431149634682,0.042307094627791655,0.21261572999887482,0.008488298126848481,0.2103537019115933,0.009525783952259323,0.2154942391208421,0.020521776674053638,0.2510000087477792,0.04594493625687278,0.3006657920549695,0.005737815381880577,0.3009974021097145,0.006419457643641094,0.29649217940126776,0.014022905251542043,0.30331370451010264,0.029222979968849493
4.763622710539494,0.56148350684759,6,5.58653954901667,0.008738702167815443,5.5838076360750515,0.010179683462884151,5.596923136029019,0.018404261159008336,5.584046668011749,0.0423150849081997,0.18962994542315192,0.008903845442605253,0.19485330942859955,0.010301919750165658,0.17084195893696935,0.019617196909851132,0.18831883018147566,0.041464550310913374,0.30338647338509167,0.005900101154092962,0.3090279814165231,0.006924549750309036,0.2882806974872349,0.01223885375846923,0.27169394591249857,0.028102351341813294
10.935275293843006,1.6933043815059523,6,5.601350360394927,0.008476936144264277,5.604545919454489,0.009690493357500492,5.601913601126011,0.020324704661621413,5.552936748646762,0.038016483893134535,0.2028367688654595,0.008616716542532491,0.19347226086495867,0.009707656136028028,0.25490756302836665,0.021519761117465685,0.18362063967252318,0.035312169747647205,0.29807975278292714,0.0060473572889834315,0.2968739936603295,0.0068449081783241005,0.31316106698056906,0.01443316871291481,0.2705884020368935,0.028187040624557763
2.934200994830462,0.23132945593524956,6,5.5926403013466865,0.0088104849101889,5.592838031773063,0.010010301419141202,5.598676075111901,0.02088207662088137,5.561233481380134,0.04405295702593524,0.20353857713674836,0.008930621927607681,0.2093312674977566,0.01005028959080857,0.1889572061126224,0.020305565558739046,0.1527969882940724,0.047847157652470586,0.30087794152723457,0.0061888583678728955,0.3000735666529452,0.006989786621984807,0.298582782412623,0.014824373007065933,0.3249486840330511,0.03128238497825778
5.207964161250857,0.6473115069364592,6,5.606257323765288,0.008436253469605132,5.609205029054968,0.009628861209317637,5.597588105189813,0.01971276342025419,5.598484698951999,0.05135515592072728,0.2189533808838983,0.008471801713470615,0.2272447340870905,0.009433980139531502,0.19076380156280673,0.020860956749901988,0.1639326353421966,0.04424231879181882,0.29879582531917304,0.005787098515244827,0.2984828138305376,0.006505151278494108,0.29213920210121475,0.013415671706420475,0.32041684306486623,0.03465189042243607
2.1749607565870974,0.12196770788664596,6,5.603392151892809,0.008387495011209297,5.602238672430958,0.009611180065655927,5.6134964787758745,0.0193150930984803,5.573283263466817,0.03873216030366355,0.18608894031351889,0.008554290952711518,0.1879623720998919,0.009875385764945075,0.18330789998456024,0.019318865142192193,0.16609882766294592,0.03719637203024266,0.2880616204067726,0.005940322008778018,0.2910122609815517,0.006879220734717702,0.2819310477943046,0.01344834785751421,0.2681984530419342,0.024560636806334288
3.948481071012793,0.4074897007914506,6,5.59114023253915,0.008486089338396528,5.587320433794285,0.009538893209407089,5.598498487649375,0.021366036403970428,5.633298761379568,0.036202742039456566,0.18868163864947318,0.008341752352425588,0.18874574532937466,0.009370540043598117,0.18663154815995486,0.02097414318243625,0.20115192434182663,0.03705538642295231,0.2925869296837908,0.005759028309129799,0.2897986775858895,0.006420576801967624,0.31128022546007345,0.014749672604689342,0.2716746545320845,0.024701056762012806
3.0509743689763127,0.2502133507433144,6,5.6086022780656455,0.008565083296276423,5.604723769379209,0.010102559771144853,5.622168619227089,0.019893308907956344,5.606806389324805,0.03382205047812867,0.2061918006285085,0.008432481477561597,0.20426400358833702,0.009586251022688124,0.21417015629829272,0.020313467564357597,0.2127158094823911,0.03492572387509245,0.29127113136003624,0.0058586709275134825,0.2868615472584256,0.006910312907168183,0.3072550868883773,0.012988748995186842,0.28355910598598205,0.021294460195082805
5.557967142405687,0.7152113439310659,6,5.590510021803728,0.008893509493593363,5.591016656560912,0.010204297328321569,5.613445548765253,0.02145583758312849,5.518122315072338,0.03519270133386782,0.19949597134593336,0.00889031393663341,0.19782201832219934,0.009930645377577738,0.20136877202810044,0.022071636268979976,0.2259165904549618,0.03659566683789397,0.3062622035439957,0.006056631625651347,0.30643907915205,0.006913240692305572,0.3039689909695053,0.014137268305297197,0.29963604331841587,0.024431627612019568
8.025227094141883,1.1843844164294792,6,5.605527726960323,0.008607959812149091,5.607781585837229,0.009609522225682137,5.615600821905685,0.021266449715065704,5.540516512798376,0.04186679752506948,0.19703101118328029,0.008514201281984754,0.19186503735612623,0.008555705962797476,0.21851924554830818,0.02102157272332881,0.19130613754372228,0.04132012847252638,0.3078051186563224,0.005972456781913425,0.3000134818806094,0.00016497912351805624,0.32848495600465266,0.014226373862220847,0.3242532666149626,0.029357669002231003
4.114823496202007,0.43833845589917647,6,5.590136051667967,0.008941401604097583,5.595242578849884,0.010088726276937781,5.580924955076799,0.021338428482857084,5.54971664396984,0.04401467986377654,0.20607187866376098,0.008837189008422074,0.21254362750511932,0.010083158674642196,0.18343562321172127,0.020196705914998832,0.19567537002836713,0.04283192332295721,0.30492548372175937,0.006325797043980712,0.3021285784656187,0.0071494261389758946,0.30744476690403294,0.014862641082018695,0.32926961842433905,0.03206575097610312
6.744137551751919,0.944021364118686,6,5.6004861245175706,0.008668564747131692,5.60521809372869,0.009831173208735767,5.590484733995378,0.020049089710807346,5.562411025064045,0.04378928742913056,0.19825061948252562,0.00860461348596642,0.20228508176699178,0.00973327915566004,0.17859711963711636,0.01973716616336604,0.20013219407731173,0.04566715066432423,0.2988926162246622,0.006078495989951053,0.29919548636322296,0.0067853065286789995,0.28262717293507755,0.015033877724411674,0.3486923000009944,0.030915098046528304
9.618421813458554,1.4696066940775392,6,5.599841899856612,0.008473888989473046,5.603291515968602,0.009645834433603215,5.586491780273016,0.020136477860648438,5.598441907450192,0.03745424628079281,0.20760087094908683,0.008462163024760935,0.20551600352851496,0.00957683956184637,0.2387038174183631,0.01976362804557028,0.10631039414154989,0.039866301428441456,0.30130617368895524,0.005940822923751704,0.3022855435586609,0.006874723725301425,0.2993309662543467,0.01329730737461869,0.27685622008313654,0.025278504616071222
2.423616392959957,0.15487945296790964,6,5.600677287372679,0.00820799160456225,5.605787544381463,0.009411446113387881,5.582319537096309,0.020677375749991643,5.583928838367993,0.03062056868097718,0.21473132467919254,0.008342729095088585,0.21545320750105457,0.009580612157669798,0.21685377949249207,0.019785700731853567,0.1984834939105029,0.03484507591380865,0.29135605132431275,0.005577722623782888,0.29204730737009754,0.006319563433885688,0.29611683048264176,0.014158444744851256,0.2713164615290172,0.021841787938003804
8.131819094051025,1.2039623198768603,6,5.611421709927467,0.008502653084361508,5.605149205758931,0.009686764653169993,5.610685089542976,0.020887321487467306,5.683586832766588,0.03222312958203611,0.21661747723257974,0.008648157544169244,0.2201198054858049,0.009740415891815108,0.1951267731018937,0.022138816270074392,0.2180768017209207,0.03394883873446794,0.3015672149470858,0.005848823263704501,0.2980018168436029,0.006585567185043909,0.3201208044422218,0.014839814086961783,0.2855514352110027,0.02346348744601474
6.428857208957197,0.8836214281826511,6,5.5949197441518095,0.008968778599396262,5.595026708914598,0.010015382884677715,5.5889713704364885,0.022893628568068685,5.604043833694732,0.04254111143301011,0.20313224365783833,0.008832403239592708,0.20746433962125482,0.00991483705393166,0.17762760838697966,0.02247493881386628,0.2295763346214967,0.0381905787614444,0.3056014225511516,0.0065538782149121575,0.2985456991754698,0.007270043128813023,0.3344991883732831,0.016826714579175485,0.31141926612675674,0.03330045341685486
2.949949973844923,0.23384935311144198,6,5.608253290979279,0.008652812964515828,5.604676674537887,0.009875166126967134,5.614377236022933,0.018843851138457757,5.657203376300339,0.04550643664857397,0.2027545379872287,0.008474224990945748,0.20261571729239233,0.009665288672861804,0.20399319285492587,0.019002657287111382,0.20107894165001605,0.041089316718232335,0.302241421489421,0.005934695694426429,0.30614475521758344,0.00671035458000532,0.28817094490600076,0.013391804769612587,0.2909698041795975,0.0279144978884946
7.555766701960238,1.0973518149976977,6,5.602786153813794,0.008694541906647965,5.593686361163075,0.009918660073675504,5.63302765158047,0.021106215401560328,5.633503156406439,0.03425035996548512,0.20039560708075566,0.008668988385515445,0.20949170989847926,0.009920296743510323,0.1726852421943298,0.02044366070245909,0.163014525324768,0.03678159843020174,0.3011055270903846,0.005903538236629864,0.2999088751559277,0.0067116552590945535,0.3068475075511175,0.014735744495223857,0.3005803141532807,0.022424541034239912
0.9319937131804181,0.014965908425202866,6,5.595924488471177,0.008628709519560901,5.597191093830071,0.009765361814301994,5.594560299770861,0.02088336623722033,5.579146095738593,0.039354935278438856,0.20373338071255725,0.008591455406111668,0.2052326822790227,0.009695749492366304,0.1916172822902714,0.021179647355046502,0.22009828500946793,0.03883280515624588,0.3034396136254796,0.0059405418589325645,0.30238126501122087,0.006669648521432344,0.3093207906912918,0.015489405376216079,0.3019741656918687,0.02469305320147806
7.939119009766728,1.168518624088559,6,5.589187766743395,0.008474006193019733,5.595507913759984,0.009402781728986894,5.577830985054566,0.021230496688432902,5.503472527298476,0.04485177595645028,0.20754838354394042,0.008437242321750749,0.20845826267786272,0.009356249322495439,0.21416748987615591,0.021268483566612362,0.15092709879084396,0.04727879259037848,0.3023782210172965,0.005649888403013194,0.2990839129239986,0.006296783856925901,0.308488833786335,0.01391397668121643,0.3365882365673408,0.030298021937945077
12.26408829621505,1.9084733241897882,6,5.593212075332581,0.008621523940700003,5.595059501860144,0.009508624208168342,5.560881648594048,0.022122820228499436,5.671681203247274,0.0459899237925931,0.2061028492739667,0.008587762622732056,0.20046131335244272,0.009575788011428792,0.2416671572507977,0.020820054089722564,0.1694562704276031,0.04770219963780786,0.3001044594877247,0.005891182269578749,0.2958523793672349,0.006457880305228945,0.30846037945790966,0.01510366659005773,0.34270756762513865,0.037220613209879995
6.079048581144889,0.8161863403191584,6,5.597109410931552,0.007981818650144185,5.589868937469339,0.008922372986445324,5.617098689691617,0.0209770346274546,5.647700098254074,0.03337803337824281,0.1996974504750369,0.008144537259496524,0.20082568960183564,0.009135723453711296,0.20885879380929886,0.020268215215809654,0.1505936654418274,0.038083272954703054,0.28773627899494875,0.005259454605664157,0.2867685120822782,0.005893916193977259,0.28453177630433,0.013894858032707114,0.29543547796316644,0.02234592177043893
7.193313995710923,1.0292990090440666,6,5.60095653607809,0.008499402275784733,5.593540634063885,0.0098263256592982,5.612848839971629,0.019043512369061946,5.65933170919172,0.0371246664174618,0.20491156862306636,0.008614235016795813,0.20299001042698414,0.00992253842348872,0.20807532568068413,0.018950423411175744,0.2306995574600578,0.04050201955541545,0.30551912176152285,0.005953215186989439,0.3098837436929638,0.006954662868130194,0.2852080999771885,0.012425729766392005,0.32535262691653455,0.02734373466762535
6.054716892205761,0.8114824327222689,6,5.599522852965944,0.008608968139649918,5.595586945558563,0.009772466241818677,5.608574483580889,0.019831708481621427,5.649149000005859,0.0437633307549361,0.20086779263307608,0.008641243289312641,0.1946761269981817,0.009822843438895133,0.21857931603864308,0.020185228674820897,0.22840173543107067,0.04160219885173306,0.3056953816333399,0.005775494343506356,0.3039391549067201,0.006493970517314579,0.3013872198147983,0.013577107405974835,0.35419391977679743,0.03181436709750646
5.358202570132562,0.6764456897333744,6,5.612807905178543,0.008771450052280994,5.610089528138649,0.010071390133627579,5.6338151115320505,0.01916988630697866,5.549488027885713,0.04562111060919,0.2026975960852131,0.008651145894565946,0.20781466700461562,0.009981747687510435,0.18330186380327218,0.019156580263985284,0.19482796270962757,0.04016129892034521,0.3061130366739711,0.0061044946097996,0.3078998657019985,0.0069323664500169245,0.2945836878911716,0.014331954666805357,0.32220341718357537,0.029748873035377633
6.141484640407725,0.8282496967386321,6,5.597888603920311,0.008855870710786282,5.593729373916058,0.010266138136219701,5.616194374031665,0.021187424536900923,5.599193597593263,0.03475279241639096,0.21453171659009704,0.008573393366135362,0.20773579108138918,0.005156732038536286,0.2405445614424745,0.020248895458083827,0.21669173279948814,0.03496195724847884,0.2920226710488589,0.006159534056311962,0.299753865251312,0.00022439386243830676,0.3016834910356162,0.01492793238282111,0.250356207459571,0.020610590896470063
6.773156663723057,0.9495596519072671,6,5.598824275834953,0.008902306917105989,5.594085594698423,0.009865882218534176,5.619027557985342,0.024141365329877245,5.618619566695426,0.03933028713203249,0.19500623382468862,0.008684474396854385,0.19036672083563916,0.009565363961044829,0.2179444635360621,0.023701338364887758,0.19203442436528487,0.040590104197384826,0.30455578227333696,0.006172071944629179,0.29850498909838685,0.006721555460797904,0.32418243308235645,0.017706675936164793,0.34294805433978204,0.029063368821632823
10.25438584566291,1.5789827802816851,6,5.6096075550725,0.008261736151717089,5.6047128521556395,0.009179566996659389,5.643838284280482,0.020263158525306385,5.551265655846422,0.050419645079846094,0.19467540566813246,0.008312319875329623,0.1858036969715905,0.009298557266676569,0.2228200680816016,0.01989908267932655,0.26986204412680076,0.05052395537412939,0.2891994977605785,0.005766828062284927,0.28947556445614675,0.006533157738203794,0.2847474164508972,0.012902415054922985,0.32060848400736347,0.03744585089305332
3.3951714514842024,0.30829169415729213,6,5.5952277002326785,0.008386471386652371,5.597214908718853,0.009483443522506548,5.574215799127916,0.020477807917966273,5.638093430749316,0.03689821185286299,0.18621436751147527,0.00859944347720669,0.18951303246932313,0.009693646601192912,0.17657137742572404,0.02090060283465089,0.17261002895484834,0.041112348918467365,0.2995200588545313,0.005836093030351735,0.29718628353746485,0.006564646787915656,0.3059007125104439,0.015074751957384157,0.3042760211787271,0.02534590848519064
2.7712653730704915,0.2057847861894781,6,5.593022685511585,0.008592557613430028,5.593319155982755,0.009872450648792795,5.59773688710444,0.0189997977924016,5.5588777467565675,0.042959289063372506,0.20358866990609156,0.008594916942369097,0.20611342304794011,0.00982197388976639,0.19242869863005066,0.019374098214303574,0.21749289534154426,0.04423006526854409,0.29935004316395114,0.006029353319338169,0.30253638278125666,0.006922266999063087,0.284328309509744,0.013368733455186,0.3110868929736934,0.030433716767443178
4.6017382779537,0.530437896739185,6,5.609067690642503,0.00818648197884421,5.610410327234249,0.009438225144603811,5.621140167264163,0.01869438011640164,5.549799044214955,0.03459685782037173,0.1962319009223354,0.008139748030445176,0.19334643526927717,0.00940529440562698,0.1965609099174322,0.018790908164540387,0.22815945623559242,0.03204879367368774,0.2974141440472426,0.005474212840709401,0.2973360476581998,0.006335756937233234,0.29540370831154966,0.012275498795957695,0.306936192654893,0.022707107745279228
7.182673545423313,1.0272905096989378,6,5.590017984991866,0.00854278944077088,5.588550616803326,0.009908743529204954,5.60348072388635,0.019041028542780655,5.5585907382956865,0.03553767544566402,0.18120605864521386,0.008526994190245921,0.18983319008419697,0.009753567473491813,0.1382910164975458,0.01976900371559186,0.20013708954289833,0.03557282527743196,0.2994525176036806,0.005822148890047937,0.30034524154581255,0.006726741742944114,0.29531270183293,0.012785828538549216,0.2887553159118222,0.02549458080715816
6.9026640956581105,0.9742292750066759,6,5.598692033480512,0.00865561230557719,5.6064047197309685,0.00988432064084135,5.583919169679203,0.019795076164940438,5.518482407180727,0.04166501613335649,0.20194027531573377,0.008567816458710575,0.20264656225798033,0.009891877115454311,0.1893221162879284,0.01923533257815062,0.22335706561418697,0.03737167536816084,0.3006469372257924,0.0059496588661868514,0.30377360643683704,0.0068261049087077795,0.286010797002321,0.013468395210521565,0.3042318365169076,0.028250947111467486
8.406849736638833,1.254155703938526,6,5.588995975993162,0.008593975396727427,5.598368604294747,0.009626096971522202,5.563507185077539,0.020331778699695637,5.512241152081347,0.05171059281444561,0.19782540318684666,0.008494978471118181,0.19342769030124954,0.009473410405235487,0.22177938470268532,0.020903538109436102,0.20012470600400978,0.04507402620993495,0.3019640986351955,0.005980913205460474,0.29708026377538993,0.006740745493329803,0.3105413406774731,0.014013253440796548,0.34008198592518774,0.035428605636374184
5.40066490531899,0.6846844626665644,6,5.598989672566016,0.008347564296805096,5.601722574046491,0.009382479225371167,5.589826296368477,0.0212682278075913,5.595206477463295,0.03427771402435213,0.18628344155938595,0.00843654770149222,0.1842520518292613,0.009412477204234807,0.20916471626315866,0.02222192752380287,0.15323129352177015,0.03404026223096636,0.2942984691402477,0.0058683170281777775,0.2902561959631163,0.006651460257384907,0.3152277859243602,0.014702445376381264,0.2827753130708477,0.021386506258004343
5.839987954677781,0.769912944696932,6,5.612486278082729,0.008683634798249962,5.614691291939445,0.00993590395942531,5.598017644639019,0.01938802140676397,5.650277522683842,0.042355084521890664,0.18081241176523888,0.00859588642017032,0.180623709319979,0.009684894056496716,0.18032833273531138,0.020248397079357352,0.18036109125823208,0.041614619100760884,0.30009026802073835,0.006061851508685202,0.2945253590280054,0.006898832579505587,0.30585483968301364,0.013836443092102827,0.3499166268746763,0.02755157666987819
3.800608946607099,0.3804139598581262,6,5.589525026349781,0.008307513159068301,5.588897396198632,0.009338283988991782,5.608146120241041,0.021383998679634492,5.548141877674438,0.033585740222504844,0.20075980449137215,0.008336400256318531,0.20072472777165143,0.009422442999706836,0.20328932793128232,0.02087921752350586,0.19240130955553875,0.03390318092933253,0.28905789785003194,0.00585773413144075,0.2852021285941872,0.006554807048402331,0.30184688262573345,0.015326125685569455,0.2941412468383479,0.02384325752915237
6.47085563717701,0.8916900962646014,6,5.588159468429619,0.008451547692012206,5.5838823885381785,0.009729279731511555,5.605306913494127,0.01828115522336289,5.559174283836979,0.05180261658051896,0.2062208198903555,0.008538287188526564,0.2133790728244095,0.009846681463609484,0.1803275891073357,0.018288325605620097,0.21012415234306858,0.04618903465687941,0.30317723039371597,0.005822659453954151,0.30284469177092105,0.006747171163269876,0.29620406885427125,0.012124636656686895,0.3604445433019667,0.04123672044827808
9.6464536342246,1.474481374318718,6,5.613256080787029,0.008382816691469975,5.62301174064215,0.009653009438682792,5.584674189473981,0.019191527433878627,5.583623236708038,0.03435220953864975,0.20325428051054623,0.008384196068374592,0.2058028970233027,0.009678443461616035,0.20579196584558399,0.018872187380328573,0.16483984208801888,0.03580381045744114,0.2913233376801325,0.005900485663898187,0.2970617439047784,0.006824867373620919,0.277367511775734,0.013025599891922486,0.2540995492358157,0.02651973894137424
2.0196092765108915,0.10309656866232274,6,5.597497143287769,0.008633637496009632,5.593994881276626,0.009911322584054343,5.614430763293635,0.02008474503564565,5.587342992481724,0.03811536197425643,0.2036980253183517,0.008661337538494619,0.202779948791585,0.009849094855849803,0.20748175773143487,0.02029082024273882,0.20382165796398397,0.03936438639473946,0.30023374097804023,0.0059478529218789915,0.3019927968359782,0.006773917124991157,0.28817481212354357,0.01396733169295381,0.31380981546611597,0.026193838613182904
6.28509634155489,0.8559546677165012,6,5.60217005893662,0.008629663347838436,5.598837147601501,0.00998555898548843,5.613109812428185,0.019928610400851074,5.6150232387716486,0.03168050476504878,0.20015791608443823,0.008580569061514417,0.20188726258386702,0.009796254028111021,0.18974587186240632,0.020320436406848916,0.2136294117453657,0.03552995946498088,0.29870604334915757,0.006197089761925005,0.29991840926945607,0.007271665441894131,0.30727053735595394,0.013483249913685179,0.2418466987914276,0.022745781952384733
1.6320909935311647,0.06240210130692063,6,5.604232013285734,0.008434721696168624,5.60136837501466,0.009558146886862259,5.611599105714628,0.02029850792780837,5.624366731889454,0.03849532176840659,0.1985564906579107,0.008316576337915702,0.19420091215911772,0.009388957509399585,0.21770411982615193,0.020286028569751376,0.20368341119945577,0.036835275908300824,0.2920619623133883,0.005621031375128907,0.2918328897960119,0.00630038483098179,0.2923938523695963,0.014358727785857886,0.29128716802077115,0.024557737705713505
3.708712588137132,0.3637754951630161,6,5.595147127928093,0.008689036067498242,5.590534775984383,0.009817126506634929,5.611389554601224,0.020244461947256924,5.610059191667353,0.038318879569207716,0.20987964669613013,0.008666004367881354,0.20894430579774825,0.009850396801683195,0.20706911936335734,0.020354631344060646,0.24356217084734186,0.03902791308330353,0.3069251702150065,0.006018660443263239,0.30994260012850927,0.006797797971696183,0.3027259642101404,0.013891478089923455,0.26960637778556656,0.02463812458981246
2.1177168347494444,0.11485515947115338,6,5.615408256727458,0.008502169518044044,5.614287210141595,0.009525688554445876,5.614552765407003,0.022311436192811507,5.63070753759314,0.0350757046956557,0.19192661911750608,0.008653672025740054,0.18823393442179787,0.009695029599403836,0.1942808280353789,0.02263620696734233,0.23464052443784789,0.03540133255464014,0.29295340194637903,0.005914052358750923,0.29171223283112113,0.006637808001519116,0.29490002183046665,0.015964469109391265,0.30179368784554894,0.022112734323103976
3.637014878637274,0.3509042793456474,6,5.608952949814862,0.008463329786767981,5.608203778899015,0.00961476396274767,5.616694186252488,0.020163222865854865,5.582210566964637,0.03770426594588965,0.1976057878285857,0.008480911486329781,0.19235226163821675,0.00958754217326906,0.22393410047593762,0.020270319904758027,0.1791702227446455,0.0408791936076888,0.29158975676773125,0.00620360589043624,0.29285716044483673,0.007057809395592072,0.2916552427005589,0.01440131634126039,0.267057362154956,0.027878577579705785
5.819417567370692,0.7659261574778273,6,5.612886982773033,0.008589197322900576,5.606342106413109,0.009769136338562853,5.64750910606371,0.020849620876932366,5.592792699526382,0.03437845258323675,0.21566648720926876,0.008791641184977914,0.21426006317766808,0.010049844399405322,0.2225681083598318,0.02151935963902074,0.2132821628761279,0.03222599329775583,0.29884305438772685,0.005953810119877226,0.29757676132079913,0.006821060720566149,0.3104356876416861,0.014079142557588015,0.27224284959321765,0.022932891503442444
2.6670188180869445,0.18997681541583766,6,5.604644989451045,0.0082328340606107,5.606076752293665,0.009262396837318623,5.589331876357828,0.020557281310747508,5.631747297451191,0.034605587714576856,0.20359117465780452,0.008162546170253963,0.20081961181746164,0.009293688746175616,0.22126434875223402,0.019274080017855886,0.18326970532139536,0.03405108120408464,0.30074777643181244,0.005674991028243344,0.30177387174127224,0.0064623377882582515,0.29713613023774893,0.013392564748830247,0.28799293891659133,0.02362468464318339
8.812157670821762,1.327264975336007,6,5.61073248163865,0.008684190573072216,5.6116521010242595,0.009864991412961092,5.609078041136015,0.01944904752774506,5.614369871607169,0.03819478872760648,0.19185839840651936,0.008792591375517807,0.20247845899508252,0.01001733876407197,0.1804194145567505,0.01985172173571102,0.09656084811835365,0.035694668462258876,0.30680243725211065,0.006149279365992712,0.30704953992814227,0.007051795735726993,0.3029426072843892,0.013664239808104594,0.31741518946940506,0.02586392628663551
1.5063188312633429,0.05131600149337729,6,5.607224273799999,0.008526735027845948,5.606781945014801,0.009689761413136653,5.615825701685074,0.019975681739545673,5.572756205651147,0.040569931842405024,0.2081307229502313,0.00852090857384346,0.20798385686265758,0.009691249016062838,0.20665294698791137,0.020200624371753052,0.2169122558753756,0.037629607689653434,0.3083746578505994,0.005887224939140554,0.30655342673810476,0.006811777850213333,0.31586088856695516,0.012922955595654647,0.2980028127824974,0.028596033508987036
5.21457359631313,0.6485924978745714,6,5.597987195668347,0.008540139675612618,5.605240176153915,0.009777910132775298,5.568880956874362,0.01957074395689716,5.598731429363499,0.03988519869432138,0.19248546642045178,0.008707414593880448,0.19765929939421079,0.010056234078645278,0.17834643926719118,0.019515446398811143,0.16618213081372402,0.037941884912265945,0.300137410182372,0.005808308574207382,0.30359745399840715,0.006760551980836214,0.29186926542620806,0.012759612997914652,0.2781426562156545,0.024126853224831806
4.727462239461602,0.5545352308637869,6,5.608958479584088,0.008518145105353259,5.6046509397398,0.009795291723408872,5.6253137038242915,0.01856864061781557,5.598314899592088,0.044973964177253,0.19874249308188086,0.008924134970345287,0.20125609275913497,0.010246136167552856,0.17852692519335683,0.019789616791273314,0.26211471537777903,0.044773854017014905,0.30267791884765405,0.00590075301094349,0.3028932269856992,0.006793879166730581,0.29804517242721495,0.013042995535702692,0.32055610259251094,0.026657809081273225
9.33788592928613,1.4205477631352397,6,5.605718131925837,0.008729508484438861,5.608266411023312,0.009833963721545309,5.581005090960332,0.022936828559839105,5.649843219497448,0.034481452269142954,0.19226226573463956,0.00855155059600074,0.19581741310056308,0.009640161481497487,0.1823850950997114,0.02193268296992546,0.17531524347263255,0.03373858558424304,0.30388926417216705,0.0060330870677330044,0.30223736982436994,0.0068020057872020786,0.3277290544544789,0.01618968073414121,0.2625742521977308,0.021003494774205333
2.418943493728875,0.15423226692348324,6,5.600886630755164,0.008757061582523741,5.606532197180007,0.00991765826582139,5.57569217620035,0.0208988139662687,5.5997733857081755,0.0412268919337786,0.20164059332476675,0.008928340026951288,0.19891302426542118,0.010092250740214942,0.20879313085627196,0.02133217316403429,0.21941972252025466,0.04243757822839604,0.3040746973829518,0.0062374562412119165,0.30389295436913816,0.007102900908932872,0.30700327858685295,0.014157601053177336,0.285995504550629,0.03377990756748609
5.966209075646475,0.7943597831425658,6,5.604004957443738,0.008486855358894416,5.596452463998932,0.00960868171208968,5.646135118067076,0.021064139021259098,5.588208651777976,0.03530886992757754,0.20681843780070333,0.008468219152659892,0.20875959794184898,0.009706846430679435,0.207552875311953,0.021025778647142383,0.17094391568600784,0.03807308561580001,0.29669668689913475,0.0059262420404818635,0.29511379481447314,0.00672703090145472,0.3007957377232999,0.014558478074832206,0.3039375776502494,0.02443638596805103
1.3677148491842672,0.040376600309556206,6,5.597299812753461,0.00857832486601726,5.595181773764887,0.009620678431294414,5.610879034761405,0.021371652562400065,5.585739005069423,0.040861299170808385,0.20013557234295712,0.008514468016014817,0.19759427422303646,0.009734667365777393,0.20567654655013945,0.0205482972806475,0.2199799339415942,0.039940851854088404,0.29661488462227115,0.005867478962514392,0.2947369314939941,0.006523545633855987,0.30119381467918904,0.015094467358859378,0.31103760509467016,0.0257707848208106
3.5216847632691497,0.33042026313173334,6,5.595535225795815,0.00856898506401368,5.59148124100839,0.009751839177737271,5.600352063852533,0.01932573545380078,5.65720543162447,0.04543937110714029,0.1986063611052008,0.008602659123619604,0.20123455577978586,0.009879201466263435,0.19384108427438934,0.018999113490322152,0.17467362161766808,0.04368733769128701,0.2944842826636356,0.005891654191129186,0.2964462698365078,0.006831691190289896,0.2844936661921278,0.01257443137028584,0.3068427057881238,0.03065340049095269
12.666205073401215,1.9716136788132679,6,5.5871560375506,0.009070395555623646,5.594586735245416,0.010575670714387414,5.5495400419539775,0.018707967512557246,5.657565756282977,0.04116121900043063,0.20061207924173885,0.009109638013372966,0.20193056058141426,0.010681671743244343,0.1848951398942193,0.01888090414521332,0.26575694686223156,0.04086578736939927,0.30440763712845575,0.0064183102003484436,0.31017865252476523,0.007556287261021705,0.28543758037190503,0.013227639044957874,0.25623080237504414,0.03036823490524102
8.1827457704494,1.213291639955409,6,5.601736072608617,0.008645584098152309,5.601895206619118,0.009827519450537274,5.61048793042238,0.02020261555245696,5.568524435400314,0.039734737343419306,0.21303346857121463,0.008611339505822277,0.22463926494766034,0.009684723846167687,0.1636981722216083,0.0206151236165331,0.20662489253487726,0.03829204312420038,0.3058071462757864,0.006119323288272451,0.3042487477924176,0.007012210833297341,0.30771251238963404,0.013681409135090744,0.2953379870540686,0.0288585867018699
11.571222636295715,1.7975583236914356,6,5.595719707846138,0.008428462577703418,5.6004516888816305,0.00982782074053701,5.583619681398902,0.018950386504867862,5.5897866167351165,0.03165382599609639,0.2021433209271546,0.008406943459428464,0.19287543268223573,0.009814380659864537,0.23602415416085387,0.01870008135398446,0.1920525770420758,0.034335590839456205,0.29406699607808723,0.005856789722219563,0.3028891986924431,0.0068775328929892585,0.26922832857346973,0.012409420909885161,0.2763533208052465,0.02271938499561433
3.9583123880584026,0.40930204409000687,6,5.617848513518961,0.008350850198480258,5.611598155104511,0.00937053885961442,5.645418867633147,0.02023301055729416,5.63220958465704,0.04225596370972143,0.19851668031594422,0.008429761602365821,0.19802792563253566,0.009564372596735767,0.1977108213650306,0.019375321247310135,0.21569999092857697,0.04292000969086733,0.2885076212313838,0.005717037787882402,0.2890963064182466,0.006444559233210879,0.27759253567332065,0.013504225543628234,0.31312318976403775,0.026839649632173834
5.708240851978189,0.7443686044876796,6,5.600561921872981,0.00845216669443907,5.597063721528619,0.00956951217981702,5.60007119635357,0.02050910361900851,5.659563242497153,0.040719136547840325,0.2039961476747089,0.008440110898955322,0.209057987740872,0.00962089752943949,0.18126804270644195,0.021254245886609784,0.21149971103965612,0.044258564176583234,0.293927379272371,0.005823832195589749,0.28981169667060525,0.006551173560682641,0.3040496330498344,0.014789444705530709,0.32163943035356374,0.033041900398082844
3.542279533256078,0.3340572523561582,6,5.600981164193744,0.008423328455890878,5.599563251883574,0.009663568523979248,5.5964368033783085,0.01847936027906539,5.662594912291709,0.04726610732162946,0.20697634131538592,0.00848805006407508,0.20443834884019388,0.009726589598807624,0.22186198393923387,0.018647288777514193,0.1771205030876104,0.04552334573441834,0.2899160274043807,0.005884945823788992,0.2874422355758326,0.006899525027143376,0.2952597855258411,0.011884833232003254,0.3046291654362177,0.033830120346524245
11.696583122422453,1.8178293408073691,6,5.599115056284527,0.008410226631789208,5.59512483547969,0.009820614964820758,5.620064562031727,0.01747894804171522,5.574773582498487,0.03719906229142574,0.1814422445433783,0.008541000460632615,0.1797098648436227,0.009859483624361254,0.19631236160964893,0.019001136982955566,0.14575253039445263,0.037184212393026876,0.29931982295818094,0.005880958529760681,0.3072202533366755,0.0068660366534580115,0.26439130145784007,0.012454532192076847,0.3034274529742414,0.02363657225100248
7.25052369920013,1.040087765474675,6,5.607073161818388,0.008711525999143523,5.601773791737489,0.009630248754976421,5.638365491324161,0.022746756292748232,5.58715864793582,0.04320626903005444,0.21050557711799864,0.008815662511812174,0.20216381984736534,0.009864859575184622,0.24282630936636435,0.02177186902272313,0.23967738750299536,0.04172406151405026,0.2992354296980821,0.005959652047491041,0.29519943986132885,0.006657173447782287,0.3088233559540563,0.014684594611320117,0.3157421060011572,0.029129255248452002
7.047369011750561,1.0016994735572524,6,5.594939664387958,0.008513555565541658,5.591524955017279,0.009842283061430333,5.603749473934052,0.01969124502701814,5.603727130391898,0.03168280359059097,0.1992639555754681,0.008420770141152088,0.19486783043316638,0.009808175159893021,0.19336269237799164,0.018916473506329745,0.27004137975379733,0.03181652161708583,0.28830237778066287,0.005857800400970919,0.2901451479627722,0.006706532512812155,0.28684956814976365,0.013632581243578827,0.25504539259598197,0.024338340378398236
13.492564053784008,2.0986504924295915,6,5.580971039106653,0.008475668797830753,5.588538695345593,0.009632595662416319,5.5698934459120135,0.01946759218098007,5.5016340370215255,0.04128526586930638,0.20740300031744036,0.008656986345473912,0.19601883454835198,0.009718054164274608,0.2611019007161203,0.021145667924818437,0.1957260127827528,0.042647080987486416,0.3007624537465375,0.005798724134810651,0.2980368476963792,0.006494248370509388,0.3088838870907075,0.01391916732143564,0.3237752581747335,0.028058599673441365
4.101007262506755,0.43576197027586666,6,5.5976049566756805,0.008752104395147446,5.60139045233475,0.010208725723676254,5.576535017503198,0.01965077450208738,5.626189446569758,0.03395543981617427,0.19220311205061938,0.008801696284595744,0.19399295352740967,0.010198765398820402,0.19754704514648444,0.019436854039533567,0.13891989789255085,0.0380580750429739,0.30294877910430157,0.005889527923877244,0.3023020597777936,0.006807051120616195,0.3078587709561784,0.013109462641477332,0.28691099363180006,0.0270825835205761
4.8236081782815745,0.5730249868527046,6,5.602987849898095,0.008751475646416975,5.600612636969424,0.010053918719391501,5.603220224928623,0.019377506429116252,5.644683086259073,0.043530467315301025,0.19022440604484983,0.008735286349325189,0.19743914653061734,0.01000301265912556,0.17295958290581345,0.01921803582590526,0.12350326440785618,0.04525701024317969,0.30522814858962066,0.005971142346274278,0.3073129845059664,0.006867588487440563,0.2961667641094659,0.0133477751560432,0.29853495402596775,0.027899861315174627
8.641785895553767,1.2966592331193862,6,5.59385499336111,0.008641323063217753,5.598409096863346,0.010072750998037396,5.592930561909435,0.017580254460519897,5.529997566860343,0.04819387089474902,0.19888059055851226,0.008489030199246152,0.20282478895419043,0.009815250238691908,0.18873649615131438,0.017559074016996638,0.16504865857364467,0.053832527450746334,0.3005231033022644,0.005790499970074297,0.3065655238060758,0.00665405818585344,0.27242528472723493,0.01213402728516515,0.31147020831549854,0.03597804596036283
8.069280740397517,1.192484182140257,6,5.601737490308503,0.008158394073766216,5.605053243200418,0.00917040958362572,5.599891616743371,0.020126985917078084,5.544007187709159,0.04196878123773523,0.1967662160750539,0.008166547769577346,0.19240845106121715,0.009210347483435443,0.20567739309456048,0.019666166882614907,0.23355294308470909,0.038388723566272494,0.2937475197380381,0.005614756083431259,0.28859982373630394,0.006274074696180745,0.30371800527235693,0.014129091487378629,0.3394221729008012,0.027714509584859614
7.127730512031121,1.0169100692803037,6,5.5923132482326094,0.008588185943378863,5.587914945244602,0.009890750161257502,5.588829432071582,0.01946976016770231,5.673878007543687,0.03756851910725049,0.19380960975489725,0.00867045973252559,0.1917337634129096,0.00987396659796977,0.21378522461282376,0.020006915438438914,0.1567849268590091,0.03729903327162289,0.3081290345454735,0.0059898209073164545,0.3086744071434717,0.00679999519928062,0.3046259244004774,0.014360788206080704,0.30861263135132755,0.02484565167576878
6.408032705323421,0.8796182486569627,6,5.598034837871623,0.008425791388303372,5.599773578558019,0.00957671607231219,5.600522046823814,0.02139186493784839,5.563225126608888,0.03784754665796658,0.18526200271658255,0.008845618804344032,0.17816410498113,0.009805868891730402,0.20662125332734946,0.021929084108351368,0.22296889902514408,0.036852442308529715,0.29864733609525196,0.005914754956491354,0.29362044464051795,0.006684013622744559,0.3196860041273559,0.014161244391329044,0.29269516081241514,0.024751290667953098
6.201294866099488,0.8397955674943955,6,5.591892443646967,0.008379804663177455,5.586841974159245,0.009547624995431112,5.602667849744437,0.019103702876359343,5.635851159331,0.042133729963562516,0.20554131352877208,0.008521238912405665,0.21430584606900346,0.00968324887798963,0.17894047660082923,0.019684413634245952,0.16301700636502164,0.042502729903886614,0.29928029390983996,0.005834025289324776,0.2996837590445677,0.006683531512433702,0.2923253502570818,0.013213027910155408,0.31237320298865967,0.02852467603974047
5.386166677606525,0.6818712896851107,6,5.607940421938004,0.008888455342722597,5.601855601683687,0.010138880673988888,5.633222868024308,0.02053802418050673,5.627245234259058,0.03931997101547816,0.19510887808974667,0.008916581564162382,0.19298435776420475,0.010293469404726325,0.19325975456321143,0.020192068210524227,0.20979876302518316,0.03674010942265919,0.30023522389443597,0.006115231361938656,0.30562161918746195,0.007017523629852683,0.2776454100085894,0.01409596593205062,0.28475381651774806,0.025379296115907213
5.835539796666126,0.7690508950187814,6,5.5926888572405895,0.00851436985836953,5.598707419152584,0.009691865809474773,5.561743101570653,0.01963309317564304,5.618030027847478,0.04200896770083403,0.21028593854217054,0.008361033120556987,0.20394091424686908,0.009481357861142101,0.2393608279632422,0.019487785259877592,0.20006032279296418,0.0430437331481236,0.3002485755402359,0.005907871229925968,0.3003901598342025,0.006783325576699846,0.29773409557647434,0.013433205260845064,0.30085391043505383,0.02747901262067445
8.583869264854002,1.2862133719768347,6,5.597600971679395,0.008625085005902063,5.590899912931432,0.009411470203404205,5.618164142158846,0.02294365579176462,5.659106328099253,0.04384233303868767,0.19996326407820736,0.008777763999039694,0.20581347769990496,0.009805982842628673,0.18899128832334935,0.023063708843055458,0.13772251583299341,0.04208107900964989,0.29357875688285867,0.006149816374380236,0.2921787194335672,0.006929957293287342,0.28825202857652693,0.01540695453873895,0.3349399828074351,0.0316075838089935
2.033226529631065,0.10469538881108403,6,5.602804415854228,0.008934136674679212,5.602193433968694,0.01007497478457774,5.594854729956293,0.021604860311191573,5.647447963149036,0.04438617282140764,0.20787234685623568,0.008793650175109278,0.2121267572065905,0.00998420378952906,0.19473256688755877,0.021615046870789467,0.19013002204830123,0.03740148030254656,0.30315293775226526,0.006174836080534827,0.3032789264861659,0.007014044679999427,0.30169900271589356,0.015601125258363017,0.3086139821482176,0.025079118241235824
7.713848445055191,1.126802557558195,6,5.601356666448405,0.008550297651935289,5.603626775165446,0.009872927610003765,5.574966620286169,0.01971449218843196,5.6795519383470126,0.03532298273644655,0.20769282913651718,0.008669166504117937,0.20727151502245708,0.009915808307342311,0.21633028928780984,0.020203682358665268,0.17000264959668626,0.036655250359696336,0.29414168412854447,0.00595869622639665,0.292362198802108,0.006917686354059888,0.3025271312874319,0.01311804032549259,0.25853227540092133,0.025601015934334535
1.3938979439117247,0.04233886618643189,6,5.58797718136603,0.008486356836414724,5.586835095321453,0.009633953390286852,5.598775063909391,0.020399077920637824,5.575712155668442,0.039717738615708535,0.1960187931300366,0.008530680649642838,0.19823856165144615,0.009715886836915646,0.19072958008618077,0.020453846634459958,0.17711837335259473,0.03627951584075512,0.29524615706339824,0.005796498635473921,0.29705505000312266,0.006557751101176454,0.29159700900357627,0.01415330665140149,0.2780152679866952,0.02694962144436911
6.066737824497977,0.8138065575208335,6,5.600406236797015,0.009071021854846588,5.597772040526917,0.010147330313198566,5.607185592063973,0.02305347398406446,5.612068555573639,0.03887262002847603,0.201254264138086,0.009041746241951235,0.19509484191230209,0.010053263073473713,0.23499218323462678,0.022865445953109208,0.17992432507989,0.04150952451129954,0.30891106413288044,0.006314245370667297,0.3036425767690979,0.006873193022773808,0.3247238474294881,0.016757961837714136,0.34560929418660435,0.032956524956255374
6.6047013646311825,0.9173589041085873,6,5.614998327243116,0.008693518392260981,5.615538912530664,0.009844054996757938,5.6156349281390545,0.021330609050544284,5.6019748818523905,0.03629009824020902,0.1957724347942581,0.008533042978818507,0.19042136469480364,0.009680873084688178,0.1929972857979502,0.02093755385652063,0.27312487617931386,0.03431049924188269,0.2999565749179559,0.0061176093065419225,0.29783899754701565,0.006991459102746741,0.3130573991731945,0.014742252789424919,0.2801960059525751,0.024237953053421687
1.3572351615148364,0.03960492482853432,6,5.612905845067579,0.008668848975627594,5.609441840066404,0.009858694923879594,5.62537625760808,0.019662872708828782,5.618983853284267,0.04005670578780317,0.194612994889439,0.008554977662377483,0.19477086011787775,0.009746978220246724,0.19740320036880996,0.019892813630680788,0.18491748487881024,0.03586216195129335,0.3022878183818501,0.006020206132075506,0.3046844583079482,0.006752607975648882,0.2964528530367609,0.013294247352912401,0.2832477225453558,0.029551113644863836
14.438978548307205,2.239875543296494,6,5.606290847719375,0.008816760479188765,5.608239893710429,0.010037804841215902,5.594670327895969,0.019300630992219087,5.617235908686788,0.04292276318160585,0.21478553811426737,0.008710872145176312,0.19903857780454726,0.009774925821539932,0.2631364680819261,0.019458104913316624,0.2852959086493409,0.04166807404450906,0.2985127726733063,0.006231299625342444,0.29915133112998843,0.007111941036562074,0.2810017351522722,0.013471440062673225,0.33066803136340583,0.030934404569159715
7.253293128160294,1.040609592867145,6,5.598084387267194,0.008199408984015851,5.599184252503277,0.00967053241244947,5.609064388032642,0.017050822471796304,5.512101991730772,0.0436361647534761,0.20747533047262656,0.008270333664372085,0.20801201246609136,0.009663823823313267,0.2077456442526665,0.01804616327044558,0.17919229469653453,0.048634547865536136,0.2884435961182466,0.005644270540718391,0.2890848575779825,0.006589224478155628,0.2778509864835858,0.011987002941464061,0.33002485008131394,0.03253962939695441
2.912660157933715,0.22789687949115292,6,5.596464910901852,0.008514374743408978,5.594826481714513,0.009601254161080564,5.61164039691846,0.021312916838078136,5.568438789793407,0.03940179283271961,0.2022940511055904,0.008248592563765957,0.19962661705945714,0.009529489329115343,0.21463906659510204,0.020075224706068564,0.19470801316560205,0.03799074803113024,0.2930528425498802,0.005809880716848037,0.29083812845144613,0.006451204209491469,0.3070388753434125,0.015023591891785534,0.2815568314878834,0.02789945519472619
5.556422507856041,0.7149115812216982,6,5.598025638672696,0.008662544442159664,5.593572338728552,0.009713358448579422,5.609293307775613,0.020553787390494488,5.634432129276012,0.04524384528472813,0.19974157774425486,0.008789552184437345,0.19347571932255359,0.009917799093068785,0.231552448303253,0.020872975472752055,0.19285928840966382,0.04361996152370157,0.30052997775210266,0.0061456424111760695,0.30076892328230465,0.006974322970720813,0.28988328030405136,0.014324936958106294,0.335384334150567,0.03161994345908872
3.918264949461445,0.4019287042548928,6,5.610091138611585,0.00871089554229884,5.609803686135313,0.009932321610096072,5.60198210268465,0.020762836551050184,5.637705862988287,0.03604251912219701,0.18786650161253574,0.008721890966995424,0.18099530412456172,0.010058938315470762,0.21687791782314886,0.02085558976344842,0.2000099885195558,0.03166916451530849,0.3065544718599243,0.0060116283481811555,0.30910864831772317,0.006946530308082466,0.2922666312501527,0.014255786235311065,0.30226560519780393,0.022282223030799107
13.12870537985873,2.043155776735359,6,5.586328441843675,0.00873997182020456,5.585280836813514,0.010171830765655502,5.571660443702448,0.019917218880477518,5.627755181554299,0.030607095100963266,0.18435064024182332,0.008711228232523295,0.1894368608251779,0.010056552554519286,0.1788830578200929,0.020065814306346706,0.13710334320320602,0.03228210684449721,0.307811760021343,0.0060725297423037065,0.31278073920158395,0.0070754300144110355,0.30473195967830385,0.013499040738638604,0.23586560295704917,0.02310215559458974
3.590183179345331,0.34255253005288144,6,5.5955381267191875,0.008475946031579619,5.593905959583656,0.009548867969110362,5.607033802973073,0.021597367484996154,5.581450008102634,0.03242329729384902,0.2074084582935393,0.008487083355440532,0.20848493303047697,0.009735712139697891,0.20483740091221392,0.02157355457640304,0.20258432582549118,0.0331881760041394,0.2933478682719756,0.005747927045882438,0.29620465655854794,0.006477924147701909,0.29264049225063377,0.014946809361549913,0.2528383616760568,0.021540534193564394
8.573140733293258,1.284276056513251,6,5.589259198170305,0.008398150460138115,5.584607397152877,0.009391871278669523,5.617204257209981,0.0203121190418444,5.563414793723138,0.03793767879811771,0.21103628289134968,0.00863474221065362,0.21884329368141434,0.009770815826267118,0.17707255495227867,0.020941256378738223,0.21457336000379065,0.03917121480232489,0.30436910077430634,0.005709689078529026,0.3044086102461044,0.0065265249477158005,0.29502237713046414,0.013207707493176802,0.33547236378888395,0.024563110243990865
3.388550915522501,0.30714423408068764,6,5.608641823343889,0.008314140278241898,5.6109156814933145,0.00953735563008789,5.614463642389766,0.020215456261332337,5.539358431162558,0.04273652787555444,0.18093569515754063,0.008555768446963955,0.17906155164055604,0.00962596252631369,0.19282726163866015,0.020205245035602427,0.17462744091110033,0.042809187040069634,0.29438344868290206,0.005758375676827344,0.29471704311387453,0.006453022836104972,0.29203299959507056,0.013714631837933648,0.30816218623455793,0.03395589344609985
5.5739416424621595,0.7183114280235389,6,5.604941134230179,0.008493299143312394,5.601978512637918,0.009437427530419326,5.623995937274321,0.021024729587224126,5.557473208272833,0.05211257072257503,0.20267961728195952,0.008447631714303981,0.20140994137660045,0.009367851893156151,0.2086810944122243,0.02135286777832989,0.1976645793940124,0.048999331631027425,0.2985966686788159,0.005862645580329627,0.29345097353591026,0.0064246868116308925,0.3148662095001331,0.015245969387581104,0.35239281463680727,0.04051165902493956
11.392495254724054,1.7684997916975336,6,5.602324588890092,0.008647324255370317,5.599014203205408,0.00982094605199011,5.6135714145649125,0.019391686469268803,5.614352132740162,0.04377234070261131,0.18175696598863642,0.008570960821340047,0.18051047867658507,0.00973539997547632,0.21044280355921924,0.019039152670038688,0.08494254394518558,0.04908035609125087,0.29833553199885604,0.005899689021119193,0.29409764391114196,0.006690010638707948,0.2976628561836962,0.013124414180253197,0.32574114914571983,0.03469417015060953
2.1587575392914005,0.11993604936221308,6,5.601851234502386,0.008256763835834808,5.601424326529246,0.009406824363306088,5.590641481795587,0.0193391634969777,5.647276570126343,0.03681446528337188,0.20021509909308027,0.008296263502731202,0.19993165829371207,0.009417287133992619,0.1994720481079513,0.019338946874140405,0.20978847399997347,0.040142658722948046,0.2986362454021222,0.005677397889669787,0.2999980159313368,0.006354856465399842,0.292608263514525,0.013737915574274213,0.2930663118327711,0.03125295795954906
4.062084090226563,0.42851678246293107,6,5.583028518424591,0.008536695340867593,5.581765731627562,0.00970401556121151,5.60247208818679,0.020607577092310134,5.540690536000702,0.03592415883947142,0.2078106475846176,0.008581202400471994,0.2075361468809548,0.009739096932428993,0.21881528208037304,0.020104443675357443,0.1685686230754272,0.04301004684003821,0.2983652789495827,0.005837563994904999,0.298888332585354,0.006570840925348372,0.3009689327666997,0.014198401139407598,0.28382864933386076,0.02582569568418946
5.848408380363253,0.7715447291156893,6,5.585538151949324,0.009001124055319469,5.5935123648150995,0.010374908131053512,5.553384657574852,0.01958108800722267,5.5864236887832925,0.04303037733210963,0.193740371376428,0.0088178042251061,0.19172075061175303,0.01018823593106507,0.20869631190587487,0.01900192590565726,0.16217998515369003,0.04334569028252071,0.31165134907809866,0.006421676246791042,0.3156980414193408,0.007371898869905505,0.29309482011923055,0.01383830710193728,0.3030322105619676,0.032995718040169014
1.4452195459307404,0.04632647704322471,6,5.593831258710192,0.008800151631030447,5.5964804567818085,0.00987555978512397,5.5829478156870715,0.023460174972528124,5.594048633831723,0.03700851773694975,0.20573436346068608,0.008679026915212081,0.2027576401061103,0.009801520065375926,0.21155490481102737,0.022067917436210765,0.22649190639058983,0.03345433444713441,0.2980045405192916,0.0059861652371769256,0.29893088395633616,0.0067032578773721235,0.29898766243567043,0.015688596918866628,0.27744172688320407,0.026330437057127645
5.093881080611027,0.6252151338870681,6,5.59792198474869,0.009037842332700913,5.600536290347396,0.010352270783077983,5.597554380773927,0.021286278764390664,5.558840191264302,0.037806526183846764,0.19508772919984965,0.008842333819632,0.1969460528784432,0.010170495525893965,0.1994903205282041,0.020390135006550514,0.15055318063417977,0.03741049180357646,0.31036357710356444,0.006308509071849124,0.31015804948184944,0.0071952262070391175,0.32125417869659767,0.015117113627963192,0.2721955095293473,0.026391694335576706
2.9557923790853238,0.2347863434994066,6,5.596985232894909,0.008625756806429715,5.594510443531927,0.010000806284574523,5.608238360686772,0.018995345016486778,5.590886727897366,0.04527511599911394,0.2048327845126847,0.008431489568589485,0.20337430130097078,0.009729801951463763,0.20624250537359812,0.018879331261413196,0.2245474239210927,0.040676045439785924,0.29548938171715433,0.006111936730431418,0.29343578127625397,0.007049695475515882,0.29372193782542316,0.013263219313660198,0.3444092749257353,0.03463161601800901
7.549881794213434,1.0962526923004938,6,5.600322205910131,0.008665215097996516,5.593327648815945,0.009760461283649552,5.617709153072443,0.02055518225161187,5.671703897669354,0.040161060151806004,0.21415966495270095,0.00861179549988109,0.21479099026446075,0.00977165130059855,0.22587355191025088,0.020067117877674654,0.1517138250996051,0.04118865796729185,0.2987182530092272,0.005991197631678478,0.30112516577576665,0.006682922065777565,0.28515129384562804,0.015169222810350604,0.28731613529641886,0.030873522070872943
3.4431337594869547,0.31663643144998915,6,5.606448287417675,0.008660246789683974,5.608628639272559,0.009876228535296629,5.589328329486587,0.019859974260490913,5.6480754334694225,0.04457848941895523,0.18822594363490747,0.008594320460520095,0.18829708710930115,0.009605835344245082,0.18674846637871734,0.020071268479946437,0.2082775101986942,0.04597793468756062,0.3014670308251318,0.005962966815841113,0.29959973498662357,0.006748845813171127,0.30112064243438025,0.013562782092291066,0.340042050817779,0.03047960991955754
7.747594405256677,1.133070738166188,6,5.592702010068084,0.008441086270120126,5.5877506567564,0.009642348664442923,5.625303762811645,0.01894046362586184,5.522423947300047,0.04937031168276051,0.19960398485403408,0.008245452702365057,0.2028615482358004,0.009379771630068413,0.1960412824421979,0.019259385317286676,0.14751897266901878,0.041780779370289886,0.29461636771676497,0.005853888762015424,0.29770386622730033,0.006594244684946632,0.2815560796688931,0.013483990112742091,0.31043639215024044,0.035767467097470494
4.484518715500599,0.508068525999999,6,5.602950296900531,0.008789075693182546,5.59734226936513,0.01002320377838706,5.6296889872585485,0.01994378871060333,5.58383757068378,0.04449053434104655,0.19622788451610307,0.009018891113588829,0.19924168530159492,0.010063598862356136,0.18654283786719303,0.021962409952898776,0.185138554797181,0.049706083873246217,0.3041243085577852,0.006177808440874776,0.30246280834027295,0.007039893520185695,0.3018445557884976,0.013792094612555827,0.3429317844105947,0.03137306414174086
3.781539521922241,0.37694883477210556,6,5.598232238693806,0.008628144358769466,5.597191553386061,0.00979023772464909,5.600908473800397,0.02110401810275548,5.604108543826944,0.04068124681997427,0.1902932655391617,0.008545248078431104,0.19551295141359123,0.009620259861524108,0.17396865286331967,0.021446338588999782,0.16457658644398973,0.04054844423169945,0.2949716141899719,0.005880565991219642,0.2896926749891328,0.006621290076758734,0.31128070803003965,0.014586761262898108,0.31525451269959487,0.027649144356034615
1.981938446930144,0.09873056719256447,6,5.613745587280358,0.008628615886888184,5.614833232913165,0.009767202215387589,5.615271554896613,0.020361904965653006,5.590855921595052,0.04165661798816166,0.20632429221007,0.008589961425695812,0.20339146084725845,0.009789596189434585,0.21068956909050518,0.019805821675684957,0.23583793499459188,0.0399144335968136,0.3005286731934438,0.005914998353035365,0.2973443525251526,0.006854980988519183,0.3061201617743294,0.013144286863286978,0.31751469721461995,0.02600341945661325
1.9611985181836644,0.096362932555986,6,5.597603355254975,0.008590123743656584,5.599108401028981,0.009766780753685055,5.601122682452157,0.020581448660379257,5.55663419654931,0.037757930778545085,0.2160662933683274,0.008565626867573655,0.2154559202608879,0.009676992399141257,0.2116154640283257,0.021078428741378413,0.2482586370025351,0.03783136195087735,0.30405791994840464,0.005901255909659559,0.3042870029918345,0.006694581666349198,0.30612659166039513,0.014432408827637746,0.283469761807507,0.02722103647322238
3.3379620750056347,0.29841264682463314,6,5.597674392323372,0.008542722219976378,5.595443626333549,0.009984588586732443,5.611768394622733,0.018672739189896124,5.583572504657645,0.036157777646669914,0.20456495739492217,0.008527743200391274,0.19857275241953112,0.009812272695256849,0.21983883175311636,0.01935189890037506,0.2357058699721435,0.03737528504822959,0.30725922855940535,0.0060259329017740655,0.3086343669154349,0.007130256960427085,0.29750601602573085,0.01224268229371598,0.3231454266996756,0.027514457993541918
5.44625143702433,0.6935306369896878,6,5.5953445265345865,0.009016480836301667,5.594298736093165,0.010312799432199348,5.615340050312553,0.019991732741798166,5.517464735063729,0.045580403841046134,0.21547070371967983,0.0089925348827619,0.21076306740193768,0.010317664011479174,0.2354429870482785,0.020652424997949212,0.2102923667655409,0.03742484006241395,0.31326117702740564,0.006303392286300612,0.31191961836345466,0.007277638958925134,0.310505782273641,0.013957657328931186,0.31804563374562234,0.028364528989189043
3.234417841769755,0.28075043598477656,6,5.5955542792215365,0.008650438401936095,5.598116217423348,0.01005536836497439,5.6001051892847284,0.01936251005586759,5.545809406096624,0.03556066138014442,0.20736241676841397,0.008876004195946955,0.20403034602772507,0.010106068886394044,0.22592839325284278,0.021715321095992893,0.19737430576684128,0.03666578625118181,0.30203451758412564,0.006001433622272248,0.30363662437899813,0.006987636397583019,0.29752821742056057,0.013917953337515226,0.2961198883849528,0.02205351067877476
2.3009917446179315,0.138251980353725,6,5.59619671635616,0.00847024411429028,5.5976966361607134,0.009544680018763801,5.58190380676988,0.019773111289849224,5.630845101630874,0.04656663856770397,0.19084978491729288,0.00842126244776906,0.19183582321466838,0.009418591728289419,0.18729297623392577,0.02013837174728228,0.18803302085920143,0.04890100694628604,0.29820186852733566,0.005823611986142022,0.30121171881383735,0.006598114552886152,0.2850534758521956,0.01305571992797968,0.2955807656456242,0.035165565522677696
4.3446899112459505,0.4815323267689599,6,5.605357229214908,0.008464580124054438,5.604210455354267,0.009391025260892812,5.619620695652614,0.02277792194692533,5.576961907378404,0.03763020466590889,0.19694268231930934,0.008499590902186984,0.19790106055688672,0.009363686119161163,0.1880271433751156,0.02361098163544421,0.2105293829145718,0.03847822664921751,0.2946217891520877,0.00594877736033417,0.2893338772374532,0.0065597094817864045,0.31710340712135765,0.016623286045626046,0.31522762783477565,0.027140804237864226
2.4024516429781215,0.15195660944331849,6,5.5952443354671235,0.00860345168374116,5.593805212639283,0.009962970123181971,5.603196736134022,0.018960862837007993,5.580574176554443,0.03928903511348626,0.19956839356085795,0.008768814755042948,0.20184872270332888,0.010101443812520762,0.1999446145410426,0.018906267692023755,0.1631244098880569,0.03888499243205562,0.30149716362409046,0.006142422990495625,0.30374061842059774,0.007186747037958208,0.2990650639180049,0.013094161967188402,0.27094625603923833,0.027192498832816114
6.57897546600725,0.9124307601690634,6,5.602630709404372,0.008860841103389036,5.606093474084928,0.010000585505646071,5.57272321413658,0.020539306394364003,5.659842547038238,0.04896853336685971,0.20991730405667047,0.008472981249332242,0.21301571406922123,0.00960837842715278,0.19537036932696897,0.019186303320204722,0.22623860400578213,0.04761678868714147,0.29962579823875235,0.006024005137521148,0.2995865460430463,0.006950583569522187,0.2882064083984177,0.013125567160327171,0.3321031441129562,0.03004067372147158
2.8483285871479893,0.2177443451772291,6,5.60926062357856,0.008826017250886468,5.605478250413675,0.009988045440291471,5.636759203815814,0.021339109433036674,5.582499987008299,0.03395545698862173,0.19022446261092915,0.008698069502066051,0.18793808545918872,0.00999536641815474,0.19482511214808784,0.02031064811682207,0.2049616701815971,0.03319549722399036,0.3095979062823664,0.005960923925489892,0.30826389308373,0.006861248965068431,0.31265841788454557,0.013789316313615697,0.3108863254113732,0.02178658299470732
10.093807936660596,1.551605081429724,6,5.592405073661713,0.008739823951110445,5.59907497808435,0.009755739950972744,5.553523300706994,0.020989075407176688,5.614231131579604,0.04247210945039068,0.1985796157958659,0.008696937224357876,0.20157747270229875,0.009727442553629064,0.20756372910960855,0.020405119301902832,0.10653899420741625,0.04518206303556258,0.30188213316937335,0.005913895413507217,0.30159339155338105,0.0065137709146369585,0.2905948653385091,0.014719155276113723,0.3280214668762327,0.02808137384797979
5.102071335641085,0.6268004591550376,6,5.5994922359946555,0.008485593484569823,5.606182658727302,0.00980625992883687,5.572449782333894,0.019076893143590044,5.60394824823878,0.042819687903188644,0.19774465168354646,0.00847995332041042,0.20036815866891874,0.009621548998085934,0.18924674570703245,0.019813280392204934,0.18282614863585409,0.0485682399600477,0.29195931414330717,0.00563765280819688,0.2910106088506494,0.006314819484833418,0.2839055780768423,0.01409131330010132,0.33550042470757474,0.03356269438523921
6.072102455422282,0.8148436373957474,6,5.613604420768296,0.008372136260145872,5.6123930613068636,0.009295921513396472,5.638662639783905,0.021378418659791332,5.545832673851639,0.041042303736466626,0.21131576628870002,0.008424127692262418,0.2161288582185748,0.009355878091234022,0.1837912696078159,0.022575120867322326,0.21444814905146986,0.03660393539518328,0.2868639701351116,0.005781293651558089,0.28643013962360236,0.0063556245133186,0.282673742651172,0.016009388567799144,0.2982683933189278,0.025411028586620053
4.241295257030288,0.46203102550302055,6,5.613712908105315,0.008724644681885567,5.61150397356037,0.010043959913331063,5.6389397157553285,0.020513188804713426,5.571916700255316,0.03324104257401173,0.20387046297554032,0.00869430273819351,0.19951490679648926,0.00995400698341646,0.2187448094595077,0.020401343270052972,0.2092707757574982,0.03611276618525136,0.30622700945558146,0.00614483946452306,0.3067492744487559,0.006913824952761727,0.30611776776735694,0.015445119082154339,0.28864386790245855,0.02698794631056663
1.5749794486764586,0.05723339160210042,6,5.609204830512698,0.009041638853412309,5.6111438974480325,0.010159853797754428,5.614532097793775,0.022667214259445772,5.560411365669542,0.041078759299358454,0.1961057744271134,0.009130689156129884,0.19548057206093453,0.010348536958431477,0.19806597930599001,0.023046703537565546,0.2010853864376177,0.0362851866001864,0.30769012646355953,0.006473969227804542,0.3072813432545125,0.007246015237792755,0.3106894883513374,0.016208981114993956,0.30564997590359383,0.03206753815046755
8.56162163663248,1.282195179513077,6,5.5995057584443,0.008067296002808607,5.6089673362763905,0.00910118435272482,5.568032342461566,0.018884003469787525,5.563879478768778,0.04125677548534547,0.1973261322985267,0.008190600904706552,0.19971523777843045,0.009202546011593303,0.18465369651027902,0.01980530516031488,0.21742538834541253,0.040929594757539926,0.2903000502643244,0.005610130872596174,0.28520481045162643,0.00634369231928529,0.29881917898304583,0.012933918246602057,0.33389595682294987,0.029190533680961195
5.363222142026643,0.6774195413684098,6,5.599843660868984,0.008457076490404314,5.607770068646288,0.009693190479315193,5.582814624419565,0.019676640637687363,5.523528729880897,0.04144469363563139,0.20914364601365745,0.00840970331455878,0.21087431988395933,0.009622418302126297,0.20914311030287666,0.019706051375149962,0.18766803958864448,0.039390857776192494,0.29752407193409736,0.0056934187232337416,0.2979276164205032,0.006507294236041447,0.2919294592815548,0.01333898663157734,0.29553119364392255,0.02531246593268344
11.679516665186384,1.8150750053542495,6,5.599264530698917,0.008606288168999594,5.6055941562537095,0.00989540666916093,5.580706220595836,0.01873149791045791,5.569179740314839,0.04280697551392145,0.20913797949116142,0.008754899143849089,0.2052399102212263,0.009979160596197217,0.22905388918573275,0.019583744390441863,0.1998933763528245,0.047339834122360674,0.29690010657948335,0.005934546615913052,0.2974142616282148,0.006908825481047462,0.27407006616733137,0.012432435313261292,0.35855358594655057,0.027339203444045904
5.962880806284375,0.7937155560262994,6,5.603100187882146,0.008374862613807394,5.606484611772014,0.009581541355161654,5.6050751268741825,0.0195402484464096,5.559477252842531,0.033729776244074514,0.21180424880786988,0.008543234949185961,0.21434127821572502,0.009805310750459205,0.2095263478590526,0.01984914714167708,0.2091961271196634,0.03324601509592263,0.29961390746658906,0.005886869099067739,0.3051802778372993,0.006582484195768267,0.28404421240980626,0.013616653232972096,0.2621697873763267,0.025501552142299645
4.410397696803557,0.49398036873271534,6,5.605635601360535,0.008461385829147681,5.603962272585029,0.009666982465912397,5.605944902363224,0.018742189306048502,5.644446348420458,0.04649220493527853,0.20343484543651763,0.00857696422686546,0.2063872950085234,0.009800468188307127,0.1849580197630769,0.01949768333361952,0.23434623266364915,0.047098837090563894,0.2948767119389596,0.005799349356300089,0.2937632389245296,0.006905587053573654,0.28993767714420166,0.012239561198197413,0.33567113669387416,0.030253772459844758
2.4098740404151613,0.15297917287522358,6,5.613356804600944,0.008651027016634812,5.609350186005421,0.009780017792760262,5.6160267136310775,0.020917418103220592,5.66738978449244,0.03864247320813232,0.19104255261361547,0.00846827754324957,0.19246390968266486,0.009636264605334973,0.18430969600286462,0.020164815705574487,0.19166008079341446,0.03688141446638112,0.2943757743948896,0.005679576598532951,0.29305588889689704,0.0065257479581509415,0.29813361221923,0.01315435092546458,0.29647022803984174,0.0237697703295992
2.2436711305344943,0.13074131763250138,6,5.601534197787326,0.00837215652320648,5.606888772383652,0.009472710889083073,5.5829155869627005,0.019851216837406736,5.575351546012428,0.042394182502250966,0.19999833782596638,0.008347561493296358,0.20275203085751456,0.009474143595402692,0.18939228450580842,0.02015045822587591,0.18851243945350082,0.0380714257127878,0.2983854369703666,0.005575709013964863,0.2978255811766965,0.0063616810815174925,0.302565321043582,0.012927853111952416,0.28419157234991566,0.029420277703957942
0.4841347105393652,0.0024737453791456995,6,5.611087510216491,0.008299084298197522,5.612600195531398,0.009786186776614076,5.605184291239638,0.018310743627498505,5.613690087932873,0.031077484302623637,0.20944927880782777,0.008346638104198471,0.20901108434130797,0.00980720807447431,0.21177828287440176,0.01853690875877021,0.20988699063841287,0.03168753738281035,0.29508170579776527,0.005619212701176259,0.2969414561415111,0.006673700306136401,0.2919128387683066,0.012010741664138814,0.28540616661743695,0.021587231328410315
2.1628676331893075,0.1204500318567871,6,5.612218763248255,0.00857949478161462,5.617714428603159,0.009710005533701804,5.58605694515924,0.02163022178764521,5.608916854118013,0.03474455339017316,0.1956568396144407,0.008717023152630827,0.19490921555914079,0.009897346312758076,0.1990238711114255,0.021821731683700222,0.20176815347709068,0.03518084867079254,0.3004231027642796,0.005900893109606139,0.29973759601064404,0.0066813160302900505,0.30736788644556473,0.014550412185353705,0.2911506776187065,0.02528595099532882
12.493489068991039,1.94460235672069,6,5.60482684638454,0.008762973444261305,5.609401599069128,0.010036730288797842,5.597137147937298,0.021176576000446364,5.578600491460519,0.029920391569227822,0.19017263129431522,0.008704987507684137,0.18563405832770297,0.009938401166521865,0.20279753918630017,0.02175466869742977,0.23094852103877883,0.029181328140537244,0.3054905897839968,0.006021598310500367,0.3086742383785272,0.006902666145756788,0.31171618026621484,0.014640046139530925,0.22416126018567276,0.022354020709638926
6.346711398786283,0.8678212119203255,6,5.598254778772363,0.008773027429242655,5.594592498640458,0.009584967184231845,5.626826218204803,0.0225504849934565,5.558873519503405,0.04397230362683693,0.18287516904262602,0.008878199990345927,0.18912587982179083,0.009923942424906648,0.16852228620433074,0.022081183371093712,0.12007912576851341,0.04331864592344351,0.30192114512407175,0.005979147814291252,0.2985289111018209,0.006700763610004381,0.313576897039251,0.014658395140669965,0.29919195537028953,0.028220781597577564
5.52212258875079,0.7082549751108632,6,5.601576192305323,0.00861090622361509,5.599975054935698,0.009496817193399546,5.6144836947675145,0.023008077566848337,5.57856745116375,0.04419661311554807,0.1944141481898719,0.008744716142055528,0.20185202229926894,0.009566405943274263,0.15657257282166326,0.023570464867143464,0.1707126599333477,0.04871399988749834,0.2995972743375735,0.006133331782732692,0.2959917994852789,0.0067015005270557055,0.31579916021726634,0.01633197344741509,0.3146015831038115,0.03500067574672365
2.3918650699342834,0.1505027638434624,6,5.597529499186348,0.008312261584145374,5.6045478025583675,0.009547767772692037,5.575721661085389,0.01879420301998297,5.577727788404776,0.0376459680437894,0.18796172827812288,0.008283320280296241,0.18641349259781728,0.00952420494716411,0.1932799704299929,0.018646711330522085,0.18608679303481396,0.038608389252866256,0.290364855421153,0.0056825524327798905,0.2892649451909432,0.0064921268262005186,0.2921178558576627,0.012943050188250857,0.2995865423669901,0.028507946184121138
10.014466426728177,1.5380183532308505,6,5.588141589728963,0.008715549825082283,5.592729329110774,0.00993887561745979,5.555292081008385,0.018703477345425285,5.66156925598409,0.044412511267948526,0.18944563132159872,0.008528182310774719,0.1853768157339309,0.00975847683353679,0.2067202267189194,0.017794510866962616,0.17972723460827505,0.03995136577063184,0.3058708070626584,0.006106288629212563,0.3102301511522034,0.00686023753520108,0.28291811173018616,0.013135305900511188,0.3216709157425568,0.035039871627787635
10.913026063179132,1.6896133574587844,6,5.611259971833848,0.008067341036429632,5.605330009535226,0.009186351252164713,5.635000767223779,0.01798093708067767,5.6297601445688334,0.04559850393581649,0.20998863721343386,0.00826577024116848,0.2158067106648002,0.009391564020141399,0.1690127548526322,0.018896811554958124,0.26044159227617925,0.04167291040460364,0.29685155530647156,0.005639140682172673,0.30114164428474566,0.006512664816577084,0.27768362805712343,0.01208394662133345,0.2825352923009573,0.0291353155516445
6.009088073507883,0.8026573713265852,6,5.608013137109202,0.008280000530109655,5.614024069763738,0.009272510557954772,5.5733563419233,0.019886523877788307,5.641685900007032,0.0436661878673999,0.20209057080926748,0.008589982542200225,0.19704143527072832,0.009590187098868825,0.22502559483915277,0.020864651634327682,0.19311166966229507,0.04829157142601506,0.29853053547647224,0.005741375198407405,0.2960362912862348,0.006426496109453796,0.30417588679493535,0.014067807996145454,0.3077785573497006,0.028955081408598652
4.4314667082508095,0.49798014271856084,6,5.59652811037806,0.008529922122195808,5.597322696387143,0.009462457467276576,5.581790752094814,0.02137884037179186,5.6548533422869,0.05066807890737706,0.21177433548429325,0.008438711596618305,0.2125819697204131,0.009346730598733415,0.2091921256029281,0.021080462078712437,0.212990162148188,0.05897177213957767,0.3017907723915374,0.0057519794295685985,0.2972171917248406,0.006356137993774455,0.31843065985973956,0.014308411105942732,0.3351479017003492,0.047968598970453
1.0689995189459296,0.021482383188302617,6,5.604143172885603,0.008602214369132676,5.605146130963316,0.009632695925559898,5.600265033066113,0.022375117756552404,5.598935427115609,0.036624765690954054,0.2241179242144538,0.008515420860457527,0.22453304298556903,0.009530350144242665,0.2212329348984451,0.021647510537506073,0.2284928853327665,0.03930177243789653,0.29875949062768375,0.0058609023202208545,0.2965029979620151,0.00657543494562967,0.3121353620350592,0.01542659103528626,0.2935314247184562,0.023567650508428732
2.0886749422206776,0.11131686042147651,6,5.5924446111948365,0.008115654098823262,5.592543182893513,0.009154762382490954,5.5833310429091805,0.019197366370502095,5.6101769910508,0.045220715581332845,0.20263717910059162,0.008357563495302126,0.2035327060771664,0.009511095020245604,0.19780386518426163,0.019068998101480685,0.2023313291382619,0.043567086865619865,0.2957039302485582,0.005470904335445536,0.2927806499569212,0.006259836722596857,0.3012520049314121,0.011836813680961763,0.32729646417505887,0.035870669803153066
2.782991879081237,0.20759000874045822,6,5.605283027706156,0.008668677033698929,5.605287433515801,0.009862152810612122,5.617815006891977,0.02075597126331996,5.564964923572153,0.03716676312766746,0.21004591104927917,0.008681113340829352,0.20692305701562375,0.00982496808256678,0.2164060360004585,0.021221764892126235,0.23711879310290884,0.03806666775628955,0.29857099902243434,0.005922187135904426,0.2959240306258814,0.00666621717104645,0.30769157182775486,0.01482849308367371,0.30860874695929486,0.02546360843590527
11.23474856944813,1.7426967060796905,6,5.613686169051904,0.008422149624899313,5.60774774910624,0.00957592958789316,5.656565948627642,0.020623273009292384,5.576222579781676,0.032370342942504016,0.2243845033063775,0.008434733627761206,0.21977025483100976,0.009573952811130933,0.2203522275521177,0.020957348624186262,0.29629970385278076,0.032813418280422585,0.29468569428288155,0.005790583565162285,0.29510778256951703,0.006567247487100835,0.29430398464232327,0.013975321240470942,0.2833181339720858,0.02296268330735401
3.171779868469457,0.270210388648079,6,5.609194567913955,0.008410654298772368,5.607914557338321,0.009670353506008944,5.612881503332517,0.019994270183480448,5.613383682461375,0.0370509837974516,0.1925527486759394,0.008453923565147957,0.19254720768983694,0.009558824395415546,0.19961903985243212,0.020572694792872732,0.16185832095443775,0.03721741398017312,0.2966243970245037,0.005793802274040521,0.2934086470372269,0.006580803553824119,0.31406290680621407,0.014247664709533349,0.2839196920180815,0.025572418004779458
18.652274375839625,2.8206245364762537,6,5.60965975565049,0.009000895185875742,5.613191144855189,0.0104702421338309,5.6004299090843945,0.01810233321442725,5.639078787874129,0.05253508407031309,0.20209900246381524,0.00914234736743454,0.20374048703096215,0.010615277125951778,0.2133772260325531,0.017921283455653365,0.13378104809111485,0.055336782446262646,0.3073870035074095,0.006415833032250363,0.31256844313563464,0.007305542499058234,0.27027304763928267,0.012827370338386863,0.4010332775272488,0.03883497002125046
5.424780349363573,0.6893639970735513,6,5.594108913518421,0.008803002613036926,5.587543382464506,0.00989500621652398,5.602159359688839,0.02263268281007269,5.652771987952813,0.03558548365394295,0.2036365567374715,0.00867837927095138,0.20237392286517158,0.00985603654645409,0.2109308527919093,0.021134315293982932,0.1972570789163607,0.03620857811937002,0.3009790120206848,0.005949535538722746,0.2964692165783393,0.006673959342904039,0.31700138922539295,0.01518535757278345,0.3128408562444551,0.02480082581582037
3.5676667253283085,0.33855331973043756,6,5.601071590775229,0.008670809445074309,5.60589701393064,0.009796303327311172,5.577965241955715,0.022390886880232542,5.594973607781848,0.03526685529472844,0.1907203313562746,0.008684998211383386,0.18801914753963153,0.009581402129492489,0.21124878679016335,0.023230524308168694,0.17382504390411588,0.036206610000579245,0.299121543512279,0.006027253074516154,0.29577566378449954,0.0067782989983046086,0.3111723267302138,0.014874256271810108,0.30837422220421074,0.026079536073182183
2.662635908855009,0.18932189169434885,6,5.601224407475737,0.008840329824938115,5.599507556348866,0.01000639386171067,5.608051750953087,0.020606036707542706,5.599330965215563,0.045023617932258085,0.18566878571708678,0.008826407219003546,0.19284739527896141,0.009976006829391345,0.15712818135891904,0.020874008615582734,0.17263897993890953,0.04594553084289801,0.30452567721002194,0.006268131410688061,0.30394806658792795,0.0071779517768969115,0.3038370650636866,0.014421570327692219,0.30877722487442705,0.02901401835111371
7.177027623562026,1.0262245414999287,6,5.609194146514547,0.008657570854513682,5.6086310723409465,0.009787263692719731,5.605751540636031,0.021036918797940597,5.637728037621525,0.037428717211181003,0.19904825016688388,0.008640368647432279,0.20598856527044884,0.009836982670980675,0.18187521404228954,0.020813161956534914,0.1621548095669347,0.033368866461257994,0.2997849953423402,0.006201290052609922,0.3031129797283367,0.0069865996882083415,0.29928128572945273,0.014327845138079356,0.24339496869404575,0.02589747136048811
7.87846108013764,1.1573154379315844,6,5.599428379897243,0.008798943332176151,5.606660926008576,0.010035489073047408,5.57826057560012,0.01883057853863843,5.570440848567924,0.03968333352077127,0.2093791066078195,0.008763089743204564,0.2074886899364449,0.009985132111447735,0.22642587601824737,0.01892610276806223,0.17092377122011593,0.038757348084049736,0.3099962955417655,0.0059953565865826265,0.3157808909267151,0.006841216759857894,0.2853920904633953,0.012714058226405868,0.3052558059027424,0.027838323927784785
6.080823368276469,0.8165293912160742,6,5.606761348674516,0.008401732698221573,5.605269118069585,0.009562273049396358,5.628314222907867,0.02002882202756119,5.556052631380321,0.0359332305268438,0.19141286165746657,0.008346547278985844,0.19775448990601607,0.009413034052434517,0.15736207714731762,0.0213832139513829,0.19722465622326207,0.033087531347316054,0.28911558118207537,0.005815812313637564,0.2888981359409947,0.006480313627185221,0.2871535374117043,0.015578143534312736,0.27924884959555335,0.025423611924801966
3.652585100804572,0.3536908772191108,6,5.603657661240444,0.008192737513656784,5.603305504485138,0.009670790767999328,5.603322162517679,0.01812406703768862,5.603345600287037,0.03677788594385157,0.18987936405588882,0.008256869988213275,0.19204210140979563,0.009557925821775651,0.18811685123899724,0.018266700654294882,0.15896817000154298,0.039741099768751904,0.2874427815922963,0.005711794514094792,0.29303724752369875,0.006687694600127705,0.27082311290535793,0.011761412504721942,0.26540079488492296,0.03075130487646434
0.6022951158083742,0.004559414188451609,6,5.6129030367238935,0.008674164440306411,5.612887806662139,0.010115877661528168,5.612831851820133,0.01901100686002229,5.6049796855594005,0.03777161528352081,0.20345467430211844,0.0085331351174219,0.20463050214764267,0.009893276914388505,0.19803736605905853,0.01918514202303665,0.21212018274866373,0.03615285194821991,0.2939878848820407,0.0061187921168752235,0.29593120659075245,0.007255337171398885,0.2910467626820273,0.01259943197666427,0.2765668328556758,0.028496167893083835
3.1506879601365654,0.26668697800087665,6,5.596994730151705,0.008999653173158645,5.593462981286505,0.010212861800795229,5.618165197990776,0.020962414850767188,5.572551377471439,0.044752357037488276,0.21845772122700682,0.008896784559125414,0.22084879917333966,0.010012371945648664,0.2133152413962991,0.02165511609227753,0.1818359022407715,0.0443910648297075,0.306367191639661,0.006204569972757316,0.3074793862279165,0.00694314770446069,0.3068080427504703,0.01597800520755525,0.2755548199357874,0.027968450498694515
4.552125268484815,0.520957559236831,6,5.597880712046769,0.00885081667316279,5.589107701936959,0.010220717282272942,5.627874172005761,0.01941283718457427,5.603224723190932,0.04021251223738876,0.200837217487704,0.008912078844667649,0.19720511890038928,0.010102401401484109,0.2167777993475721,0.019129305379026046,0.1874860648192027,0.04731139526281974,0.30659819069525235,0.0063109498337891624,0.30754126118558867,0.007198327294967349,0.3005560495557035,0.013659257774662058,0.3237265621110357,0.03153904396647666
7.099073829318513,1.0114897730198307,6,5.602708439706392,0.008549398155864266,5.60227241614069,0.009687039903325092,5.623475118851087,0.020252417599914425,5.523903033528754,0.03898400588888853,0.21838702064237547,0.008453462772799649,0.21815793383047322,0.00951630647359103,0.211565336364526,0.0206297296134353,0.24551581359065536,0.038412813343608534,0.3030235372784736,0.00587063408234544,0.29935754893769895,0.006638825643139744,0.3178741629156929,0.01391139935957364,0.2829982103527693,0.028192797768944785
2.600238023995189,0.18008596470198435,6,5.593894130395816,0.008660116142777811,5.590703051802784,0.010053835951450815,5.604578238576812,0.018894942676012466,5.586367143746109,0.03993270399756237,0.18556203523490056,0.008490635718968931,0.18041155198223358,0.009830958734073187,0.1989605737514435,0.01881104964887769,0.20451659807413336,0.03642495572746148,0.2958468810916541,0.005755802466937826,0.29314686387141753,0.006712754432561976,0.2982175913662375,0.012371350614647066,0.31903009523540077,0.02611246906885465
7.452447934090742,1.0780266415759627,6,5.591324252423925,0.008911620890540086,5.591129501873617,0.010445540684240985,5.587838617753567,0.01976852689179348,5.603376367034718,0.033374059061634764,0.19746479371009323,0.008871167740793802,0.20362674618623472,0.010429885094949829,0.17028235604834369,0.01930738311677163,0.22168147261498286,0.0344590441142315,0.30241665898596787,0.006214912168550884,0.3093499241814204,0.007509419576150688,0.29262541077002063,0.012269844440879776,0.2608282959349773,0.02167568665413189
5.71519500001159,0.7457174731197732,6,5.604481767291949,0.008647523844606349,5.610206352508284,0.009791833612543177,5.577906764269483,0.021350838269695714,5.603569382712064,0.03602993903223588,0.19529571357988643,0.00875500372785968,0.20176940048724165,0.009810128666326782,0.1791826328107286,0.022263388012825923,0.1401813019021387,0.038334494512351824,0.29706521162510907,0.005958343940609668,0.29457167868368755,0.006671756596313817,0.3053886220582024,0.014970237421751713,0.3084265237064947,0.026457655035047652
4.825435249367729,0.573376804878675,6,5.597499799362856,0.008202462369178836,5.594529508332579,0.009279896555150614,5.619059185716639,0.019626127343757002,5.575006796413661,0.03791061605865335,0.20638112083811505,0.008274603192452549,0.20114911553622986,0.009428419927039461,0.21951867771942918,0.019497053702155504,0.24099327787601732,0.037732551876500695,0.29615005021434465,0.005673610055943311,0.2928869276163269,0.006387341264302136,0.30338550252284513,0.01363591219781923,0.32054641347563056,0.027799318387654474
1.7411183332587825,0.07287835089319544,6,5.6012289022684785,0.008693042620189108,5.598662246462088,0.010111082365622965,5.612786332476933,0.018785569746401026,5.588011101424658,0.04066316034366206,0.20643661090863602,0.008822183761364198,0.20678958106277598,0.010171408784294306,0.19596872154442768,0.019700836148969548,0.24326595564476242,0.039663704271836624,0.3085186909853353,0.0060770000011569555,0.30903971477743974,0.007053215322373316,0.3080234085861866,0.013120405341648322,0.29594556270146594,0.029324098741216345
6.728807543942821,0.9410941271118394,6,5.597426885844346,0.008757292628931554,5.590469565994992,0.009840585401768794,5.612685728178471,0.02224587922004079,5.663080890815459,0.03879071106878871,0.21214552922450003,0.008867253479440961,0.21753774440880097,0.009999966014437712,0.19300198860500295,0.0215263168844725,0.2012960166705054,0.04257585350998614,0.3079554138518864,0.006066564964995252,0.3053302752166042,0.006822729777945695,0.32393560111795583,0.015535683225208468,0.3003717520118592,0.026195293142259806
6.283130355339381,0.8555758285168051,6,5.610400326761236,0.008590858605512716,5.6123128414881664,0.00978790762074139,5.591484249525195,0.019832739105003428,5.6509603153746975,0.04711835669993773,0.20495431943632936,0.00844741533466046,0.21247136701929362,0.009655015211034169,0.1851713815117263,0.01946029655802786,0.14387068231122285,0.04643103256401523,0.29857463016196367,0.00594824647641117,0.29755331459801576,0.006727665771237101,0.2941252719671259,0.014127274366795574,0.3228798621859336,0.03168492911991063
3.610943659892655,0.34624928939980154,6,5.602210917298165,0.008396190858797038,5.596223561615929,0.009646462215401773,5.62046725120724,0.019611030728112874,5.628893481512616,0.03418499189540544,0.20650692177453173,0.008556274518947993,0.20895387958733416,0.009800465208705516,0.1923464817905985,0.019985454300814148,0.21027526211334824,0.03719643243074231,0.29646354219206394,0.005822571166181986,0.29987005584513127,0.006785325693781147,0.2860440257800088,0.012868588108663726,0.2820198868093397,0.023034661081620313
2.388550451476476,0.15004869517872613,6,5.590998206286335,0.008611650305803827,5.592801924750505,0.009924035208776664,5.597410937038684,0.01954039688235278,5.540157733325592,0.03647417262314366,0.19995355851489582,0.008450719307992,0.19824310246198906,0.009630195893818553,0.20590683968352852,0.020025925893662488,0.20102393045376915,0.036151220280800506,0.29852068503536006,0.005948725068567139,0.29976662473282445,0.006737704295901903,0.2931702042314789,0.014048594470901734,0.2895606945675414,0.028975882061606468
6.19726368173724,0.8390177076844608,6,5.605201098380391,0.009007576145771978,5.599755139565049,0.009982611798824002,5.623411479894958,0.022991492992418112,5.638981019894002,0.04257325120670139,0.2079465791023335,0.009018988705959973,0.2067153462896134,0.009984923016124723,0.21693227308233204,0.022720803743190247,0.19538808861301082,0.03834732096175344,0.31033841974589776,0.00630748609965161,0.30473805979022345,0.006966413116273706,0.3394564147838375,0.016088815144329863,0.2981059717285832,0.03016752402190974
3.8521256231324514,0.38980634512234963,6,5.6099078874818495,0.008581779682319178,5.609525608708003,0.009739719725478381,5.617769292775365,0.021439356274412343,5.581938084432729,0.04370126917200908,0.19530773843437524,0.008620345022837322,0.1922365622441334,0.00961309478735971,0.20691395524722314,0.020917207989673697,0.2271107278982307,0.04717589356500447,0.30000292901728354,0.005907029336153136,0.29537614076690644,0.006630604012289514,0.31148342603215357,0.014263388502184365,0.33084898319678596,0.0291479108025719
2.213174424468889,0.12681586701096204,6,5.585391107765004,0.008306649316624087,5.586790773202782,0.009447227637915043,5.5888099890729945,0.019759552342343018,5.565100764876851,0.0315327349514597,0.20482431638307494,0.008368007696644907,0.2080100422947625,0.009720761186547553,0.19629087315413357,0.01904834394818192,0.19014822718380628,0.035611708659731386,0.29754707051169227,0.00569971667523448,0.29965227048278825,0.006584724095342756,0.29649166586586295,0.012915836237323218,0.2748952345620086,0.02233591825743936
13.637745451647788,2.1206036607916445,6,5.5843748780611016,0.00880662409491381,5.574562895702693,0.010149237230083265,5.599299609195785,0.019242201781353666,5.661548168304925,0.034026984807565386,0.20946481359347724,0.008795266863607673,0.21537351343086059,0.00993704000227808,0.18454745192139896,0.01942135709046791,0.18721696435448512,0.03477667189938727,0.308534910532019,0.0059863005170039865,0.316396083071618,0.006870494496444402,0.28480299526371217,0.013382217072374773,0.2610609466598811,0.02370549856514474
7.326710289373295,1.0544282160172436,6,5.605018277601745,0.008501862467197892,5.614088006245341,0.009659725739736051,5.5727563659134605,0.02045420276413534,5.581731282204146,0.03568697563374409,0.20026978697662368,0.008479917698916054,0.1939919045751142,0.009638756857704416,0.2297010549739166,0.019313919283470767,0.1898203610114626,0.04411217000586213,0.29412020707154335,0.005896317134842763,0.2932900231984419,0.00676436162834359,0.29166624170581307,0.013177987785057655,0.31299723001431823,0.0273716566176398
6.956746701704105,0.9845080303956137,6,5.606630465055855,0.008222890476910775,5.605896842691979,0.009329986416653568,5.612837861475338,0.018388583246895133,5.577771853578244,0.05496277373190897,0.20350659421818595,0.008143040954970327,0.20982430374695907,0.009293200015508535,0.179421856030958,0.0179584351665532,0.19811861268741618,0.04844314299873597,0.28637133042148966,0.005745341172177584,0.28568959139756916,0.006526012069539871,0.2803535325678192,0.012277094986335313,0.3637432835865649,0.03996573719329175
7.085911258749547,1.0089987236844418,6,5.5992424063340565,0.00867840036510292,5.593089173787933,0.009992512759950197,5.602256340665784,0.019367990088505444,5.676715563231204,0.039575550582805576,0.19061405553855215,0.008499634005235889,0.1982422408047828,0.009732215599274438,0.16435915348648397,0.019522511368593783,0.17562102058409512,0.037105779308764915,0.3064144820588517,0.005873328287839958,0.30546028496150657,0.006849822062584382,0.30525672466907167,0.012946796817955753,0.3174793035064356,0.023550450950562136
7.012658669642406,0.9951195585277708,6,5.604527410285328,0.00858406840985496,5.602073299447972,0.009772287550361762,5.62002032249736,0.01934920186324191,5.588334101685094,0.04706463583026997,0.19661432980364282,0.008479690134284033,0.20099328304016023,0.00969570433316572,0.19883644562222472,0.019407093723167686,0.1083756238138407,0.038664223317630905,0.30183450340295304,0.005761016651414121,0.30455320797924007,0.006647135426375421,0.2925757713808748,0.012457477679392757,0.2895370649359356,0.02693322871422052
8.592406195413787,1.287754420382964,6,5.607547070074649,0.008408230093117263,5.60535793705177,0.009482973257433993,5.61185137026623,0.01991019122988742,5.624879325757134,0.03990165474974297,0.19321156807156137,0.008316789430562677,0.19868223749184233,0.009404163050982302,0.19693884704131315,0.01948457232946716,0.10326416712446436,0.03886161992111798,0.2939053671832425,0.00581873300596322,0.28785703302372195,0.006684927776968594,0.30677916045898984,0.012596784499215878,0.30896692462298764,0.028872430963115727
6.772104012241471,0.949358819564922,6,5.591736778154185,0.008741940215928223,5.593596589504079,0.01000754666379822,5.603814724280841,0.020308337818567525,5.526339269457465,0.03674588807134745,0.18388307341247923,0.008721303119776775,0.19114356325137688,0.009923634113049732,0.15658362579766688,0.02029994694586092,0.17166799742120575,0.039866293886177975,0.30444445565105227,0.006216110758427998,0.3010982620746148,0.0070967139141037755,0.31398454574327295,0.014296869770456345,0.3105547160840951,0.029058897951953266
2.7649560773425037,0.20481572237414886,6,5.587039265013075,0.008787350242067728,5.5888677051527385,0.009945010582540591,5.597918146944057,0.022326239011513805,5.546429080331983,0.03473457803191344,0.19975807195084488,0.008741997870584635,0.20270985667909233,0.009817586251860555,0.19290238941930798,0.02167850106438648,0.17038238408090245,0.04339509665183388,0.3048532818079474,0.006018139945605281,0.30268092613501474,0.006840702648212731,0.3114362595172759,0.014411114405755036,0.3120913276966484,0.027895816319107775
3.6420136775122955,0.3517983838359642,6,5.607877369884068,0.008482736202886263,5.613510128855008,0.009842233422798663,5.586815085698174,0.01901092523942297,5.610723115171819,0.03450669364962497,0.21582488438110037,0.008680372315723653,0.20960729591795163,0.010220633609737696,0.23519154640770312,0.018654288571897767,0.21739503041257666,0.03498751335553462,0.3039527903448317,0.005928106111615332,0.30450206878344566,0.007142531689698451,0.3058545929387683,0.012325258213533984,0.2886898835960427,0.020858981524374327
5.012068087627995,0.6093896056314578,6,5.593001467326212,0.008472607240010484,5.589934824257755,0.00986560284717479,5.6082968515892695,0.018289893529506263,5.574972243995715,0.03445021987499949,0.2230817276493304,0.008427472690395515,0.22406610460182286,0.009722925101679636,0.20180215035690968,0.01934250868868779,0.27456964458733507,0.03333540628462699,0.29677884371055735,0.005967183699973302,0.2985218448560029,0.006962511369411618,0.2883833507451149,0.013368669262169787,0.29297079223392714,0.024083016062808733
5.3967057176923845,0.6839162254978342,6,5.601598912961725,0.008468739877684452,5.60424367485346,0.009503078894684424,5.589398098077851,0.021115539982521345,5.606084734202706,0.03912246201473273,0.2111312927848338,0.008423964263722241,0.2033767393858811,0.009608444877845936,0.24584380227698066,0.02116078617352706,0.22051357595996826,0.034944603080550966,0.2968058823171615,0.005956881122258112,0.29599829600425714,0.0067993789658537885,0.30752752880700823,0.014864177298080417,0.2689664510482185,0.027153039459929577
3.7494056189170806,0.37112434385028414,6,5.603598207811325,0.008583624952887198,5.606581656052608,0.009887610170337988,5.5843052858167885,0.019228778653348717,5.624327323468104,0.03835499930544109,0.19705140785137368,0.008582992398275773,0.19754891644549488,0.0098680937598308,0.19613921349944233,0.0187290850338504,0.19295635692153645,0.04357398815677697,0.3036389046039639,0.005854200411714695,0.3034780116124837,0.0067115354384003345,0.2931916982198256,0.012915198339112935,0.3404923967867368,0.029275739542004537
3.850889504814404,0.3895804569716157,6,5.610679018915764,0.008312752827007198,5.610997864715511,0.009381629146273189,5.611275521457071,0.018989082405388394,5.5907373520824,0.04527426952401333,0.19383072931239897,0.008312160165076146,0.1911571625098,0.0073703842691858895,0.20936741310897397,0.01837432804610774,0.1457088969118023,0.043236461276409545,0.30374695003859337,0.0057745726844568275,0.30008445566935604,0.00011863205468787681,0.29566744823367497,0.012741199920478927,0.34503995198240944,0.030133643270851586
6.402039683613111,0.878465894521788,6,5.597175218237804,0.00857097016554736,5.595233283299337,0.00973733766784216,5.612990492321848,0.020666334154120395,5.567445620008025,0.034489612453492774,0.20113746937515442,0.008702131526984761,0.1994329528504314,0.009826923644749309,0.19183584931049666,0.02117628799058956,0.2832744031633379,0.03715093173856767,0.3022128315963077,0.005973107617920645,0.30202793109469395,0.006616584722601297,0.309120660803418,0.01599385261809584,0.26637169503053076,0.023935415583115374
3.1882120523805497,0.2729644714591632,6,5.593278869932296,0.008501491167407319,5.594323167405116,0.009507050991471559,5.581735575129628,0.021154123058623506,5.609303371624521,0.043869531814794006,0.19068424171672396,0.008721183986000837,0.19090637212783176,0.009821992262164434,0.19032213563874256,0.021976817942071035,0.1882571657271836,0.04165415001663361,0.2984537648532237,0.0060788329323558255,0.29655746787105514,0.006826408978203202,0.31389644349070117,0.014749107671964546,0.2618992164809035,0.0293841728370666
3.6029070623480948,0.34481717286141716,6,5.600267033334752,0.008689224937864861,5.6026402671024975,0.009935222988047396,5.590927433696049,0.021411863850412178,5.596185983391708,0.03215948979758636,0.20724287676172193,0.008719615083220021,0.20603851352856167,0.009900843402763149,0.23039771774616555,0.022129246882685687,0.17096782397288757,0.03251668865064455,0.2981035174618447,0.005982687935894804,0.29589152513441286,0.0069579414971507915,0.31012925244546286,0.014417880858646252,0.2900228791490364,0.02228766487787359
3.163861210414325,0.26888602844919074,6,5.5910943399378334,0.0082128379833173,5.595139744931052,0.009433265206871707,5.582990264839497,0.01950135723186438,5.557081744791917,0.039695569870356835,0.19685350713404914,0.008185294198092908,0.20126856145669725,0.009448314632943603,0.18970926648224876,0.020215515616932012,0.15905726924193422,0.03609002456628135,0.2890327085244557,0.005641238157039174,0.28736452495315284,0.006598868450783794,0.2968155766093886,0.013838583642980028,0.28524544107570227,0.023425403753335225
8.179313008426107,1.2126632873078673,6,5.601976541691597,0.008224624449573293,5.6034461439715315,0.009843290440806141,5.603595772622434,0.017397848841443263,5.595087985185674,0.034147439837796126,0.20193800973097417,0.008261922261869888,0.19940683101803044,0.009832489325904442,0.20415728307554173,0.017014885933310585,0.23163278810096075,0.03365816618332563,0.2901861289929942,0.005721326112965778,0.2989027947522716,0.006884413743765121,0.2689641246121842,0.011199085447538079,0.24923045053281273,0.024254739593400798
5.569461455073906,0.7174419905200938,6,5.610122679559849,0.009017637530586287,5.609919089885639,0.010543124301077627,5.618339670785092,0.019373998415813328,5.575393108843825,0.03785705579665243,0.203599510652069,0.00890044417031132,0.19920884712975911,0.010344653302179572,0.22455107142668612,0.019440587029890984,0.19044049087592987,0.036840023603096156,0.3117239105795318,0.006194320816001372,0.3161320949523159,0.007194813281986111,0.3033874641696479,0.013330851292176371,0.2634481107097068,0.028538498925475914
4.8217228563153185,0.5726619689496565,6,5.596051852271705,0.008818973743521382,5.597373805696573,0.009926041930947233,5.588845272675521,0.022526136216850793,5.593890599403984,0.036335210059355805,0.2051767229894093,0.008766245789743776,0.21452281807351953,0.009813119779531995,0.1683555255330913,0.022940653083268016,0.1706346856137279,0.03603462390321754,0.3050420231416372,0.005780723394545725,0.304090100561633,0.006432603726418547,0.3112752795196528,0.015322313659011851,0.2967121201829405,0.025018602853750033
15.98449512415391,2.461456153369222,6,5.596657485561299,0.008788297690961634,5.586680661490997,0.010490939748849237,5.639046323935785,0.017949808479229223,5.54232063247829,0.03443757957368321,0.18122288651644589,0.008837606510546585,0.18724973892949237,0.010479432715789666,0.1635166307372413,0.018713777155562675,0.17272948441112435,0.03374354158050119,0.3063201868862965,0.006186693345433829,0.3155024401420431,0.007405888602620406,0.28589584577114907,0.011956257603015264,0.27663295158411,0.025780203787977386
3.800666839670157,0.38042448933330103,6,5.599102477609433,0.00857890579303438,5.605014378300677,0.00971859674798964,5.569908462923549,0.022093489915879155,5.59495706837485,0.03461523946583595,0.1961302958423969,0.008558222887283664,0.20164863578442108,0.009725343404286735,0.17357512445113107,0.02179401543125432,0.18195287234405608,0.03457822305875593,0.3003295018721819,0.005833802934789484,0.3000998714493887,0.0065520296809142104,0.303061555719074,0.015206140293923096,0.29117092018011287,0.024212505339615345
6.329978514360846,0.8645998581226292,6,5.596654429715427,0.009225859419127727,5.594461164601984,0.010412701407183962,5.58441021100472,0.022437723963266702,5.669600701172428,0.03892902309048818,0.21238550815504498,0.008990180903086814,0.21709087354018122,0.010188995120420707,0.18338348414517858,0.021602594039881042,0.2250493530386101,0.038956925241285835,0.31522917784041504,0.00630377897209855,0.3161906013044462,0.007074445404805225,0.31156505092970205,0.0151296161355569,0.29029867620166855,0.030436179243453543
8.818429017977905,1.3283880666763266,6,5.589640521358993,0.008641663673612535,5.5844805636928205,0.009934575958996997,5.5844214509171,0.02031088451806916,5.670906956126165,0.032620588379670364,0.20977851215543852,0.008612842126154858,0.20927620632723196,0.009810122505770673,0.20355956973394915,0.02087565767395315,0.22545309744398168,0.03493873154577287,0.3006205830268723,0.005918682841982824,0.30438715041699044,0.0067768208846251425,0.2919870639148073,0.014045669148843264,0.26905916847004513,0.024387462182189994
5.691874429903692,0.7411938829515491,6,5.604120905370832,0.00872345766712222,5.609976202484272,0.010100103987840158,5.5929650331447425,0.01870479578353252,5.576256893129824,0.04477920675408417,0.1867752782629668,0.008799892793909057,0.1851970706572459,0.010150363927135397,0.18142346812277446,0.01869879990354942,0.2557561587493274,0.04809027010795416,0.29843813271380076,0.00609113447958998,0.2959606337377941,0.007076857501575579,0.29752338924078536,0.012765126921300909,0.33479109262476026,0.031624040910336965
13.23355074239953,2.059216805490726,6,5.587544315389931,0.008650920546939615,5.584913304614683,0.009735657587318293,5.624245323155866,0.020305045575302078,5.469675778298058,0.04421776127354819,0.22031810880009528,0.008668914782313835,0.2261296566354165,0.009820270898790163,0.19938436802590664,0.01965608592097574,0.21389836389843936,0.04383640367458134,0.30615270989839416,0.006050579852523679,0.3048799859266018,0.006918263705067485,0.3033307964648265,0.013267143988984952,0.3419307068302419,0.030934209300487143
5.3521245349693345,0.6752665141821295,6,5.602296591947387,0.008683827855348212,5.599957344110221,0.009842837516897698,5.614490242538164,0.02014838083873869,5.596511196925552,0.045065455219398975,0.192368516215083,0.008533235887348686,0.18382916193334572,0.009649152710977684,0.22885544335451896,0.01952410264169953,0.19578800738305352,0.049275650014394747,0.3018780888054827,0.005997507172999799,0.30393366448256987,0.00686292157460243,0.29124788505393456,0.012926016416538547,0.3075471552596434,0.036086601901643874
3.350446597862174,0.30056141144503223,6,5.611257145263796,0.008475701020201011,5.613171344065884,0.009704189758047927,5.610635214457898,0.019691434273471416,5.582760395666112,0.036303643165579734,0.2063108831179945,0.008538760567080188,0.2062312537638067,0.009748729175594176,0.20303637915222517,0.019941971578992346,0.22136951214616812,0.03717197366747278,0.2971850253736382,0.006030595125261601,0.3008533375244006,0.006863691077652969,0.28998298918747256,0.014278717264253792,0.2551289836765266,0.026075932397068943
2.693501827714499,0.19395101371577475,6,5.598172389127682,0.008584700406975584,5.595501430692545,0.009729456973237733,5.617862502419887,0.019669271695728612,5.556908029910401,0.04903276531064137,0.20698129819825475,0.008628164849222793,0.20452721666571128,0.00982780786043846,0.21358808744160243,0.020137250665175018,0.21697582485258168,0.03968008809047714,0.2941337203850136,0.005981880078992584,0.29672772344664605,0.006848396374614764,0.28366396148711714,0.013896325737638068,0.2879452484885982,0.027199888513847935
2.4518320139322896,0.15880945149164083,6,5.597069910240826,0.008640868029601255,5.5983154732586895,0.009713614164164872,5.60364785128232,0.02169713574868779,5.564495744913439,0.0414251351265164,0.1841615507461679,0.008589209457466102,0.181303192691932,0.009569321261291784,0.19292503860252738,0.021333453212409637,0.21354191250965246,0.04369989028515379,0.2989418266866203,0.005836634466561307,0.2959348978670589,0.00651514261189029,0.30802000257460566,0.014872032904060289,0.313708541759979,0.027061777855829763
4.988134973173146,0.6047640274894309,6,5.608506459504397,0.008609147547095937,5.604847950935447,0.00969919982802737,5.61035753302437,0.021303198545640604,5.649901979378272,0.03681659698784682,0.20134428424043438,0.008728163638687735,0.19789950945670545,0.009821802985616062,0.22231534503825168,0.021443864722383323,0.17245863127472427,0.03854307654940518,0.3008607887295804,0.0058805851851841135,0.2957311416080379,0.0067761835364389,0.3161448751744022,0.013197949458130005,0.3031014440510645,0.026959167072381756
4.213625981850782,0.4568316744708586,6,5.607674821659582,0.008903313705111281,5.60389609244811,0.009875943371527555,5.630014899011585,0.023643012557610744,5.603522556344314,0.041296360845274785,0.19863593395762683,0.008951189038726015,0.20329838002221426,0.010101295351197179,0.17681909218581612,0.022285883746257364,0.19512389255865326,0.03983250545225438,0.3075552669935834,0.006379602931166385,0.3035597011198002,0.007023813217448037,0.3293860476176041,0.017465630014613133,0.3089507182903577,0.02978755096330352
3.4193152384541463,0.3124853897322451,6,5.601863876734624,0.008235129194142392,5.604218192062187,0.009448939937022583,5.592486682189946,0.018994348890454267,5.598447187714124,0.03624221610054504,0.19903115180980066,0.008494727254030023,0.1971251863822423,0.009759528171298616,0.19527936811889735,0.019725901644046046,0.2481334484283717,0.03487470603648848,0.3016911937594515,0.0057050064755000286,0.3000609543007146,0.006528189232587381,0.31183832527872446,0.013714845978730097,0.28306817806694545,0.022540351038734165
7.33150380589359,1.0553294462212637,6,5.59679835018732,0.008572321244913153,5.605487352476152,0.009637784963620957,5.564147949320901,0.021238221268977907,5.538254638215771,0.04791640347095133,0.19157282405789755,0.008465784385303989,0.195658359519712,0.009386159083047952,0.16993232936919925,0.021786645448143602,0.17714835438933413,0.045398147425225854,0.2975767393855637,0.005811403483125155,0.297177900173721,0.006470394701085047,0.29020006611056626,0.014473641222977084,0.333529506876085,0.03446106812002701
1.7045025066763628,0.06927196920041559,6,5.596968676542961,0.008223255270396598,5.599187948131603,0.009375788294159741,5.588110259815778,0.019050530759818798,5.593673195644237,0.03952836606473179,0.20700932360743018,0.008289262819317711,0.21102107650525392,0.009456847621556533,0.19968399166322404,0.019034585819176632,0.16412973814868748,0.040700632140298315,0.2950476534477035,0.0055591446979246185,0.29517304199889044,0.006394789381764632,0.29586982638517706,0.012530534673839537,0.28542902169460044,0.02679860325266812
8.11873861636559,1.2015635318301798,6,5.59308171613786,0.008456831034293542,5.586470036071911,0.009847591712716042,5.616932822734738,0.01810831127281562,5.601309117681337,0.03961119726581326,0.19030987947239164,0.008336188752992234,0.18147545641847584,0.00968328053166566,0.22402624213071795,0.017906214898740867,0.1832981851797684,0.039955573678690244,0.2964441596495229,0.005633684441731953,0.3006731044180298,0.006618801934246692,0.2803201089015338,0.011685566741739952,0.2839965330188667,0.030200434687932817
3.236608553721453,0.28112108865448365,6,5.584859095308793,0.00831554610318777,5.581787118028712,0.00954581987066833,5.596524739158283,0.018152407001668775,5.574882208749376,0.038138360860471184,0.2100883853641692,0.008208162830086269,0.21235690108938976,0.009699752369326547,0.21246420938583532,0.017948824756998143,0.1760411799809459,0.035743428230643394,0.2913916095945256,0.005672801721160038,0.2925309622723164,0.006586125677941465,0.27915476045120696,0.012630700089560071,0.3104524408990321,0.023053373763516648
0.9952754430269124,0.01780954912543865,6,5.6016244480848165,0.00832311910867762,5.6036381991038064,0.009601528283484073,5.590266468626913,0.019640362190158904,5.613219484347746,0.040962548233797205,0.19955777634780722,0.008341604547370691,0.1986565010200241,0.009556588647556425,0.20442831418058552,0.01946203566201114,0.18869869269904938,0.04597729680134262,0.29337605799864924,0.0055930630065579535,0.29277973970315274,0.006328517008606802,0.29185676444922704,0.01349526499033888,0.31244010403573536,0.029180998522979607
1.296777244308032,0.0353067877752528,6,5.602744173998249,0.00879150725171708,5.603795377806602,0.010078131644125514,5.602759652377621,0.020362022974801483,5.589053325900445,0.037648723576117434,0.19752201956432383,0.008750569953596622,0.19628293689025544,0.009989469191909574,0.20747633841622332,0.02093441754603944,0.19215160552119892,0.036152514899124764,0.29873796864101226,0.006301639500760214,0.30060471947765277,0.007213707426338436,0.2861603103354397,0.014456128529599023,0.31008657142597235,0.028732269696034544
5.516550984728383,0.7071736768811256,6,5.599272717284796,0.00871850639956657,5.60639346635063,0.010106458500845107,5.565692687618023,0.01897989610762689,5.630798175879722,0.038976703184527464,0.20153579740227057,0.008800849280178569,0.20298633574651787,0.010169245416887518,0.20728475620608747,0.019918345178177276,0.17699097646701986,0.034840602604215606,0.3005053213344526,0.0061676244409250855,0.3021207447751942,0.007160395851436687,0.29575662265796343,0.014098759234110223,0.281711553094383,0.023790383356437312
6.018280324657098,0.8044356395489646,6,5.600928229269986,0.008557268145961519,5.60258753525372,0.009810540227817409,5.596082196190999,0.018687232929706046,5.610469098780667,0.04954925527032449,0.2126852025671891,0.008648499088105395,0.21902349692246054,0.00988925567188683,0.18316104062700833,0.01841762065615315,0.2864227365569065,0.057948110350876686,0.298537953720256,0.006050688217508638,0.29806270951950153,0.007009130934213415,0.29364309322867843,0.012611793288107652,0.3368091564369374,0.035349719570462255
4.038472759100841,0.4241315818386831,6,5.6118282022477235,0.008279695633909824,5.607218164602694,0.009377450061360362,5.629733429710597,0.019539294246204816,5.607938651411234,0.03880783332848845,0.21006020568468495,0.008206405725745217,0.2086320788163033,0.009208752756143296,0.21955677162845666,0.019601766695793527,0.20297203333834443,0.04214817738349126,0.2937158935239907,0.00591644329765316,0.2891669067974409,0.006768226533542324,0.3001335846526514,0.013245073789537883,0.33059357500313746,0.027166546327143236
6.305202288771397,0.8598282943026245,6,5.589319538333385,0.008485588942393135,5.591852080565062,0.00943222572545398,5.582847127159758,0.021726410151169974,5.550257145343558,0.04379570273166671,0.19912505894087154,0.00837322542945098,0.2081020584360032,0.009296404932406018,0.16069886300553207,0.021989918665824185,0.16258276555513335,0.03821486239753274,0.30170736302672196,0.00573708691659901,0.29988023906562356,0.00637867629332541,0.31213165317048974,0.014397380643974278,0.30402549528708467,0.027973811955646338
6.446987109869951,0.8871053195755371,6,5.594313253030843,0.008553516905590117,5.58998777146845,0.00999564988909001,5.617095915872741,0.01790899587696277,5.5620037887627385,0.0407502498122072,0.18483359691487877,0.008506242677506295,0.18436871911201175,0.009947808715412235,0.18414711047310198,0.018032328974950586,0.20444640990435806,0.03927191993779686,0.29001573886852267,0.005813995561451682,0.29494427797631145,0.006891665710176371,0.2689979299290006,0.011842812193625558,0.3059195425296244,0.02538167957136238
2.6410993536701426,0.1861154424242578,6,5.614061232664389,0.008902100294880238,5.6159342617678165,0.0101236128836513,5.596857903940175,0.02036102325137054,5.651198791311415,0.0411709686091212,0.19481776750955243,0.008868533593455165,0.19166209109487073,0.010047839033845875,0.19827406747162415,0.02030267389554929,0.22958253239510729,0.04032956217568238,0.3078567199245559,0.006460167745674038,0.3098113186710976,0.007356431491186048,0.30085305390650874,0.01423959873123865,0.3066264687433065,0.025555157477586025
5.325238591365633,0.6700509005229446,6,5.598662125167549,0.009038719093262848,5.604238040693707,0.009967126448450369,5.565541342000266,0.022392175879004286,5.648881491984698,0.050820661361960506,0.20667859978961417,0.008973121730670566,0.2059162697718518,0.009906673231810761,0.21703928375656562,0.02137638288956144,0.14096093160759413,0.05197158793611832,0.30796455455289123,0.006264526012639512,0.30540970395055383,0.006880883577712416,0.31980565292685825,0.015804851397359737,0.2895416937238519,0.03846670146567269
1.3536768207268324,0.039344691359703976,6,5.597313462607113,0.008594163738207436,5.596722494013221,0.009630579742603413,5.60463868775088,0.02134646913150488,5.57511649339061,0.03784496039906265,0.19656844302369392,0.008671608081735286,0.19692257072613317,0.009821236677382949,0.19881409870704303,0.020561482541705048,0.1839415977053719,0.039472609919520146,0.3003193430122728,0.00598354713418005,0.2974133359217754,0.006815571923536222,0.3100847386395977,0.013909481096262511,0.3035861241064194,0.026117708748618344
9.601716942284838,1.4666993842518885,6,5.618598945186839,0.008776339082139657,5.619309398657506,0.009790236017598708,5.619159159139226,0.022483609763565802,5.626042200514838,0.041731296287871686,0.2074166829680204,0.008722271288145848,0.21770754166401965,0.00965870211004862,0.17115772840845425,0.0224924920405108,0.13433460843661132,0.04324647144870945,0.30521248162977077,0.0060365463393780745,0.2996673328783292,0.006706243590767629,0.32478817915291675,0.015587857711609636,0.33736540539045745,0.02980746533542811
5.780976210124209,0.7584740632267158,6,5.609553899181668,0.00845739020650062,5.600025607423046,0.009446826769196202,5.652912286125589,0.021549975102271447,5.627079948229946,0.03863113974733257,0.1999175598319882,0.008469609839069782,0.20203720189825403,0.00956999150934044,0.19094101733179308,0.021451118872776703,0.19722641397847543,0.03385138100221008,0.29307783270249793,0.005904517984115271,0.29170431471667374,0.00662308133358104,0.29894072373460207,0.015024554551826535,0.29266768205171423,0.02549256225467292
7.629927236412186,1.1111858583673173,6,5.603813218088138,0.009101686006163989,5.603557417593936,0.010293331493486352,5.584709745955595,0.022036427239941186,5.685229328272158,0.038381699678589155,0.1984702358318623,0.008966347775773533,0.19290192883762003,0.010140102544778042,0.2243086316342808,0.021499594734064615,0.1775900638802354,0.04085166973460496,0.30186947036236816,0.006378023570874561,0.3014551092047563,0.007147556880306943,0.3062703707604161,0.01635973691985973,0.2714365518018585,0.02773131038145202
4.16751292218396,0.44818597593036447,6,5.609708385566188,0.00840217536556149,5.6075100968281015,0.0097742544044457,5.608427820014785,0.018554710646884794,5.636961393341875,0.03409244197724817,0.21285901628324944,0.008269602687141806,0.2106764442940381,0.00960076386620473,0.21878377824044573,0.01893983121703024,0.22996763032099277,0.03171227028280474,0.29366750888847054,0.0058234578403089906,0.2988202979954437,0.006744290176524636,0.27596056951206843,0.013413070433050678,0.27443854545407737,0.023191358675345438
4.127212038190919,0.44065075721484953,6,5.605184768606518,0.009013268740474164,5.598862686993606,0.010465981172601743,5.621869931455249,0.020138800992238054,5.624331325014012,0.037723456311530554,0.20791034415205267,0.008763503895516328,0.21479666760140628,0.01002627853160281,0.18633886677394096,0.020507424924631944,0.18404604421342272,0.03851416292113535,0.3031738421621887,0.006239105083999515,0.3066476535843831,0.007405225904981962,0.2940897781792837,0.01306574903949954,0.2958170679197932,0.024592102920290432
1.636011404232704,0.06276503189577926,6,5.608816272040899,0.008585656506106603,5.606504720706175,0.009982583591702588,5.616851919825643,0.01826618358981621,5.6151449018126955,0.041144246735909815,0.1923502154420991,0.008569176104516744,0.18995069687171628,0.009950295251259471,0.19657906706524406,0.018141088881266247,0.21813661370346082,0.0424456608740622,0.2979310880388866,0.00600971492078472,0.3009204433493128,0.006990067558395329,0.2866562037723136,0.012698663281477238,0.296699274596072,0.02898943671987199
3.9466588612413034,0.4071539467898873,6,5.606687850150102,0.00853616529466623,5.603081735282843,0.009851005117184276,5.629757956510825,0.019173031229097817,5.571770237327531,0.03695346285063526,0.18327882731922282,0.008563374271220517,0.1798462858737874,0.009861873841024169,0.20200716637915048,0.01968308512239459,0.16741586361104288,0.03555020591477908,0.2994017884649569,0.005755676239503845,0.3004455156975443,0.006632777824594423,0.2975264522342228,0.012870723680588695,0.29144985011569896,0.02524917827704686
3.9622174493269995,0.4100223184930462,6,5.597990972974346,0.008597571150108379,5.599421939096198,0.00983791364211868,5.585098365138433,0.020130686432578617,5.632736439416577,0.037002248904044806,0.20346902678277182,0.008524760366966201,0.20444821327359036,0.009794147076882044,0.20345188879225673,0.019404356846412618,0.20112006049776948,0.03792693291609783,0.302618432903969,0.005900007674465973,0.3076527351984204,0.006780544369956866,0.2856123813828889,0.01346905432700907,0.27499099913073055,0.027422041659350773
2.7265220559056615,0.1989463779929665,6,5.605081790877832,0.008739645841133535,5.6013935091530795,0.010165082939960797,5.621322179437804,0.019111964361851506,5.596279448441345,0.03683233906461558,0.2059683904947688,0.008652398023663839,0.20178325646410877,0.010023664993434128,0.22332029636489367,0.019369784852390506,0.20591715995592935,0.03657715600147224,0.3105320406817258,0.006072704941831669,0.31116385345169456,0.00721099348532746,0.3012069430419573,0.012941125974540625,0.324930703202279,0.02260337899748751
10.633555110689485,1.6429954182383706,6,5.603353171836529,0.00829935986216305,5.603686562503318,0.00964659975363569,5.5849076987298245,0.019407859030574456,5.661693727920015,0.032755087086852756,0.20344794622677417,0.008385391378005293,0.2122544417412915,0.009671592105108887,0.17709812817441412,0.01972528269137195,0.17193385881262865,0.03517210495520032,0.29563335535045104,0.005425525609393154,0.2922062673215104,0.006251887102118902,0.3128168450682248,0.01221636397157702,0.26750375210043964,0.022592880671626438
3.771075779455714,0.37505017978022315,6,5.594970586883362,0.008678579251023028,5.595007437564933,0.009697783293795868,5.587734219522617,0.022713102005156444,5.627207784831908,0.037111338543740484,0.19375021978222673,0.008697917062413909,0.19012609791229929,0.009794885364232576,0.21571022983711502,0.022184671304077586,0.17186248931951095,0.03538273358878099,0.2954749236736507,0.006194689085148334,0.29184066554202465,0.006916010135158391,0.3106269291844372,0.016745242648164755,0.2932289483754532,0.023446855281455396
15.146637132842443,2.3426689817018933,6,5.611724272155305,0.008565994493706803,5.597979324548524,0.009763359500605084,5.668351751911532,0.019550819582161955,5.6233199597930525,0.03897362389586104,0.21526122686608354,0.008671225529239506,0.21645904766621943,0.009952843982986175,0.20209933572440822,0.01969544802894511,0.25052834709780863,0.035647910757501546,0.3013632853396007,0.005897606418939028,0.3048896261365513,0.006813804776269456,0.2957220565129452,0.012722342509599745,0.2456360692211617,0.028993437277069718
12.775920285756001,1.9886883089976934,6,5.594250994328634,0.008229843138372309,5.5845638525165615,0.009600537850046853,5.62658317746686,0.017605471804613165,5.595380410747581,0.03474721137948681,0.19553180538133536,0.008103990224322068,0.20300601002940183,0.009412478065251476,0.16213768918782853,0.01759439518527699,0.21487972975253214,0.03481246030443394,0.29784870031168487,0.005500628225508781,0.30323557143102925,0.006428312680643868,0.2832642493516533,0.011888243334543663,0.2643254254955646,0.021479058049276686
6.616597353597172,0.9196368227848492,6,5.590195499556634,0.008586155356826117,5.593599781542208,0.009629488635490822,5.572850344460577,0.02056363099916713,5.589848466943504,0.039503177671235803,0.20660934107252038,0.008674178921197678,0.20102176198189162,0.009802783384738568,0.21929281357429167,0.021671308068543636,0.23409382297051207,0.03880935595499547,0.3014130845508101,0.006055312374477846,0.2953207563658968,0.006762950017122888,0.3279677143445809,0.014820474801237639,0.28746093885917195,0.02848625498897723
7.464082423175569,1.0802057930584203,6,5.6045499762453606,0.008620194343926024,5.601909744400298,0.00981650433605316,5.6008396513406895,0.01929473994747357,5.672753678893795,0.039842067627113856,0.20562342626290692,0.008545398141939334,0.21359076471955568,0.009616873007442957,0.18098349348488085,0.0206384456476807,0.16602475912682962,0.03702518842598603,0.3038453095599306,0.005891872584890867,0.3072240710400787,0.006610166016215705,0.2926537361292028,0.01350401666835485,0.29092320876419653,0.028299226356974093
6.412339826900279,0.880446353434828,6,5.599623791668839,0.008452020158289521,5.600941700426958,0.009774610681376427,5.599166503108133,0.020029181707942597,5.5790676764676554,0.030620703911009555,0.19770340300234757,0.008463089996909897,0.19797643443226032,0.009729942603051404,0.20379012613608163,0.02036369329984455,0.19021033643181534,0.0302672052317643,0.3008418702353582,0.005810395748863066,0.3058831710958967,0.006666994430739512,0.2941293267841755,0.013952601716785095,0.2470891416019142,0.02076149510018692
4.115826843917603,0.4385256571943203,6,5.600199466335062,0.008697994529352819,5.595265563116719,0.009918467712517568,5.624743925292028,0.0202566516492702,5.586296115395017,0.04004318364366821,0.19906903167974496,0.008783545186588474,0.19255518667485308,0.010038757252658799,0.21480276024503098,0.02022805846678527,0.23744651654488275,0.04051648372666673,0.3061751380171172,0.006039420689901494,0.3048491638171814,0.006923576120024446,0.3084423567100723,0.014501436265716748,0.31134374502840273,0.023520240421547725
11.597119018915691,1.8017532723668621,6,5.604488275612081,0.008773160180631217,5.604912208348427,0.010326526797496884,5.608641331629421,0.01750584289600741,5.537221547546415,0.05599062323394026,0.1940986385373809,0.008852910250958928,0.18562484218369818,0.010402820340900532,0.22249709719052874,0.018046002616008194,0.11354914752284989,0.04832630382076103,0.3015640952954933,0.00617779053659482,0.3099635112672233,0.0073132724538717666,0.27775364839524497,0.011871987834646365,0.24638019588722937,0.05420837651373722
5.303966481093084,0.6659248613621773,6,5.60394180907161,0.00845006592803434,5.600833115587614,0.009801054042786465,5.613215378637869,0.01907376906450142,5.619347144890399,0.033441598115709195,0.21387193465884466,0.008410666503490928,0.21972778051760972,0.009780337903053863,0.2015646090152488,0.018876880118679714,0.17724477378990558,0.031568257770970436,0.3022316493268995,0.005958243461932626,0.3067435564508106,0.007025041453800599,0.2968582668427429,0.013192585891266225,0.26641128916230356,0.020767264852985082
9.708180481058662,1.4851980371951436,6,5.617043728262418,0.0084886195720148,5.614390509872329,0.009751048109398572,5.615838476895249,0.0192285837152075,5.6715345589802455,0.03782618350834229,0.18599763365564648,0.008660484044981268,0.17389506538475824,0.00988657546939762,0.23001426432181776,0.019478138356688116,0.2088855463480798,0.0445786590119663,0.29949073348776256,0.0060213286099093394,0.3024188576956305,0.006906262702918257,0.2893704852919658,0.013659865750690744,0.2865597412084351,0.02930780576964366
10.92720936749538,1.6919666336233423,6,5.5886831987274395,0.008287590674805815,5.581614036092721,0.009425758840631489,5.615450182791037,0.018072051522587507,5.600164487299284,0.0519012481086052,0.19091101463858273,0.008266091314842494,0.1934656207883362,0.00940310377219387,0.1695141475584333,0.018078518358463025,0.24350051384832405,0.04932240221650469,0.2899747941820814,0.005675112108039245,0.2893290073956108,0.006426440305653945,0.2774326361144248,0.01256278376874908,0.3504055400470101,0.033376757627980466
5.3891343123686966,0.6824471051712729,6,5.605412528868046,0.008469011595919312,5.602516936714177,0.009622525224106424,5.614839351409278,0.02140761936875236,5.623291652773579,0.03519505803880005,0.20033876596782366,0.008360938801773854,0.20613370581434173,0.009638187769793218,0.16598985423115784,0.020542693714526092,0.22600596384601898,0.034787399648522746,0.29537023853026173,0.005895948773106894,0.29254804333764134,0.00668505930489137,0.3087781471153752,0.015065662503079091,0.29150950421879657,0.02641577829754543
4.09175176404824,0.43403735105303337,6,5.6026112502072625,0.008688039935431505,5.599200006375409,0.009954831681640977,5.614820060119224,0.020269588329372246,5.612252981208548,0.037926154653250436,0.20199313066466318,0.008589899041379202,0.20621127965749478,0.009875980253957679,0.18368341263110954,0.019639393792416835,0.20797199675082256,0.03914158135003558,0.29749384600982065,0.005976921060090949,0.30184338443623093,0.006935728629324199,0.2897276674469189,0.013561699158069476,0.2644133470379768,0.024531437327350167
8.923493304362637,1.3471662551501926,6,5.591936302733975,0.00847064640542256,5.591906705182344,0.009578096116027812,5.5744195723267636,0.02116565744377402,5.644865784207266,0.03419016885323924,0.1976862296057156,0.008403179523498599,0.205960833105597,0.009643771104922825,0.1794487255474166,0.021450666553286094,0.14969858954188897,0.03157256854763489,0.2922630697447219,0.005837782526529657,0.29074354539027203,0.006726463519889,0.30581276258522605,0.01451439518150383,0.2676691428608873,0.022883840025743257
12.862665040767752,2.0021423672018863,6,5.5975877695632965,0.008822672239521113,5.601368661603966,0.009932214394257975,5.5849106961571096,0.02064408111581855,5.549674601719411,0.04721900785307611,0.20222282475130915,0.00879505040466113,0.20248096508737518,0.009905840590325543,0.21322291832061155,0.02057860356712012,0.1482532337687566,0.04620585680482289,0.30104958326162023,0.006153848943327213,0.29973773247973606,0.006901324772189843,0.28723996778889227,0.013751962347294871,0.39514085381777875,0.03406534946191076
7.441983291515498,1.0760659605303686,6,5.602365722065363,0.008079409249760609,5.595796147706108,0.009214240391871043,5.606073550482292,0.01895869816536122,5.698042995082306,0.0379784400310732,0.18771714031243894,0.00805271697331752,0.1898828206650019,0.009171911339130874,0.18295993023969365,0.018848629085722428,0.1596488024361353,0.03832774781846674,0.28688475445966505,0.005457229599272858,0.28673246019141274,0.006234326819451803,0.28735965055706963,0.012239432316253268,0.3029008641780128,0.027975707620591865
10.215507018714561,1.5723688750363554,6,5.605816221244584,0.00853936740425776,5.610964676877041,0.009801878440427375,5.572282336915119,0.019049251784690555,5.6768046805987264,0.04568852466602046,0.18549711649611447,0.008405211818054877,0.19361229293595905,0.009630170782460942,0.15444524863212572,0.01918182923742971,0.1614371282730991,0.04130570281420655,0.3012037899114689,0.005864209766562997,0.3022000813181001,0.0066652827133941205,0.2903969551599254,0.013145451126062928,0.3151920318120054,0.029097569373935924
1.8854583673237357,0.08793837833403302,6,5.595552595640786,0.008402029079967045,5.595408233394329,0.009521862319098401,5.597166771437592,0.020885841260791026,5.595505020886327,0.037765023244723604,0.1939513659127526,0.00854402133365518,0.19422067045399627,0.009722658236568624,0.2060591763984177,0.021012508026613474,0.14929898826089202,0.03860554362943663,0.2925382538163381,0.005931299601615782,0.29134407853541777,0.006836285992040157,0.29819608656896346,0.014787946911230872,0.2913158763057099,0.02732905419045524
4.963582984259119,0.6000208883468847,6,5.594056419833754,0.008377861441417623,5.598280281358232,0.009749655477768059,5.593726277151461,0.01959259476886662,5.533322441595288,0.03588127736702812,0.19253707551207921,0.008307842198179177,0.18868219988427926,0.009484982281581473,0.20200335100008698,0.020137571829940307,0.22028954865878628,0.03676839435557675,0.28634734440699955,0.005839346947768671,0.28476365007000964,0.006700666577972338,0.2846837072757181,0.013496243208991272,0.31090274552490654,0.023789316477357846
1.9527954545192188,0.09541101870968353,6,5.6058827080679166,0.008576890282895988,5.606052591854678,0.009928288072054089,5.605702978336303,0.01957956826964781,5.612909179032807,0.03622584703827316,0.19008069530905136,0.008515773977607955,0.1872360792553654,0.009782403314323949,0.19495127495452358,0.019689293158557112,0.22201598648738466,0.03878987180334473,0.3020743442676661,0.005833901180962217,0.30470570824058624,0.00674924217794679,0.29638573459117007,0.012851652785222094,0.27653030869385603,0.028243485553827323
3.213777217126335,0.2772648326293618,6,5.5918934642297735,0.008277921303238765,5.592551131167698,0.00948989266429011,5.5982176243458985,0.01883981718564458,5.554376904116364,0.040576996064588616,0.19304220561612737,0.008368988875815723,0.19757400457624955,0.009739389638672359,0.17584865592956817,0.018841027687931722,0.1928101348196518,0.03875056684801192,0.2933725544500244,0.005827169888175589,0.2901706660990232,0.006796295371980781,0.29885255586091,0.013062275629479122,0.31282791899435974,0.029090423960399077
3.9515281266212696,0.4080512521229441,6,5.611296193855342,0.00886714451155432,5.608628307251441,0.010185017735210682,5.620521565805589,0.020901272975709234,5.60999004932273,0.03484783787949186,0.20617374853212725,0.008663004540681729,0.20350772451500637,0.0098362389606404,0.20969844286469305,0.02129273032449458,0.23305263344771904,0.03483088781118356,0.29874393620631,0.005992118093076496,0.2964370686193037,0.0068858483961821764,0.31506338198929207,0.01390649434600556,0.26267684383003703,0.02552750345183421
3.218932008574484,0.2781341974258555,6,5.595992929059772,0.008350132586789712,5.595579943138903,0.009755931288699254,5.597375516416019,0.018303845427673965,5.599941408775622,0.03333560534314136,0.19417194380167227,0.008406391720764421,0.19919762450590878,0.009893349143730674,0.17860717443429103,0.018178221669942308,0.18431779286127406,0.03307227369145339,0.29126187665355036,0.0057007421616907345,0.2960407158344904,0.006689870365285977,0.27657684090505136,0.01198625929068457,0.2792259229351237,0.02510674535268045
5.138501461726264,0.6338540029351297,6,5.57722630038314,0.008464798430575914,5.58513235683048,0.009780054952343827,5.559648285882194,0.019064355592193803,5.5329242924849344,0.03690902298579886,0.20612302187805778,0.00856358122139915,0.20256845229454098,0.009852782561417639,0.21733563536896428,0.018261884798305154,0.21031237785632367,0.045468020704590315,0.30237721582892596,0.005789136735373235,0.30448334311136516,0.006675357486546992,0.2897833033627874,0.012251965596636806,0.31775841988297077,0.03250111479720558
3.0409576870442834,0.248575793168754,6,5.600383568623937,0.008472918275447026,5.6048181386558324,0.009511107210942818,5.575986482172546,0.021035353861249752,5.6048828144509555,0.039691098904743885,0.2007088941400602,0.008589962354037467,0.19888570139512063,0.009712334491339255,0.1933003079152128,0.020897917396256127,0.24227347044236502,0.03879972030527734,0.30134789197892914,0.005838138856909004,0.3012946354352241,0.006610046936239574,0.29649110267943163,0.01406442768923571,0.307203025492411,0.027496165438322173
7.675912717269966,1.1197482326937664,6,5.602638998183564,0.008617974621068322,5.592654339279247,0.009879902214578342,5.632425606343144,0.01961914578304207,5.653654098464015,0.03680868569100525,0.19673370861911865,0.008517357222203469,0.19533224077999273,0.009791754228688145,0.20139589713512113,0.019758228956579922,0.18943868802073877,0.033742379924711546,0.3025836189519287,0.005907262718951333,0.3064029486167476,0.006721728098107824,0.2797730238368869,0.014129942905936563,0.30567108276616733,0.025292654203677063
3.0440835530753247,0.2490864715591225,6,5.59349268257684,0.008720520975936041,5.5950250979901455,0.0097752301469163,5.574270399706739,0.020641949890181976,5.633826066087978,0.03815895809710652,0.2095563222962419,0.008657706662974224,0.2072863946454922,0.009857976437390937,0.2168220342629167,0.02210589168431071,0.21857902545054175,0.03365899655525036,0.2983768308687503,0.006124855134197609,0.2985470193150106,0.006985230858778847,0.2903366693901161,0.014620299362642926,0.3139931801771254,0.02518763488388256
1.138826433219947,0.02532163885127574,6,5.583065762783698,0.008129481790365621,5.58565550833049,0.009226389886896214,5.576116137898862,0.019454874622262305,5.568609725874758,0.03665625582436331,0.19869620492307752,0.008259833599910999,0.20170387574120816,0.009414030032034618,0.18660677426708094,0.019610443176921045,0.19659895027270413,0.036021224120863844,0.2867554532649152,0.005686583496375247,0.28530452238207904,0.0064310974963791715,0.2927531522278602,0.013807562507041108,0.2876453558797709,0.025226197299086442
5.034797366213752,0.6137842450792651,6,5.59373416209797,0.008754919754213905,5.592367978706279,0.010049012571969823,5.60724937435112,0.019270704216213703,5.5672813269403205,0.04186519172833131,0.19362150723647198,0.008598427810981838,0.19472290057068775,0.009832207309867228,0.17709673891282682,0.018416973531692273,0.25788770973939806,0.0453346367521223,0.3061152493927778,0.0058216301320708035,0.30872275903156465,0.006674837254299483,0.29056172523990326,0.01274053409012066,0.318300346705612,0.026552243045563816
5.008447905362118,0.6086898069034098,6,5.5972193741054195,0.00842215538556054,5.600063996358057,0.009467567397347483,5.5924153279507305,0.020730735695827836,5.5541405620074595,0.03627332729701416,0.19407900798107938,0.008587585508057752,0.19025187658427126,0.009656457394562118,0.20960323112175133,0.020976865567835522,0.20958416360663043,0.04180850354082465,0.29474968830201653,0.0058567283911930305,0.2943977376281134,0.006638312632069162,0.3049640224949791,0.013699068206574367,0.2427723316353939,0.027531994634322033
7.468041785745299,1.0809472136746439,6,5.611533518298132,0.008317401565970663,5.61949380724403,0.009742991749251383,5.5814521824187295,0.0173775679293182,5.604194859219825,0.04476481139001161,0.19388200038854905,0.008208164053336938,0.19578079794860748,0.009546903077735421,0.20111931364566132,0.01762519932970321,0.1441598351505341,0.03933187530880989,0.2945729308240657,0.00581552278386081,0.2982634793710546,0.006932908006581757,0.277229526181044,0.011298352259924949,0.30867403509842894,0.029815796807649224
6.826412408583565,0.9597136113725082,6,5.616209231517516,0.008606757342054358,5.615309474975665,0.009566795809140457,5.610917311923165,0.021742975784420478,5.658126687138915,0.044862395248801964,0.20977920835324293,0.00849726122824506,0.2139514644310445,0.009535172892707394,0.20667590256155802,0.02119782214174829,0.13473208470984785,0.0370865791107676,0.29973614446288904,0.006073427235967126,0.29738676650148016,0.006857006987029211,0.3156483223488873,0.014724680293843146,0.26749527690967706,0.027415336844043008
2.1949989106797148,0.12450007253256543,6,5.605105172956782,0.008298735483165169,5.609588078856044,0.009701122121315117,5.595399983983021,0.01796316012052682,5.577270699710528,0.04275358748932899,0.1937879414615902,0.00852777398838778,0.19468935865766354,0.009794604094737163,0.1948266540300645,0.019120667047597645,0.171967958845716,0.04032259430477395,0.2944621451023029,0.005864966388407302,0.2946435402505794,0.006911628282782782,0.2880010263280267,0.012441458059630713,0.3121520793978518,0.02746455297838695
5.193124450510368,0.6444356813138005,6,5.602847953741674,0.008869169956055483,5.598176810308909,0.010250328829197807,5.6080991078786075,0.020811259842357953,5.642370077950006,0.03519105205401401,0.1911391852558858,0.008782703400711724,0.19810265498250235,0.010186668150919776,0.1640890131878499,0.02015797452025324,0.18942728480603316,0.03628190064125821,0.30151967834189936,0.00622250888573433,0.2970016052416388,0.007180402236574318,0.3151583168696016,0.014689109994277786,0.314895735167268,0.026989352968883443
3.2439063412166433,0.2823567900974555,6,5.61835599136001,0.00866507659581258,5.618809323901508,0.009667126174040527,5.629268449884086,0.021864697529302105,5.582899246432848,0.04210502078262703,0.19953067717332928,0.008679431413254916,0.20216625297860624,0.009769911545918983,0.20175359214620958,0.021188545464162982,0.15871284676503694,0.04153675644786897,0.307647615092065,0.006126293628316683,0.3045635008747482,0.006749294991642402,0.3147828632608547,0.015268029071479691,0.3227045868745476,0.034689533559211845
6.690383193214075,0.9337525408436618,6,5.604288145162014,0.008494529096110131,5.6132365834753895,0.009616649195139004,5.577669985635033,0.020426651374599567,5.550976063710638,0.039704340038205534,0.19903601874015997,0.008349239213093202,0.20494520285770898,0.00952239120565461,0.18060653792300707,0.019422052818003823,0.1709915325084205,0.038042349858141915,0.2983215579241317,0.005754595144928268,0.30033696079222033,0.006594378115406675,0.2916888578496905,0.013260787611772453,0.2910087730860362,0.02604471438912173
2.802544025267707,0.21061173636257002,6,5.594763322275055,0.008616399828622527,5.595482473736234,0.009871238783028785,5.59862785293178,0.020288650384578347,5.568809062442683,0.03975227770681761,0.20475151389452206,0.008599479140114209,0.20860150309448017,0.009789137054758704,0.19386551759108792,0.021264427329279276,0.17712686011359816,0.039566564683100616,0.2944608270983635,0.005853667964112084,0.29097096891048113,0.006608979035635837,0.3100082034987708,0.014828197807488456,0.2925890208044093,0.02731916640590069
11.2386949777283,1.7433440237728284,6,5.593536965306742,0.00832996797274662,5.596931939178379,0.009523186735111225,5.602114425863482,0.02029506165747095,5.512980019976815,0.03153799980493432,0.2176280292962833,0.00830466589350151,0.2189692999888473,0.009490304610920337,0.22555383250907177,0.02118747452886584,0.18659501836065723,0.031064993451882888,0.2981642014778468,0.005717194870247126,0.2967524946825618,0.0064649177788014415,0.31351653998657003,0.013960828047127121,0.25027319290387434,0.02127074972787425
4.087866494941409,0.43331372165877047,6,5.600729573096344,0.008327672692548325,5.5949854001906925,0.009478162872495996,5.625223462496868,0.01954223285789671,5.6014274945274245,0.037515733755145275,0.19534699797567223,0.008323903058141206,0.199961151079473,0.009606678651862486,0.1822598898258073,0.018901378484551343,0.165915041786822,0.04201457549357129,0.29503989017168736,0.005686464192606035,0.29320941201943485,0.006591741893992883,0.29614149924491073,0.013090120115317414,0.31986575615282264,0.027267599208657404
4.054604385295534,0.4271268022450854,6,5.590222866265766,0.008903624664191952,5.592545098977949,0.010136232597734498,5.5741124943739875,0.02102255953839425,5.61542433332154,0.041787195101317835,0.20795236778146658,0.00891044105225523,0.21537669438237714,0.010108666840638967,0.18933100313186518,0.021790482306244405,0.15962226297670834,0.038185201483400495,0.31178576814722064,0.006214257099332222,0.3135014468739674,0.00709195061060908,0.3072082179206467,0.014674920558114955,0.3103863986995639,0.027577860747367317
11.827438568332582,1.8388922995800254,6,5.60508411459061,0.008776001442522082,5.609100916915513,0.009812385301975425,5.604297133136252,0.02186565630752099,5.541536985711777,0.038761513603097014,0.20970260830864518,0.00876470909692609,0.2176312954453449,0.00983615601266588,0.17410315069723226,0.021194457372360313,0.22468103996133887,0.039810837103870275,0.3079075176711513,0.005971675721710176,0.30346951714457693,0.006551186103069736,0.3348963609739973,0.014867574728158717,0.27337046812859805,0.02413636379439119
4.543088420279673,0.519232672888686,6,5.605854313813244,0.00821829563285584,5.611831678798343,0.009157331754788035,5.577893788814174,0.02160225174037091,5.588353519553675,0.03491152461285865,0.20428534693616826,0.008259979670210919,0.206185664937003,0.009290689470645078,0.1996659504094526,0.02060861618495783,0.1850145313815636,0.03694830008731479,0.2967481413866788,0.005711889406240229,0.2948534740142118,0.00639344409538108,0.3128631997983398,0.014599564183110873,0.2754843157465115,0.024858529270251273
7.742629653555923,1.1321489719629896,6,5.608519995441562,0.008419907209673881,5.611386225478571,0.009537147273512018,5.5893794959929295,0.019717412445566067,5.642568596428285,0.042222726762132644,0.19530405371404597,0.008475311596698398,0.20290986778718847,0.0095529011283905,0.15784530230072244,0.019842004107649584,0.23435934113212487,0.0473013884405505,0.2965078810541705,0.005804870400169349,0.29474143279715975,0.006478853512849206,0.2974908433582469,0.013759850230502598,0.3321143936115156,0.03618324926119065
5.387689380411757,0.682166741672598,6,5.597827563347568,0.008420726450858968,5.5975209238604275,0.0095478168019181,5.597756929786297,0.020854812630389036,5.600850455309886,0.036779226827638206,0.21405312556564013,0.008545085762231537,0.22236588524264234,0.009742991672439088,0.19632352163687694,0.02104523220880019,0.17201583425412062,0.033427702843502584,0.30111119438892814,0.005745132884062994,0.29601799283275526,0.006455846222090371,0.31795001436835435,0.014521760279669655,0.3086347304875532,0.024013378143676718
12.278752249083482,1.910791496493762,6,5.5947757009346635,0.008399676695376689,5.59415525389576,0.009794814655857447,5.590797993299773,0.019145912268811512,5.611610293579138,0.02589676760916195,0.19143500065471433,0.008156075645895726,0.19445434077446452,0.009671628667711507,0.20465477600695545,0.018069009417785206,0.14094239893976448,0.027873716661470153,0.29440580506756214,0.005692043010420198,0.2986530134945298,0.00661271385594988,0.29698385048616865,0.013380397025638913,0.23974037206434862,0.01936650619390008
12.054608994512819,1.8752264689613636,6,5.596576486311876,0.00833152976378845,5.603066552063101,0.00964179016294768,5.560134491735108,0.018199504307287746,5.65336760747813,0.034312748952176716,0.20138247824555855,0.008407421964315829,0.19729144068318707,0.009735853560995832,0.21972482699191356,0.01831830834344382,0.19147887616535486,0.03717166661796535,0.3010392387481041,0.005767394208939125,0.3050305514989,0.0068085423253982265,0.29357092181047373,0.011410398272736207,0.24025775629934049,0.026902483288160306
2.7539852901827544,0.20313439592060692,6,5.606726101851641,0.00863966714793283,5.606299149245214,0.009706236430450875,5.609595853365784,0.021985545990695562,5.6042416602539795,0.03744090760601056,0.19605089909068327,0.008514256963615163,0.19087585412302563,0.009630561681648185,0.20136585224592887,0.021372867178582364,0.248202858660032,0.03430889375283769,0.3045831999599822,0.005903564603799727,0.3038344941885435,0.0066261303933087936,0.3058197037407712,0.0150734833465565,0.31296936021995536,0.024905791944575834
4.274862056758138,0.46834985570445203,6,5.6009811285826165,0.00891501716032895,5.600893459782637,0.009916532032952922,5.600754825800508,0.023605184392785635,5.613319127698179,0.0385248660798221,0.20511925518707314,0.008822384105199975,0.21045759543517326,0.009823441242306455,0.1955416602267186,0.022760151388576066,0.16508610014444253,0.04053176838551284,0.29507327421542223,0.006281537557622818,0.2902322843314344,0.007014746251985554,0.3177969534139877,0.016255752058481072,0.2896882034141675,0.02589756462701285
8.102349946522736,1.1985565917784258,6,5.614777167547041,0.008675960351380872,5.6048342527143165,0.009850090301312514,5.647732009952478,0.019400412602299355,5.656295132639667,0.04612493219835097,0.2089764886397159,0.008596300297016118,0.201876542102852,0.009760688547481237,0.22833278212357572,0.019487624454614667,0.25227737080116314,0.043115267353696377,0.2989046003280631,0.005851039745769403,0.2995524761079101,0.006725194302800062,0.29057198701455655,0.012838650935014679,0.328273118145739,0.0321101157361618
4.231645387611934,0.46021674303979443,6,5.599127153514005,0.008414903357920592,5.596236843718375,0.009554360404206218,5.593591951805856,0.020065554337366977,5.661155190629485,0.03718859356075767,0.20709722216444543,0.00836651372815069,0.20655314339476957,0.009587146854513626,0.19881859045033257,0.01927654721139211,0.24522396691131496,0.0367318444675336,0.3012682118548249,0.005612515716783785,0.30116165699707015,0.006431734302287194,0.30082487115807455,0.012790723845619183,0.2998710352371608,0.026702032585626905
15.20703449274879,2.3513356623083923,6,5.6049919696728345,0.008902650621855997,5.615178240561898,0.0100357739873855,5.58173652566248,0.021925675757252832,5.530730343224263,0.036853869275955985,0.19896306161624092,0.009025717047558652,0.21028207665326254,0.010037067966243075,0.1411258304887568,0.023018496183580657,0.20500285733495383,0.03959456556488735,0.3041192973385192,0.006311739322331611,0.2998153418582136,0.007003081287050451,0.3186268033355355,0.0166307858919288,0.29554696662985586,0.02578871976503964
4.766877780741197,0.56210932154473,6,5.586282328294203,0.008513163858678282,5.577187471108761,0.009865047558711523,5.613923585012151,0.01988824511245533,5.614339797833228,0.034815564047098874,0.18900937189403186,0.008259103173911698,0.18677269418281953,0.009565605143211836,0.20568850488275517,0.019841721038844323,0.17279999413075164,0.03303204039374509,0.2927068457980629,0.0058540872587677165,0.2912401061723477,0.006814119799845491,0.3012230908516843,0.014319664868648517,0.2889117131255546,0.020314896653324085
3.9453819644404575,0.40691870005435854,6,5.59628793349766,0.00877639090993029,5.589639624732475,0.010212121215749662,5.616961088640039,0.020160750265442465,5.622705913127413,0.033678442014697815,0.20008005730488398,0.008446936452411147,0.20442229376033116,0.009691268912349652,0.1860499766865293,0.019310828596423836,0.1880698843880404,0.03241150620277006,0.3017963835739012,0.005889768623626513,0.30499440218156915,0.006882834637961758,0.2901177959309888,0.013625832726649917,0.2948572562757075,0.018658512330942664
3.156479105964536,0.26765307561219587,6,5.611359321243144,0.008308933564118827,5.611537262371639,0.009583412562705425,5.61596673883252,0.018840675306287608,5.587700406301785,0.03526603351218641,0.2053252993387806,0.008448834061538825,0.20137669445998574,0.009735074370197834,0.2136911392703325,0.019408954500261994,0.23954191920075135,0.03620696918955463,0.2935892119727514,0.005736278279236083,0.29642242268324537,0.006631160807159385,0.29049481594027815,0.013181810583174153,0.261663535701593,0.023327555598167682
6.859241310492507,0.9659664211697644,6,5.616815964720157,0.008877620249800123,5.617639865179351,0.010063336887820754,5.626414361292924,0.019800134228813365,5.559627736376906,0.047945836948110776,0.20608808756632402,0.008931512946528193,0.2111420539422927,0.010042565057103258,0.18747331006935986,0.020458928594613943,0.18723031253442873,0.047861424895016755,0.3023301947917953,0.0060856198911749424,0.3017664951853123,0.006877113276960281,0.2900727016540303,0.01395560312994076,0.34905180675896463,0.030288375412542888
5.871984524143045,0.7761128918670297,6,5.606334604915772,0.008840004719187191,5.608525670680423,0.009951169359010427,5.5848444760599145,0.01932358524164837,5.669665600810184,0.042311596268049805,0.19103618212310558,0.008906117938279627,0.1885029042205608,0.01018226617110304,0.19855653714327626,0.019434359604683447,0.21462237479008495,0.04487062894593201,0.3029307482253224,0.006355980751856295,0.3074329039339352,0.007357858391658407,0.28488089120262766,0.012968341483161429,0.2946563931457668,0.03369611668871334
10.102597829609294,1.553107872490753,6,5.608284857420383,0.00863578074241413,5.61252571964041,0.009762210443032115,5.5986073724689875,0.019445004820653297,5.529727765117996,0.05560219151328548,0.18808068850025308,0.008648759545152842,0.19053366516636872,0.00986168195427627,0.18496865836567178,0.01894046204332493,0.10681513439866713,0.05483597922119469,0.29828843205956823,0.00600653662487533,0.2988498943369662,0.006812214531760071,0.2850396938228038,0.013027954883948506,0.3964917866289334,0.04268222961245398
8.383467115287203,1.249906556867948,6,5.607143835669466,0.0082355312331066,5.601738528820236,0.009529621041286945,5.641772723868672,0.018722274940168065,5.569575640665578,0.03560628942876596,0.20862598954043943,0.008208378980343682,0.20529521016741806,0.009678858660131018,0.23310906408276427,0.01785247277226202,0.1627042637795738,0.038139532918751905,0.28904815280616397,0.005694706638392156,0.2886834943139698,0.006770874482143375,0.2841373023350204,0.01292013030926633,0.29212047576072625,0.024623083185687386
7.428936967422487,1.0736207185280695,6,5.6005253007395766,0.008818707005327735,5.599178010660394,0.00999558714208939,5.6250116042653495,0.020259100012744377,5.514917785624899,0.04380256730554891,0.19348180049762922,0.008647749478624329,0.19174921724924998,0.009828006625498471,0.18870702971346523,0.020033084307199307,0.2453651222343851,0.039921737692488767,0.29546226042476337,0.006166663207374107,0.298255962939433,0.006941086558215207,0.2806460327353128,0.014752303476699747,0.2750151370909601,0.03276355410532651
7.503690074910992,1.0876186797030856,6,5.600030355548626,0.008685882471304435,5.602674410987369,0.009953819123988532,5.584818897743807,0.020076873834977065,5.6108149342315805,0.03599136237939083,0.188757288658787,0.008775503042224965,0.1995669800536402,0.009993008462128502,0.13944917887907635,0.021269885398797636,0.17551264815047912,0.03652617138359306,0.3011713272330905,0.005893147733389354,0.30240401955830953,0.006821344683180134,0.28743837376737497,0.013756071080607227,0.30318289041960395,0.02377134068389725
10.532089450309286,1.6259523721779277,6,5.600024188912847,0.008638533799855781,5.598026328146656,0.009841270896800248,5.60421911135542,0.01954351533195895,5.63893439672464,0.04127908621465942,0.21108135022948873,0.008684278017344513,0.2174698031196265,0.009831550743567154,0.18814236931047873,0.020754139941494523,0.17708905137331118,0.03647834704981189,0.3027728020702585,0.006052691059175085,0.30989511261741,0.006854865977863793,0.27729202676666626,0.014084920236578256,0.2512151570267999,0.02578001274010957
13.058919752569636,2.0324335955278205,6,5.595183932673724,0.008755237588915693,5.587542479035117,0.009977511802355572,5.615317547713781,0.019624780870955517,5.63703796535013,0.04073654917052639,0.2012612309936206,0.008783615049976443,0.19760947856325095,0.009903823791233965,0.1983589861211278,0.020490182498417685,0.2816825951465211,0.042141239195723205,0.31066971441959684,0.006150188253357095,0.3104156214219278,0.006851521764575244,0.28793897213963393,0.014862119959349895,0.36973073677200813,0.03021030675743731
2.685724426715751,0.19278089206357013,6,5.594075247042908,0.008821081528825185,5.592316739375329,0.010049317828277865,5.600398893139204,0.02069552060160641,5.5980362335594736,0.040673706235212076,0.20466295083098443,0.008740014223558176,0.20571593456284912,0.009929468481902405,0.21653102115117762,0.021018557608653992,0.15187249050219,0.037646806356142475,0.30287237469443545,0.006207608698032322,0.30179142183097446,0.00722353884957094,0.30856883736117874,0.013890884321056335,0.2968519541656825,0.02489472335560235
8.035135953046847,1.18620729802002,6,5.608839762036523,0.008380805585547274,5.609522682598723,0.009431351116585242,5.613258115687422,0.02104780659713485,5.594492058324996,0.03656596601680112,0.19236755811918435,0.008403334357149394,0.18493407548223662,0.009504551127328384,0.2369140193227048,0.020317315601760016,0.15510811155734566,0.03553654236169764,0.29099437268187667,0.005732742789438346,0.2880929093112995,0.0065199753580835245,0.3039307500010169,0.01388199386806555,0.2872537340951104,0.02245878756928808
7.464317937497981,1.080249897342965,6,5.60049551238343,0.008553203125329973,5.5960361805845755,0.009890730577492084,5.608665068170123,0.018994834226267496,5.638224749992195,0.03619383321274866,0.1912069700976493,0.00841209189638653,0.18053616481169746,0.00960506321753634,0.22443714471244214,0.018810257811175634,0.22809792176204474,0.03844851027791204,0.302778897335589,0.0059272174391184875,0.3045345090717631,0.006941636314163484,0.29292394042296915,0.012248788589769978,0.31644998221651843,0.026742273960038813
1.551077373966109,0.0551364546621122,6,5.6068704830981275,0.008708577259422753,5.610539765636527,0.00982192993755699,5.589682844500739,0.019572147086590243,5.624396020136435,0.04610127548075991,0.19963651761730558,0.008867381451575146,0.19680426712579285,0.010146136281632212,0.2087487781357997,0.020456141271306603,0.20876979463033077,0.03831769553627749,0.30638355016572,0.006175235828834917,0.3049572398096285,0.00693251069020472,0.3109867906538068,0.014197955452366708,0.31562417469020965,0.03191941073016529
1.2619744515104685,0.03295180115024559,6,5.602164782801757,0.008753206309961953,5.602951778729824,0.009769600952930332,5.596918676141049,0.022205190431347208,5.6077278707310105,0.04387055215660622,0.2051921510369511,0.00870979333704264,0.20759955677001068,0.009724118723064399,0.18742849412599288,0.02196990613352733,0.2269170233725825,0.04499957209132367,0.30889950783725356,0.006058723762492256,0.30768344123829255,0.006687045582339259,0.31540690769173846,0.015936215636256572,0.3142562531820197,0.03377840405564276
8.157043305021944,1.2085851578922775,6,5.602938851766307,0.008861578069585742,5.609530289855727,0.010132406663293179,5.561843645175068,0.020681223438659115,5.665543096021136,0.04048197198028059,0.20119521191896816,0.008609631034049572,0.19711801004265872,0.009831045274499505,0.2119361973107109,0.019945213825622723,0.2325585356373889,0.039152410649776974,0.30776547365393075,0.005970065312940596,0.30924442254722506,0.006883201744146336,0.3092408821659232,0.013597495745360172,0.28790446258395813,0.024068586820247033
2.6535323422867805,0.18796413959419814,6,5.608654974495076,0.008633227288691933,5.604454986314521,0.009806459475854658,5.623925172422515,0.021498921208030614,5.624856845027459,0.0343055318988403,0.19128396459601651,0.00869325155447152,0.1858162871559456,0.009867356849403569,0.214023289143279,0.02105341819540228,0.20201546657053587,0.03571276252066515,0.30168043616321083,0.006148340016787095,0.3021402989015574,0.006978589192376702,0.29290187461655826,0.015565912482960454,0.30753092990431746,0.023298704211964442
2.8649492974800523,0.22035294400372973,6,5.6172006123860925,0.008493420063651082,5.616371955400389,0.009882916646585518,5.620223435600177,0.01956695125005917,5.617580290271352,0.034532952538648964,0.20327274817435848,0.008399435234316781,0.20786699664614391,0.00973847071706254,0.18894218806777968,0.01908075765929439,0.191207176360363,0.03583569459389115,0.29440905958819313,0.005771756512135359,0.29820735398971293,0.006750454343369855,0.2880217212878624,0.012844684976300954,0.2654505982620354,0.023692786805726725
12.73610465474485,1.9824994224249013,6,5.598062417729959,0.008485005731934451,5.593169788473431,0.009833415465737827,5.597451231982863,0.020147777380498742,5.662628866250179,0.028203092893049144,0.19501484928027757,0.008507153986171382,0.18994882211493258,0.009876050030401116,0.20128467935675057,0.0194836434952854,0.2432333401720652,0.031150702979208602,0.3052358451684447,0.005756429577581695,0.3069630235859591,0.006639393865232227,0.3125156429295677,0.013764223118062056,0.24696117011348614,0.0192397819099273
3.771864403242944,0.3751932084144564,6,5.598133882739525,0.008318135911009498,5.594637339040522,0.009422283430224535,5.600973867444668,0.020670166359753106,5.640389138367175,0.03371104081840678,0.18651021694443162,0.008109224287890578,0.18940664796168227,0.00914716931937385,0.18552441875731812,0.020413519357298356,0.15334474627983083,0.03368971693330531,0.28704212813052893,0.005697113553408508,0.28398414799767185,0.006450351023478805,0.2981964824996246,0.014186777111538694,0.2928816789156614,0.02295073155652787
4.916341616539285,0.5909007127045268,6,5.6038004327839745,0.008271329028639354,5.60013572072621,0.009336158846926323,5.615134571592701,0.02030578729622474,5.627057922673313,0.03752410275925056,0.19818308236744603,0.008126401229151882,0.20158216469991386,0.009176776826830936,0.20067838647015487,0.01982231786294345,0.13179283378490422,0.03732303976348296,0.29496579090093755,0.005666530939168398,0.29252024314337316,0.0063402146382466615,0.3025549783845063,0.014184897260208915,0.3157098877828552,0.025950341165755737
5.386566519533517,0.68194887137239,6,5.600027891096755,0.00849700105933356,5.601709487431368,0.00985836751897668,5.592939564933687,0.017579839885071405,5.59839096683063,0.04966941449611898,0.18777098501026576,0.00842483792158388,0.18911739618173537,0.009904761694126735,0.1891379218608913,0.01689786376560161,0.1644938354845078,0.047943492582539056,0.3045939173022476,0.005700915909739036,0.311045014851959,0.006696536148881509,0.28129320633798477,0.011129839580365012,0.31176985928879053,0.033968367295457366
2.9247637586086057,0.22982360489848475,6,5.583910201855246,0.008478569471697511,5.5872841605657895,0.009747380668522217,5.571219419610576,0.01894580089269503,5.565701151670821,0.04027476540551702,0.206772053368375,0.008570551115543732,0.21027016398921777,0.009896491749191267,0.18954439212098032,0.01890472874056842,0.23593779357672653,0.04004729795377869,0.3000349080171123,0.005916625869502098,0.3018071736063917,0.006852861719578726,0.2969151715179725,0.012818197081236323,0.266699051993231,0.028473779554723244
7.576719263757695,1.101263523598372,6,5.616609094924592,0.008482485496093442,5.625653007402513,0.009902255718568056,5.586436227332496,0.018029063181601055,5.611588440597293,0.03866481031528592,0.19397847107171093,0.00858304362559966,0.19547281845013104,0.010028240583019384,0.1864072683003712,0.018358952630799015,0.1943802951203009,0.036387721314451824,0.30552339815239143,0.006015637089066969,0.31172928134771194,0.006992954345712357,0.2851299097426377,0.012888134941710296,0.283565713115349,0.02579431347966676
10.259594453542377,1.5798681335625642,6,5.623015976819578,0.00883315577377711,5.63055554361941,0.009888465692223198,5.594288190662799,0.02149143648587421,5.615244666608379,0.042974168521661874,0.21685575930937206,0.008899338776931406,0.21998007972525038,0.009974340283488224,0.21851045950083003,0.02147794441106694,0.12615828764621878,0.042403015421748964,0.3175638330166036,0.006255927866570851,0.3136388414210879,0.007048413235244242,0.335286702445889,0.014845209712886727,0.27153059986890077,0.03048121563544168
7.414083855590434,1.0708356881608507,6,5.604401183556355,0.008898965503991493,5.598058365020482,0.01017980672777367,5.62241568336974,0.02154886759143525,5.635722441849863,0.034680481549020065,0.1853425807820147,0.00869779028080773,0.1862022155350218,0.009914096611042127,0.16793044426648468,0.021374850099731182,0.2173951910455649,0.03422926763530211,0.2962539096971683,0.00646038604886792,0.29866938622190886,0.007302798089723409,0.3016869241433027,0.016719925758783654,0.24804408978150724,0.023813790974629996
2.687667709978996,0.19307302928243705,6,5.5878199758971006,0.008754283217966943,5.586696841225474,0.010110281305072464,5.599178813825249,0.019483345324379113,5.563767208433006,0.04561812961480637,0.21276762910924482,0.008754595528224048,0.21353353374875597,0.009952439098239393,0.20131363684760692,0.01965472688397959,0.2439035462736564,0.04409659238411456,0.2973110935744489,0.006107631718704138,0.29675538554127506,0.007054393436623169,0.2917590835701559,0.01341771231141708,0.32037365756187824,0.030149301748145427
10.629129013002967,1.64225328746466,6,5.583756428912039,0.008301803701179538,5.572224374379571,0.009319930521336737,5.634350953802255,0.021305844896886538,5.620971816960806,0.03711356521054142,0.18037670399439754,0.008325512078502866,0.18424275107002797,0.008175912901080573,0.1754041250778069,0.020762921805563873,0.14236884912071449,0.034054994749641104,0.2974701575249862,0.005798606360503082,0.2999065630723289,0.00012665011448922042,0.30462077588171316,0.015272934207312716,0.26668756335481536,0.025238317136107146
5.664946751261596,0.7359699753203933,6,5.5971400672584855,0.008940100005795055,5.603366537748342,0.009974580475424528,5.581782836866983,0.022591518256503886,5.534640505949065,0.0447427818979777,0.19928128159537184,0.008812910687315333,0.20330734097623326,0.009831915677729612,0.1829558730329502,0.022028677352793343,0.17436928153482556,0.04716156295906022,0.3004901814536973,0.006221415229735225,0.29627224965318727,0.006835461674647131,0.3198540874904237,0.016342756229507593,0.3006773514187717,0.039856782174698534
1.3786806556745432,0.041192471299270034,6,5.589042714747692,0.008472870272531186,5.590111432726417,0.009615041883045163,5.5777690090389935,0.019724482815196273,5.629259450157261,0.04680769155986444,0.1971247666451783,0.008466774957319472,0.1974229440883139,0.009568985210066716,0.1938425116426247,0.020427676192336448,0.21308627457151386,0.04163842016679223,0.29759108757744523,0.005827643142584683,0.29623286474738375,0.006554725977733935,0.30343917550307287,0.014541451195826342,0.3075231715204553,0.028333644676723488
8.976507479397696,1.356614943823004,6,5.598935994137931,0.00837450188951866,5.6089295618996395,0.009685002500955317,5.5709520913131785,0.018942017199131984,5.564629584973942,0.033250404733506364,0.20044846657967452,0.008522381224399819,0.1933190788812117,0.009880813809227198,0.22879735670750034,0.018695326912352803,0.19089389781052998,0.03602508567441544,0.2963003063484213,0.0058238911196977685,0.2999940688800412,0.0066804954381757065,0.28338909150245856,0.013176052899570473,0.28146759001864224,0.024879317244385666
8.84939542147913,1.33392997264409,6,5.592098808531217,0.008412977297763587,5.595609741880715,0.00931480593626143,5.59202932471643,0.02210374682264773,5.529339098885863,0.040449109116040105,0.20162749016050943,0.00848261233138899,0.20976136675092102,0.009391398597699259,0.1587597605812451,0.021981673872718436,0.20254107497905094,0.04290589307061153,0.30240730219824735,0.0056802936972413665,0.2993442650724844,0.00620540684664099,0.3189588918477765,0.01591893970761734,0.2978891384757034,0.028727756791496528
0.7591413002373884,0.008616994614078515,6,5.599064098182007,0.008714535759734023,5.599465984588742,0.009981597908106845,5.597051184037662,0.020285848423825657,5.599746322467707,0.03842115436445614,0.19882544661452384,0.008785270403989154,0.19907809685818462,0.010075065895073945,0.20361290169592314,0.020516256686611063,0.18200835531878667,0.037056884144046745,0.30046061981924993,0.006050392868813888,0.3027982470913769,0.006970919245327627,0.2922940845790744,0.014135233414220294,0.29190878617566035,0.024925930119588276
9.794068879418774,1.5000694535986896,6,5.60012293397834,0.00864437594732071,5.596554381513763,0.009962994272223316,5.610800287193242,0.01880557582664418,5.610091602968617,0.04051399341891466,0.203676061255457,0.008658671611755715,0.20977053571420196,0.009913396940981966,0.20395578148886667,0.019272377955188803,0.133959929064622,0.036632789262386604,0.29980997860209174,0.005897948377894446,0.30030018155200755,0.006887979495488617,0.28311636652440064,0.012308085183779413,0.33519287856109203,0.025671712378485503
4.382025062644971,0.48860036590605,6,5.604975376857972,0.0088656429739199,5.604277336148546,0.010016291227536566,5.614761202223885,0.021311690237489068,5.583067967033113,0.04352591130923219,0.195482445137365,0.008711442345020703,0.19983788385453324,0.009779179758694178,0.16856936984650606,0.02141189915998106,0.23058805257477033,0.04220826804757823,0.3133892125982822,0.006078920660229838,0.30963123409920157,0.006848107421284717,0.327708232183302,0.014630422635575785,0.31744769690027097,0.03061557191516417
2.1794591374491574,0.12253429528760398,6,5.599671994395321,0.008293163258202044,5.598263048579808,0.009292677029924883,5.609587547535482,0.02071381294667783,5.5841779791616535,0.03932665992460348,0.1907369568623984,0.008246908922382718,0.19206600877386662,0.009176568912933633,0.18720834196509986,0.020820142981754716,0.17339613015327535,0.04478961670399315,0.2910763514969892,0.005664660957702584,0.2896151272891913,0.0062662810108481464,0.3036049756007499,0.014727988147481007,0.26450186513220264,0.02782247692405344
3.346802801883314,0.2999338477082234,6,5.594171488774188,0.008590661348360683,5.596291510927329,0.009848479703572643,5.584118695825322,0.019063181717440626,5.602181860407413,0.04058013041281999,0.20843069261819466,0.008567125443895086,0.2128867057684452,0.009804859114615849,0.1898812902173568,0.01988737890081004,0.20735072326768025,0.03667574943884662,0.3029546543776921,0.006001247359155383,0.30537557775740776,0.0068650739220754665,0.2853537450580266,0.014075529675611804,0.3147107846557046,0.02376054682941241
4.996667420244194,0.6064128819305418,6,5.59549094025048,0.008905057216352714,5.587259496167203,0.010109632659400947,5.607711586828387,0.020378157260434158,5.659992847997011,0.035908240489430275,0.18261229729116157,0.008729149017887844,0.1825893894623526,0.00986268928205683,0.17515531650870356,0.019780948740402815,0.21096420065478017,0.03750867180919011,0.3071605204195305,0.006192883788827438,0.30746294097150223,0.007094967472118644,0.3015202023666814,0.014575606948661574,0.3094050454710095,0.024152134253544358
3.141140694511705,0.26509646277341986,6,5.593001475520029,0.008649949124632166,5.587882630278605,0.00969384005533904,5.62216406759043,0.02107391535016994,5.567787569312345,0.04061730131976077,0.19944866920248058,0.008589283767644748,0.19931023542343018,0.009740422775696776,0.1998545973134337,0.020591666767334656,0.1936357426054356,0.03831395191364906,0.299503362729728,0.006094610857276328,0.30108199869077074,0.006921279984295179,0.29642160510007004,0.014273985447284946,0.27533734317627034,0.027788555081869386
4.915414399758447,0.5907217959326406,6,5.60396276776576,0.008519667143453735,5.6013344229288435,0.009796898050137308,5.617379759801962,0.020486992321455007,5.601687269661522,0.03361349197966273,0.1972448839810556,0.0082991092351578,0.1943608755983746,0.009516947955248755,0.1948521808377247,0.020568201148433322,0.22649378588514582,0.030339638580997978,0.30161269961346204,0.005787830484514906,0.3001629635464693,0.006547627282842951,0.3208287194676011,0.015377331901623185,0.27438609271473763,0.021655738311136062
6.034547053495771,0.8075820012459909,6,5.606024645025374,0.00881417909418871,5.607571046212074,0.010330632095983625,5.600540551260619,0.019051322881742445,5.608702387455336,0.03570110444729251,0.20656705660783642,0.00891066952027852,0.2087665496068717,0.010394846755532181,0.20948290724841484,0.019922652022724703,0.17207292362940185,0.03397575324354748,0.30877166139932877,0.006329089119788223,0.31599110249662554,0.0074814891504460974,0.2935711249879802,0.013093694379808004,0.2668780304942166,0.026072157258678667
8.10902580988477,1.1997816551851666,6,5.596564503601584,0.00852124967018413,5.59385487164261,0.00968019930911667,5.586544458306537,0.021189767891786754,5.653959684774424,0.0314119414610979,0.18611370255657228,0.008619675427319243,0.17777534694950142,0.00973740446486554,0.21242230601275863,0.02103780564716399,0.22548271213146967,0.03463694120538566,0.2995654217317505,0.005726376637057762,0.30171835436473116,0.006505559789746068,0.2950193905127093,0.014571110186376064,0.27730454620660255,0.01915060225387854
3.5358846736198757,0.33292693421211167,6,5.605857197268206,0.008554322570928141,5.604318854817412,0.009638837452886231,5.599502424896676,0.020338500250733194,5.662344390902874,0.04625753730099845,0.198193977235553,0.008727431828786984,0.20311461814400175,0.009892098662136792,0.17431627340737613,0.02082469321411717,0.20559263910920264,0.04051308153525139,0.29569813638313514,0.0060666513668156345,0.2952240411581306,0.0068162743117171545,0.3014479839877873,0.014784259948120248,0.28439799204283145,0.03064150167860652
20.255612947788904,3.02411347522876,6,5.603073717711474,0.0091453671843794,5.590604133283131,0.01037894186354642,5.618663674629586,0.02346557582595338,5.701471465168809,0.031350862826823644,0.20708818929606873,0.008913013946355236,0.21557061575242886,0.010178225204345944,0.18486933328487837,0.022465391654331066,0.16262814816419915,0.031122760998443612,0.3074906997512053,0.0061423573119567575,0.307844167058702,0.006879660163174172,0.3233948666814468,0.01693575114476116,0.25777660755906606,0.021313167769757065
6.872331312682945,0.9684582308659871,6,5.607322555511869,0.008758200707256863,5.60678291027565,0.010055987639717478,5.598878307912884,0.018841015773972944,5.669155846690553,0.04071944836291828,0.20526138072914632,0.008831535756629592,0.2096389507559455,0.010160269171082769,0.18069677777617002,0.018756980817649,0.25693617388463913,0.04070810675984324,0.301588470403584,0.006141730191407871,0.30552581083852404,0.007162517307630137,0.29361858649358746,0.012400137190765256,0.2812844739825647,0.026772809409387702
4.5041258714627475,0.5118029066004897,6,5.5841969716248006,0.008750088953478438,5.589777925790402,0.009856902126033568,5.553763055901255,0.021660842131983483,5.597474980440475,0.04295253445767205,0.21192008641097837,0.008814603984176037,0.212878798472379,0.009811115142456963,0.19728456995658017,0.021731507844300287,0.24146884389642867,0.042066365695759826,0.30786611099523103,0.006143862644326631,0.3050681625340749,0.006869467317403547,0.3125308354984221,0.015005737085245285,0.3330198094138903,0.031175920235168818
6.666041263131774,0.9290983214165732,6,5.600230122847854,0.008524118551873636,5.6085791537316325,0.009541670869310629,5.572239628800164,0.020167790545906332,5.5590443592937495,0.04887575291447444,0.20440219687340155,0.008675889052344784,0.20917781393148746,0.009765578207619002,0.1797991709504598,0.02043977541167838,0.23367711422098256,0.04671314083989322,0.3049238035005818,0.005998809274934517,0.30166816536458757,0.0068415949460188885,0.3126265397291635,0.013293887032522215,0.3295808264644482,0.03214324666215392
12.473457191561465,1.94145901374234,6,5.596635200197264,0.00875977575374351,5.605581767698633,0.01017160957495434,5.544034647951556,0.019450266124331667,5.652810594141049,0.033154398745121647,0.19271169451647877,0.008605700101338274,0.19772060437914368,0.010032119269024519,0.1740525680029221,0.018955987063687722,0.19494811115211488,0.03369648187746602,0.2998628307075478,0.006114217693787317,0.30174479294870826,0.00703947350807698,0.29173517344696026,0.01364994949005952,0.2907435315748967,0.023981776081929983
0.8963670446973993,0.013489108479454944,6,5.609202726912142,0.008278173630048005,5.608929388657066,0.009527291217954651,5.611564586205656,0.01864487107848024,5.606742519452047,0.037534343183820165,0.19708199985606714,0.00825605942607032,0.19848781928091128,0.00958868054100038,0.19025563766682513,0.018298467200332853,0.20990901487472532,0.03491723029494648,0.29900766435882525,0.0057569961344453215,0.29702589526222817,0.0067826766881194265,0.30694448380192996,0.012413711431385348,0.29219298747855776,0.022847120879613776
21.308165703434497,3.153230867348892,6,5.60477704340786,0.0087115398166687,5.606137402651322,0.009797814514029906,5.566354295573103,0.021328855817765575,5.739017525419228,0.034544480638152866,0.2036871364036717,0.008686449479853524,0.20192123123781802,0.009786434913144624,0.19021515721036178,0.02158135905294485,0.27767786403048555,0.029947212725590845,0.30551147333696693,0.0060357066035134485,0.30610259182125743,0.006742237924277766,0.30432110971537135,0.015730994428414614,0.23948924430862673,0.0224743830495274
12.14852586480265,1.8901625636153554,6,5.602950935828959,0.008424007200600813,5.610917519478225,0.009473438363214877,5.568879318301836,0.02096489509371871,5.589117194844202,0.03525318283669532,0.20559544305936234,0.008406454904473986,0.19370881726025993,0.009637805072306336,0.23536553293449072,0.01934181480530032,0.27258330140284975,0.03411204898813672,0.2983633932982307,0.005762447592203578,0.2984028025337292,0.0066499064329764036,0.30297040221029825,0.012983717286577538,0.26582190658256943,0.022342182662380475
10.414742932349327,1.6061629898680738,6,5.604535442948937,0.008662004599679926,5.603266314114014,0.00999715226909775,5.6080666341213,0.018744241794036776,5.602369331264551,0.04377733734402116,0.20511818508023427,0.008672236088642798,0.21599380906584328,0.01009179692396501,0.18614785371143525,0.018234071237210082,0.11002846649698653,0.04287813542826067,0.3015850548157603,0.005818339728535646,0.30723494620911757,0.00686194268835556,0.2831058272484179,0.011527200507378647,0.2905967677828513,0.030401023048310806
7.179452889482491,1.026682459844281,6,5.587111324558861,0.008501596718122032,5.586622395365039,0.009350297600958214,5.580582122069632,0.021911400173803386,5.616925432442961,0.055377330303828014,0.19859632589996096,0.008543497632235759,0.19519778414351657,0.009329197632481575,0.2108742498532138,0.022493943611314713,0.25228748734237616,0.06119473561194906,0.29657597468053803,0.0059194146101251505,0.2923675176993018,0.006407584898012146,0.30715724570235947,0.01547703932769183,0.39367860291356394,0.050672129778721556
5.195232971353107,0.6448442714800745,6,5.597814162937089,0.008691651845378021,5.594007825173583,0.009922517092494821,5.610964740992304,0.021095154046156098,5.6221065254282685,0.03616021092300185,0.19649404933719408,0.008649645118909173,0.20185274632897332,0.009964893469159814,0.19576915708115517,0.019997689206089013,0.12784245603586225,0.0355818523512517,0.2995212964428185,0.005951602985098756,0.2979700997759868,0.0067790009661703645,0.3089944565264246,0.014457783969314682,0.29232194895370295,0.025867686792936575
4.685758441090002,0.5465310443523352,6,5.606876456227042,0.008721887459897779,5.605162203725963,0.010125661336771313,5.622923479052339,0.019440347540763757,5.574578207960985,0.03574275255126633,0.18908507935437735,0.008729607827636038,0.18902864458535668,0.010092825223326904,0.1917310017448235,0.019326725897503644,0.1833529453165483,0.037801477134493076,0.30449721976701105,0.0058862172729341215,0.30687997233976017,0.006788580476607471,0.28538816896877467,0.013231815827461073,0.32960099357475303,0.024515894192090923
4.134411326565896,0.44199537479792333,6,5.6080269362299715,0.008775798341242286,5.601173439085872,0.009923869687328212,5.620932297720544,0.020732520049610046,5.659801862902529,0.03638039279731624,0.2094065192220411,0.008863539498837829,0.21127184305937347,0.009864901121496704,0.2108184836104611,0.02192914778991948,0.17587651416057928,0.03712019850510964,0.3123953877921317,0.006126231325311863,0.3109430315212758,0.007015741118662916,0.31978284206908614,0.014230555207638775,0.3133459851516021,0.025798405602067913
0.9183917777554598,0.014391593284198374,6,5.587302993003196,0.008352138286811042,5.587704254332575,0.009536493468630058,5.581863550070144,0.02005978992517836,5.597613488567765,0.033937685927921006,0.19564062783241565,0.008462321571703608,0.1983423104762444,0.009754314748613362,0.1826735331077399,0.019487967742389648,0.20394974459451998,0.034844537490459744,0.29455942285536024,0.005823777553274553,0.2937629654136406,0.006712525484822477,0.29376344262330417,0.013775658139329851,0.303749832040205,0.022605580325361398
12.367745198935154,1.9248345140461216,6,5.594670984635113,0.00880154946517685,5.607137852956684,0.010000673808848793,5.549045106508741,0.01913298946403838,5.5779374877168495,0.04332721499373914,0.2082428421570457,0.00867579444369256,0.20437110231790087,0.00977540677337712,0.21060112682382115,0.018847521651637663,0.3073067292502385,0.05212890024831172,0.302436939771092,0.005960529856729938,0.30345604180737057,0.006716957902968696,0.2883513372967419,0.012328223717388422,0.3397108537656651,0.03496441306374391
4.1712191211554455,0.44887992637372764,6,5.62430820691373,0.008661204253083992,5.620158009725623,0.009897918159801,5.634366823620191,0.02032209184196282,5.646465988164944,0.03567620598778062,0.19985854261619637,0.008620148471084721,0.19949701111360948,0.009863861224473367,0.19735699752582503,0.019470520168872994,0.22390440633515923,0.038922603182922275,0.301310758226256,0.0057818865126786955,0.30634798997058943,0.006656679169429649,0.2810798331296947,0.013004683672169936,0.2896197855045094,0.025920419566101787
9.356121766279102,1.4237519444190767,6,5.603055179366121,0.008685134875718101,5.607980128833001,0.009779444010394772,5.589584268864526,0.02025566568392805,5.546152365494977,0.04990156918921603,0.20456308802467849,0.008647252833776051,0.20375457962889573,0.009702235066990429,0.20168525586068564,0.02051869533066145,0.2309641869941657,0.04897813333314416,0.2997476001849522,0.005918308038989794,0.2920467146115896,0.0065876810494794845,0.3200356583525268,0.01462812030265098,0.35638126638713646,0.03528584550287551
5.779634540551342,0.7582139346986239,6,5.6017597781512185,0.00872846255821502,5.601131836768873,0.009967344971930152,5.593674293174601,0.021718127065290766,5.64081906888678,0.03711646203255719,0.20874044265625416,0.00877757105415136,0.20290071647699617,0.009847344712680338,0.223573013582,0.023055358267040495,0.27214604406502224,0.038719604438752823,0.2958162788272959,0.006157534939573403,0.2974612858263524,0.006956818010258356,0.2984112284836271,0.016613550625925268,0.265976763563832,0.025087565956634562
7.797220797976479,1.1422765393069025,6,5.608066359921805,0.008454195752174692,5.6075652207166735,0.00965509192228348,5.6137017890621665,0.019378609069565792,5.585061109890663,0.04348854671975171,0.2025742962708765,0.008466336748908643,0.19880576991594057,0.009792065934574308,0.19590188572383802,0.018501539044632014,0.29747555441889817,0.03983301339029247,0.3005645693347524,0.005725620050702,0.3012503641001426,0.006525692964315552,0.29194487904671873,0.012314669301179805,0.3232735359037868,0.029171486994077643
0.9947625580825843,0.01778535968588829,6,5.603232913550839,0.008786929838337516,5.604219600331608,0.010021034654595312,5.5944285441535415,0.02053903162409457,5.6168377874767845,0.03751171154401266,0.20195170767918352,0.00861604937945679,0.20041569136449697,0.009885418040397212,0.21202596484823713,0.01946296363533566,0.18603923699339464,0.03881322034523801,0.30286668102449366,0.006206639592481609,0.30444558797311616,0.007190860580725912,0.2984190777374501,0.013701246602515685,0.2998163902854656,0.02594536546359752
9.299154883643496,1.4137354040414964,6,5.6008738997795,0.008419903428032116,5.606964540409718,0.009440904182502766,5.578223898455023,0.020547973813347106,5.606044453797428,0.04358256230439673,0.1946706223723014,0.0083779358424664,0.18932603953390068,0.009363948169080023,0.21337626208150678,0.0202195422089378,0.2417905525824276,0.045511303929854904,0.29975952345740353,0.0056937830342896996,0.293843451678843,0.006234084650695205,0.3146651707282892,0.01519504801430271,0.3528257675507323,0.02922166888791731
3.4328438224474667,0.31484145320325363,6,5.59652696359981,0.008835403408917981,5.593724534254642,0.009985253368308678,5.6037441190687876,0.021352851695164207,5.622829634276945,0.039548108978615555,0.1874383830783583,0.008830742371783497,0.18518580001372217,0.009968134145665575,0.1990122876899562,0.021664499328611222,0.1832394930386921,0.0378814157285223,0.30636284321973717,0.006396217217170765,0.3034301873007839,0.007395558098873374,0.3219403873248171,0.014495539201996852,0.27958280897872434,0.026428773830698502
5.528146285723778,0.7094240098840587,6,5.589209956160663,0.008500533361292733,5.591722347658119,0.009767452986678742,5.592741040766084,0.01952773167907029,5.537654326900478,0.03430678396882677,0.1928174917059393,0.008541061734244243,0.1971394331682962,0.009665076120032628,0.18618530127062782,0.02067225137040203,0.1465127090210513,0.0368583714766336,0.297076190255478,0.005831811802415578,0.2981087471752555,0.00664854276941612,0.2984162069565663,0.013660725056928575,0.26176432619688095,0.023543443904426843
2.8769478679460008,0.2222423945764506,6,5.590434994995925,0.008572012996701432,5.595724388801411,0.009720948135534061,5.567391169690331,0.020248662140898717,5.579600680999751,0.0412245266337738,0.18209926963085618,0.008556443843996408,0.17948158800626432,0.009696004657884063,0.18307793568290218,0.020136396317156437,0.22064706383325877,0.04218118065546499,0.2983433970470372,0.005849877017904119,0.3001719514563014,0.0067044315843676665,0.29080938259634437,0.013008778297403356,0.28668110408170155,0.030395251397952253
2.8471887441410217,0.2175658216357353,6,5.60187406657936,0.00818395165712027,5.600999759202544,0.009589915885322476,5.607464052027223,0.01735787918374358,5.579260566874385,0.041592606150543825,0.20776502118275897,0.008321480486990038,0.2114284268338103,0.009773842814278628,0.1877905579629288,0.017910417692380134,0.24450225886854093,0.04077437824730119,0.2911796984214427,0.0054917387461693706,0.2919017256012295,0.006573804720982498,0.2872297347329847,0.011012580418421888,0.2979530346885441,0.02616146595421651
4.740547352048452,0.5570487161948073,6,5.596859668179506,0.008591183054035858,5.597269320734994,0.009649527899473211,5.584101175442743,0.021031213232875642,5.642889188192533,0.041274283051672724,0.19122161360526616,0.00859687476723299,0.18973188661125473,0.009679476120376703,0.18244539174698304,0.021058626928615452,0.243906307249101,0.03876375514113891,0.299184454156844,0.0059598803964692445,0.29565465203302266,0.006711745347944244,0.3111868018179369,0.014088014861103126,0.300596370656111,0.029011344316331365
2.721158934975392,0.19813203791023606,6,5.603739481097617,0.008550896400615531,5.606511234950269,0.009798774566313744,5.593022175308576,0.02092300460573737,5.603437420486439,0.03235745972816436,0.20149115165003897,0.008824286741685505,0.20013352574299859,0.01002946230587261,0.21223015092213526,0.022199537321328493,0.1873640776732064,0.03326363023493395,0.29896642923776157,0.005998905964411961,0.30019414195556776,0.006880356342930162,0.30587787417487095,0.014775848146766008,0.26805376310576673,0.021314285217992446
5.571323774725897,0.7178033982175943,6,5.600786047663813,0.00849656111370946,5.603549980726096,0.009586911110149712,5.601166031661261,0.02057768108138744,5.547364650462822,0.043798823604571595,0.20125747455456292,0.008451385873460072,0.20328323402909257,0.009781364040939121,0.19500546710023944,0.019555571536052065,0.18069296606288024,0.040631931158161466,0.2959970381559046,0.005763552434401219,0.2897510622072444,0.006611951911592131,0.3139512600621871,0.013323468027039471,0.3226634448028991,0.028686660789970123
3.6811619154468644,0.35881774502482483,6,5.594074209382572,0.008838282797707464,5.588230562973971,0.010195470811732707,5.6150405573893245,0.019667502219942876,5.607254603608663,0.03908520585323687,0.2042049876675213,0.008743518262258661,0.2054603103460215,0.010225221549884422,0.20517946639722617,0.019491323500408355,0.20061233019867364,0.03496385449638063,0.30504036338827534,0.006285686838706552,0.3079669395117699,0.007245840973809157,0.2877188642488561,0.013693619162218817,0.32508615262791524,0.030307859438082896
6.497417564372881,0.8967897005693629,6,5.592203157617745,0.008237262566775629,5.591400820752433,0.009288924914125746,5.593488207449812,0.020108999047178017,5.603289127215664,0.03376630735752529,0.20293313035768829,0.008353050201135167,0.20734151961385067,0.009441145304970271,0.17179161871668025,0.020403670150268997,0.24271593377613324,0.03445520700251744,0.2996717426646652,0.005733513807371637,0.30162938260379224,0.0063929985921699715,0.296402109340817,0.014753051280981571,0.2530985528524718,0.024175638565748777
5.603567374739214,0.7240604816399574,6,5.601487795822725,0.008350890617938818,5.603024668614302,0.009448300581807009,5.594282382302893,0.021232540329869928,5.604254060439761,0.03629244028779643,0.20035340954987504,0.008523696760623634,0.19789188460581159,0.009696962877540861,0.19904467296602643,0.021177468949676415,0.2498019544703689,0.034415842693396426,0.2962270779421583,0.005757395416619336,0.29660027598915706,0.00647370293298279,0.30581529253472817,0.014572092865545502,0.24754893468081038,0.023467523837090432
1.7251989420328755,0.07129957729587269,6,5.599794494759675,0.008874442954529787,5.595977122216154,0.01022325763205824,5.618975880278406,0.020585543676572657,5.594307369009482,0.03992110500188795,0.2087684021291315,0.008759974042700814,0.21051869409308882,0.009813170083925292,0.20119939260071296,0.021630985072833692,0.1974817383386262,0.04165030004464497,0.3000224367576576,0.006384758562988033,0.3021667679842124,0.00731576813050524,0.2910501931993399,0.015054081208328574,0.28852007803987256,0.028305190313370036
7.092317446426023,1.0102112205383527,6,5.605450542423662,0.008558869035329666,5.598370922970068,0.009572276263514631,5.625966095670359,0.021122015868248974,5.67411167234833,0.03863484590428927,0.20093659648653484,0.008507369041937326,0.20541259119101266,0.00968337322920426,0.18352350004739992,0.020607187811578102,0.17222590737712626,0.03677130472992332,0.2982032285816049,0.006056121378566962,0.2985320506041605,0.006880285644543391,0.30437573426629017,0.014690136144905476,0.24931935021532117,0.02816903492857545
7.505426240430097,1.0879434157774144,6,5.601074049600305,0.008683723489951754,5.59284696008212,0.0099646447399304,5.622861875231544,0.019705485429903687,5.638595592914735,0.04080338426619987,0.17582248095697253,0.008431040635813406,0.17881488461523629,0.009655425271721295,0.1532133004873795,0.01854760213445287,0.24367394619562446,0.04591189831943648,0.3002190282709227,0.006060007252867014,0.3025276506676876,0.006978042376472356,0.2916020021844414,0.013030341302041505,0.300232500556865,0.03241092855085731
5.7402884682960575,0.7505843203553683,6,5.589632016002836,0.008558483830759864,5.583984456250832,0.009476144710781105,5.6279840413837645,0.022087111665282155,5.556082844475119,0.03772370290819518,0.19923182985023352,0.008598438014774923,0.19902562459509854,0.00974174319725561,0.20403062094714916,0.021738203639579182,0.18775906366295503,0.03483076050618651,0.30352149937554307,0.005896017972391139,0.3000563027611458,0.006614289409801041,0.3177719329632265,0.014990473255453282,0.2977727314096324,0.024998511163827557
3.7797624179220293,0.37662624084989654,6,5.583408818879,0.008810604902699422,5.57922965039111,0.009974407203292889,5.59363754931047,0.02069558568150691,5.625434928930147,0.04492600328020748,0.19752676014142054,0.008807540159444991,0.20378113036485157,0.010007577551426033,0.18252062191770338,0.02071535515771184,0.14885395865161735,0.03967693010695254,0.29806530726315095,0.0062600375516097565,0.2989675714614091,0.007099463544388988,0.29144450498179086,0.014325222474522817,0.2917056754313835,0.03462930606675618
6.07692674419377,0.8157761971382868,6,5.595619981834607,0.00846054705516044,5.597815249447145,0.009801887148495766,5.586679546949068,0.017765206195245825,5.606798279385956,0.04077257538456153,0.19272927666580308,0.008557896604193406,0.19322240697699328,0.009952760011734374,0.187568072042248,0.018127626113196037,0.208676593601706,0.038887250900444294,0.30458341873802514,0.005755716595042622,0.30846957349694565,0.006726132435668991,0.28230677721897746,0.011712192750095716,0.34247964940955544,0.029229498400864903
14.789944739444763,2.2911468590621844,6,5.608642966284742,0.008639503517164276,5.613661331480601,0.009680648514071247,5.615188770968599,0.02244571936267472,5.493765317157929,0.04334859588062555,0.19403165994240884,0.008719699782548083,0.18856168396823947,0.009594919228362631,0.218993400597196,0.0224128322134146,0.2023932005721919,0.0450266479547673,0.3022591531040178,0.006096923714795646,0.29507957694302817,0.006696741971384428,0.31878163855929215,0.015233525028407517,0.3342231501386739,0.03576882112071544
4.65874736267142,0.54135241464739,6,5.60685834097917,0.008772751218968795,5.601379135463244,0.009815078441277469,5.631254423147568,0.021735187186218235,5.605027529647058,0.04430190089300301,0.20123822442874661,0.00882324013685425,0.205383774965647,0.009934921662322412,0.17188024114259823,0.021761304027754502,0.23717553570594896,0.039638960798955195,0.3025439353232927,0.006048015387086319,0.30098406312793713,0.006768141542698769,0.3082892344065238,0.015137523871231025,0.302592541694362,0.028398183082619752
3.1976717258803546,0.27455350564295045,6,5.607213752578881,0.008780009869404486,5.606318185406164,0.009815547372688983,5.603251659857353,0.021658087681069034,5.647437919677748,0.0458247349493764,0.21208047984473583,0.008837697893628661,0.20792637064662467,0.009956419266296984,0.21413082438599843,0.022138497740166428,0.2687944976140893,0.03790421147012066,0.3050689205231085,0.006158002072388552,0.3041825230422708,0.0068794086410599534,0.30653320521197225,0.01568253206493677,0.31301773749457773,0.02952726216585169
4.271205666576861,0.46766096681131464,6,5.603875898863265,0.00844899338271482,5.601610621291312,0.009602238096979257,5.621882822219943,0.020483465642425806,5.585822197668014,0.04221967317377421,0.1979951563249176,0.008389691083857287,0.20077381955809293,0.00967109407718211,0.2054978348767874,0.020284415178718884,0.1433806209527164,0.03426103998489332,0.2947799052675746,0.005818150136937072,0.2945291846306533,0.006661761754909695,0.29807426883155297,0.013630458310173644,0.283498079309327,0.025561429733624373
5.250868741044542,0.6556282938684439,6,5.617018567949409,0.009032852348205729,5.6243438088594395,0.010053201551110984,5.578207241256436,0.02265695725391021,5.6371735553575775,0.04802101075795609,0.20221575938194247,0.008907362049362592,0.20109593409876092,0.009786550553998451,0.215735724838522,0.02344342520166472,0.18323226999831788,0.043530559395942074,0.31101363996039044,0.006269122569668403,0.30740656514754133,0.006946851078458629,0.3230605082567524,0.016429170249286147,0.31953235308224603,0.03119350373594247
5.986910036575864,0.7983661702174167,6,5.611287839397725,0.008309648114783047,5.609293743276722,0.009397922507873425,5.6065174241019875,0.02083710899432515,5.655480215015164,0.03312495080656432,0.20929897287408658,0.008270535089099222,0.2043904798753193,0.009310254747638663,0.24136275219412828,0.020996785170270277,0.17925944389527018,0.03485227157402737,0.29303138807558393,0.005646715488644536,0.29174226082038357,0.006410378653575087,0.3034540144825283,0.014656784533171551,0.2781392077767101,0.020034049727933715
1.867240328079788,0.08596475057057786,6,5.578405766210282,0.008804704511593384,5.577352366102633,0.010060315144371697,5.576492505524817,0.019782191321611364,5.605416901109561,0.040889749138122905,0.20274712067233233,0.008824344080113972,0.1978375480296578,0.009936942464872686,0.21481930671812854,0.019905304956414776,0.23806613486291486,0.043401866294215795,0.3110365752859601,0.006027570096860164,0.3096756435889827,0.006753747562609919,0.3145050894953681,0.012922230491347327,0.31822572902500124,0.03100534936000482
1.4319174872362055,0.04527501473502978,6,5.605947834093883,0.008364204309110512,5.610131909737528,0.00950599445844183,5.591915446378835,0.019451695164890623,5.593762109069601,0.04118634512948895,0.20528151850596632,0.008403551064317841,0.20631885126838176,0.009571810558802617,0.20641351686349943,0.01922755709137933,0.1770706710451339,0.0420317240020847,0.2910693512718408,0.005787286446599733,0.2897449596627834,0.0065648991751836,0.2945999469754653,0.013361745920408773,0.2944404361871475,0.03281503462752871
2.683092469640542,0.19238547295084069,6,5.601370533551594,0.00863636977916645,5.606424206841719,0.009777976705759476,5.5755369806864055,0.0209153910842999,5.601376680348814,0.03883965620087231,0.1936710332435099,0.008531225200498753,0.19266978593565154,0.009745435363521448,0.19697623959614668,0.019984203312413847,0.19624055893648168,0.037249759179718914,0.3034469459575047,0.00583430284685731,0.3056843976570643,0.0067131946533003,0.2906840663823792,0.013623546361958153,0.30676843151902533,0.023920094827273718
6.097617169594741,0.8197750840058242,6,5.589824695025281,0.008802171646103153,5.588138333960539,0.009908191225160415,5.616847986501287,0.022280219226054672,5.5287688552162,0.03660645918841374,0.19716913389848367,0.008778461626237632,0.1925666518049842,0.009927448195444078,0.2080055558634633,0.022656969383562386,0.2198193864249845,0.03408301259346145,0.3020557037866436,0.006166976719239935,0.3011762422345372,0.006870545987535097,0.3115949115534242,0.016883479039597037,0.2802585307641413,0.025956085309217596
0.7672075724985916,0.008868274131235645,6,5.609733639892308,0.008740377540693265,5.610223961509851,0.009957757106491116,5.605058385282705,0.01981636250365974,5.623792923338044,0.04585509589255648,0.21110373735877627,0.008846240377433142,0.21280606912890132,0.010274820197122708,0.21159013323730563,0.0191904926577828,0.18366193517112722,0.041072134636263906,0.29803740309536053,0.006003049537055966,0.2973543805801358,0.007092790537605061,0.2982696591333125,0.0123564896262256,0.3066058398733608,0.0275164326773957
5.457414545686333,0.6956969970980031,6,5.605893405699747,0.008605249283567918,5.601355934631122,0.009727301163347399,5.621113340823291,0.02262723216595677,5.629811184538457,0.033014824381265476,0.19798086278268953,0.008764093704288461,0.19706029095102817,0.009743266357710426,0.19858934846579016,0.024071199741903936,0.20969116215564898,0.03542972042657239,0.2961785201130596,0.006003642229758985,0.29430684506611876,0.0067602608342784655,0.3151287698129771,0.015525703839627253,0.25296861274845606,0.023684939138228212
7.504340246741776,1.0877402912020475,6,5.608603924217752,0.00840765132258466,5.6112706820484295,0.009668651411753645,5.606182534898731,0.018405789801840607,5.564007982795051,0.04382206288140322,0.20088971897759636,0.008322763182569366,0.19181658009960514,0.009484169089815515,0.22892566879075538,0.018469154409015927,0.24962154848007423,0.047678226189184755,0.29435324304047955,0.005756868051731772,0.2946419509649425,0.006591070377138782,0.2856851361267501,0.012461778270562818,0.33402280318818023,0.030445355114020484
11.213232722730027,1.7391659021548223,6,5.581371273620648,0.008604368281217014,5.580523039751715,0.009531930805400459,5.613926533595854,0.022970502543551652,5.5115956914578295,0.03551682988677394,0.1964388097470522,0.008710143440860274,0.19568735573075163,0.009662632025288864,0.2140987782276652,0.02298383533385309,0.16213253894746738,0.037462075749585946,0.3066717910130079,0.005948369752796063,0.3001735478837036,0.006616882527393474,0.32964627032718885,0.015555034828291035,0.3166720679677103,0.025731907313668204
8.406688894800027,1.2541264869910134,6,5.614685181060747,0.008423405617384125,5.615772619769218,0.009477796928801064,5.610653158413077,0.021067875834702522,5.616732020952948,0.03440147675333425,0.19456919077961637,0.00853061362406554,0.19726423956830988,0.009496605367871901,0.17098278597657257,0.022332943296040297,0.22407793376459614,0.03661989545554069,0.30217440860284833,0.005855596826163163,0.30207596507047607,0.006555448759208647,0.31670189485749395,0.014859989741919398,0.2471719788568239,0.020730499794956822
4.595939318140154,0.5293288979895526,6,5.59086560327775,0.00875990896032545,5.591320762438381,0.010068555366632374,5.599734092682309,0.020729030274352637,5.542816118554891,0.041517432724278214,0.2010262442696182,0.008726918980792791,0.20751436542441076,0.0096591523659541,0.18051206876333062,0.022303925599851875,0.15364161093363432,0.043447350068040035,0.3036657017710593,0.005980113879517516,0.3019435150070602,0.006607458679574555,0.314279854040461,0.01584523353090545,0.3031171606985337,0.03193700202969898
14.422259690152714,2.2374186301892105,6,5.603447590086655,0.008539206805306017,5.59634263334648,0.009639432723018143,5.640572219218528,0.02066780542800959,5.574325756969232,0.041173330515882116,0.20234058932260962,0.008620693862359979,0.20099379731208247,0.009741662660813126,0.23568342550493823,0.021466543449140185,0.1154170633840299,0.04081259157299885,0.29473097101658047,0.006050582388672648,0.28848034483767315,0.0069188140016150645,0.31522574651059293,0.014452010768000722,0.30531088163206843,0.03502411207239661
4.667256595173967,0.5429833359878623,6,5.595016893179074,0.008743193864550743,5.593705293594649,0.010067395162614727,5.5958087943026005,0.02008595306929925,5.607802887622073,0.03729048398791713,0.1841619803123553,0.008965672115387896,0.19093515071315392,0.010369819626662016,0.14968722083214325,0.020473031715228966,0.2120359215042814,0.0360092326767634,0.3029045975193203,0.006189696338273376,0.3033622482405928,0.0073189884355971,0.3068975801986458,0.013147683553313158,0.2830302821503423,0.025422782778188158
7.575555308168987,1.1010462860434969,6,5.60388344405048,0.008230320905896222,5.598738514713509,0.009547570054366954,5.619836013148625,0.01960647791158279,5.634901547771416,0.0340850950013073,0.19980280139052764,0.008153759239841839,0.19513994963680556,0.009477561811885868,0.235228323564333,0.019303850915756808,0.16176021311043134,0.03162460274317315,0.29270372260948513,0.005556568652157164,0.29469306445859533,0.006320478620176186,0.28670789213559045,0.012935496293416194,0.2735583398612313,0.02291367464693332
3.4660456527926726,0.3206421936782526,6,5.595065501426204,0.008580911556865916,5.596858698147932,0.009868713153465549,5.584000458360383,0.019154263920562083,5.613760546815707,0.041896918688411056,0.19666998480498596,0.008465664280476057,0.1930818235290445,0.009717372193629198,0.22025048851317056,0.01896421268898283,0.15097112627469675,0.0410995495984114,0.29669408917195167,0.005959759933549741,0.2972576708987777,0.006808469538417956,0.2967049424387288,0.014123115209202779,0.2852968277476862,0.026301482291227914
2.84421361538989,0.21710008031749797,6,5.608995700425653,0.008572505593954489,5.608356573126123,0.009848920920946561,5.61187725418396,0.019792026555150572,5.6100542493801395,0.03626082690231078,0.19932747523286642,0.008557634198378359,0.19476563977945108,0.009770548857376478,0.22112401926159764,0.019914750692486088,0.18754718944899143,0.03938838763558414,0.29618739479178025,0.005880745053017825,0.299824912077379,0.006788339407986939,0.2860481173928681,0.013554704549326705,0.2776583171420776,0.024123734922827798
7.219737407926004,1.0342841482727745,6,5.614878621801105,0.008533005236825578,5.625122001310109,0.009827010953031736,5.579689275165095,0.02009383501150762,5.595888762003902,0.032599141851894366,0.2017762865786996,0.008629913689186159,0.19785018789871614,0.009854707277888461,0.20809421549505136,0.02074688364452983,0.22853259578130705,0.034806649901206674,0.30071506402284076,0.006034660329769708,0.30363521581805336,0.006923248046022869,0.29639768308283093,0.014346576859672736,0.27273157543878,0.023649035673374032
3.936561480644741,0.4052943478956926,6,5.59905375301167,0.008817843971698045,5.600854425195912,0.00982605381951336,5.584454038909243,0.023029172209868148,5.6139719618990105,0.03989237113616263,0.18922318596642396,0.008818697560517908,0.19205285853062015,0.009862781621226637,0.1608247041836987,0.022548150802031475,0.22824811962692176,0.03930950776680008,0.30071246848319166,0.006176773037207494,0.2976032165804107,0.006932070313457054,0.3132897621974386,0.015587855367031622,0.3081831321018153,0.0268594532110351
16.06391749717295,2.472558448625698,6,5.596824707866661,0.008408580542547225,5.608140843035248,0.00994187185542742,5.568111007093597,0.017260886885043975,5.5555346674935375,0.034706774184782005,0.2074378593874529,0.008664881087410934,0.20191668671508778,0.010228997503192325,0.2089416940225268,0.018118738844017795,0.27647949516973647,0.03329652676610525,0.29799301414818197,0.005980597258327562,0.30704214419439596,0.007129895153187861,0.27105999219409627,0.011624059141151614,0.2674646792651055,0.027073071689722193
3.0793894015514525,0.25487620485448853,6,5.612029110304351,0.008582256014384896,5.6156551082530415,0.009735347101670561,5.59893114189247,0.020037368075073843,5.611720269767121,0.044362573847624764,0.20413861394951419,0.00856178285028045,0.20352653860808287,0.009528288894023577,0.21095388222664765,0.02099884855437345,0.16236990480138377,0.053422263859038595,0.3026478641638517,0.005813969008130565,0.29927457726296125,0.006580782213329914,0.31007119264434185,0.013405160220575705,0.3457499173092441,0.0346905413383578
7.333737825072603,1.0557494222078954,6,5.610130266379409,0.008735510818799478,5.612066394136926,0.009860758555739204,5.598577409003733,0.0208615419485072,5.612241469857383,0.04214695036367235,0.19545777121228322,0.008777246453849828,0.20094937405624702,0.00988391462104625,0.17856282913162125,0.021190335512702514,0.1709460565614731,0.04356462752639325,0.30015952081416797,0.006110685725896753,0.2942713562723576,0.007047631003066821,0.3064869775326968,0.01389663185810664,0.3619875738693689,0.032035093812903565
7.62539018499956,1.110340411639376,6,5.6036667393303095,0.008644625939641373,5.5980637069242025,0.009815999869679314,5.619145165203506,0.019782666543375644,5.63943794830011,0.04256693118440051,0.2002984799836375,0.008527170683528562,0.20878403261284884,0.009584901908719058,0.1675587096932525,0.020398089915733175,0.15920517644614002,0.045830761376964964,0.3060423041875217,0.005854152965044998,0.309677413047542,0.0065607127990387915,0.289346799936581,0.013665013614060553,0.2937787712584507,0.03427466567084479
5.924707967860741,0.786325094450487,6,5.604887238086587,0.008418935052711216,5.6109118165326555,0.00977058614059483,5.588400176863995,0.017934630333054348,5.576276414200245,0.04088094575251863,0.21400146632970496,0.008314845054754175,0.21587148020894295,0.009693684630215828,0.20003719706416226,0.01715356589275346,0.25104314686534246,0.0410717516046191,0.2934193834125021,0.005753948682591172,0.29629561128787285,0.006649556412191183,0.27593533377415463,0.011788845332549243,0.31428038474579956,0.030398218543868476
5.62696816487005,0.7286012433513559,6,5.600808788942055,0.008428657358042555,5.602038831711506,0.009580911243526148,5.603178829530199,0.020552348425642592,5.587237817291746,0.03451317381135418,0.20012459272436015,0.008360965775666591,0.200792103254425,0.009389374627377881,0.1929286166199154,0.02094793339781599,0.21265996430970482,0.035144579741849875,0.30194377040451403,0.0058076280491332075,0.2960182205417769,0.006489433539792358,0.33107183787080735,0.014686750970515805,0.29058760804402994,0.024615486548943067
8.19709902528848,1.215918159786299,6,5.59500128104391,0.0083068815470813,5.595602404822571,0.00943302987279444,5.570719761925348,0.02139699394029381,5.638453267302196,0.029781124154182846,0.2118437122017924,0.008453033218412944,0.20792819293852274,0.009530721220714872,0.2321540455192348,0.022604387656849554,0.2144812559797115,0.030780511322553643,0.29786693117630403,0.005897098594328194,0.2961202173633336,0.006613257003928586,0.3180463967261074,0.016136219775279362,0.2701689015472453,0.021001808850232583
8.727991329185897,1.3121681557366376,6,5.589592179516161,0.008650577022281386,5.592317335444007,0.00984441247514644,5.571474986374205,0.01967630075465848,5.61209693547032,0.04158926882280157,0.19789591009331065,0.008745534664400968,0.2024278961466661,0.009861119836754034,0.19866389131395323,0.02027060786102615,0.13350905599502377,0.03852527578336382,0.30554463703477613,0.006088072884423593,0.3094342415097414,0.006875971107813746,0.28014004752445704,0.01420039112572326,0.32203385332403933,0.03160736287093437
6.749683495945646,0.9450800958328164,6,5.590813596258203,0.008635500196558907,5.588555688775962,0.009830312678413682,5.58862295858049,0.02071294917113559,5.624621489714849,0.035742201511344524,0.1993495961065375,0.008545035962917618,0.19809415002229058,0.00978945953381656,0.20104855514213021,0.02020348437384971,0.20111339974965836,0.03289356473400827,0.29803931692519203,0.006086664824513154,0.30147847321869037,0.006940651691650528,0.2977808283409841,0.014258302311483556,0.23712338881188524,0.023234727577341546
10.70966995836352,1.6557390016428495,6,5.612907143328832,0.008749838321147304,5.614336328671636,0.009921345487347872,5.631730752181359,0.02282961859444561,5.562541165867664,0.029709832089638198,0.20022990225472262,0.008516532148900437,0.19566954313182156,0.009642872544242096,0.24055609029064767,0.021496259150270574,0.15362936280577721,0.03104006484496791,0.3005498118943438,0.006015582313679068,0.2997823218767981,0.006847685760271484,0.3113347042320366,0.015481117974236997,0.2658228652991575,0.0227713640553222
11.05852744821459,1.713697337371088,6,5.605126395955598,0.008432667427874962,5.6040595697304925,0.009690164646432829,5.617996648387091,0.0210115551738703,5.578918357354544,0.029002094668555356,0.20020529483754493,0.008260103213462811,0.20832087771040772,0.009658758701290087,0.17891022010336907,0.019780208344435328,0.16463448307867443,0.027353471416721165,0.2958752122473097,0.005807150503423159,0.2965785102987862,0.0067876279243862915,0.30741268907879676,0.013321148868836175,0.2382064929411882,0.019741556088032693
3.233462894524564,0.28058890791807567,6,5.602401131383198,0.008539959805229555,5.597835702388916,0.009675057661194513,5.61586839682721,0.019743289869455487,5.633465451439831,0.04624488342899426,0.18980975818404427,0.008546672496724113,0.19116343451818868,0.009732200294101179,0.19249431801579808,0.019711316894479552,0.14785591578683638,0.04273431954448241,0.29356732625186716,0.005782366021037056,0.29359198616490395,0.006615754935103823,0.28723440883192486,0.012951648407570912,0.32299723096780214,0.030266189908364004
13.272399487686926,2.0651534310433606,6,5.59256371519135,0.00859233978949549,5.587463576103078,0.009551946975853787,5.617586388572415,0.021200436874450945,5.59597688621253,0.04652078034025921,0.18412683178583023,0.00871223438173938,0.1929664290536103,0.009703074199534065,0.1452104061444767,0.021176771151449378,0.21213651815462986,0.048814145640524394,0.3030130917229559,0.006064630039171934,0.29402754391793123,0.00671682421348638,0.33162058620692436,0.014798025555376838,0.33310395801416115,0.034854846394804906
6.093455057387473,0.8189707521353792,6,5.595664825755867,0.008683372090874147,5.592345632598777,0.00989266172510102,5.603680107556351,0.020508078840905577,5.61206022224385,0.03727111207773603,0.19291836026038345,0.008663296351722718,0.20128632713733885,0.00974676837218761,0.17343571758154955,0.021050251085029444,0.11527567335200009,0.04047965372409261,0.2998540472191066,0.0061385882500189426,0.3016495968963656,0.007007182840720171,0.29125409510949024,0.014017822867272921,0.2984916231406064,0.030039109467156214
3.4429987346957205,0.3166128613645702,6,5.606912478438058,0.008491080890635567,5.600634825982553,0.009719073801230726,5.629794868294143,0.019443672637054044,5.613630628431254,0.03772788960203419,0.2036191259338924,0.008593812422895792,0.20646572821081272,0.009792327330706622,0.18818029935595604,0.02078230772421094,0.20946161093199073,0.03334250322635991,0.30336291633305656,0.005885727501611506,0.30249397659861615,0.006737544663621485,0.31099982154432576,0.013321604531839745,0.28552814172793295,0.02375829255000185
6.849266563760466,0.9640670936944631,6,5.6010270140702,0.00850662608981523,5.60798631565861,0.009821376914307746,5.571287415069581,0.018905039766447432,5.603160746334254,0.036561929732578914,0.20558856828852387,0.00863195173178949,0.1975587379746185,0.0099120852833989,0.2350901485008805,0.01934115323574883,0.21475510488078242,0.03847067865274539,0.30260482282422285,0.005991371556835515,0.3055572111480903,0.006812538592740202,0.2888154545269305,0.014439515107028598,0.29151977358823183,0.02425782055642012
5.471082790871151,0.6983495627109121,6,5.603459788357882,0.00862355261025504,5.603268195505073,0.01012051913714831,5.620347517970269,0.01861156635283595,5.5546463574563605,0.03298103742670312,0.21040272194922474,0.008474641034606718,0.21213280967174586,0.009872002013728494,0.20612434889494857,0.018306039739443787,0.1999646058521717,0.034540600625332436,0.2994743566950704,0.0059698261356066285,0.30490953069391025,0.007141835486808794,0.2817108371213745,0.012124609387222578,0.2925751012464378,0.021557036238396225
1.7350349503103644,0.07227308246211245,6,5.597284671496353,0.008324102007258987,5.594257532339219,0.009251888308976,5.6051247621759055,0.022336398343806078,5.622241605252524,0.036128198853521,0.2001608877596208,0.008265312125247047,0.19725516345367186,0.009242166186919743,0.20894907916967337,0.02203583876130806,0.2177609669524715,0.03388062947989939,0.3062074140874425,0.005607151871352594,0.3060902604451521,0.006297608806953642,0.29972344892276925,0.01497981378620914,0.3171980404242383,0.02227285136681248
6.707103742286563,0.9369480593931053,6,5.593631372889244,0.008835099144952493,5.585352030140588,0.009886698326222649,5.624159032065553,0.021908543135282857,5.626526885659723,0.04197603125020416,0.227273544306687,0.008816936082675487,0.23405651495491886,0.009941701892201504,0.20424885955232958,0.021142623015791794,0.19017265521978027,0.04147956635679811,0.30786112575771307,0.006017234645907961,0.30419268711632513,0.006816610321828754,0.3183850475692147,0.014170884864125568,0.3098752627737022,0.02837584756823517
3.718394658251782,0.36552120952452394,6,5.599551508215602,0.008587340456411359,5.597034347100362,0.009697389602528741,5.608992610838153,0.02024534450979748,5.607980649833077,0.040845192162493285,0.19909723445488606,0.008707337487119101,0.19169633578872083,0.0098021821520467,0.2334267311251435,0.021344635697913172,0.20027727062754233,0.039289775196786635,0.2975314096236049,0.005799742113184471,0.29614834079803215,0.006560167763313859,0.30326730538387786,0.013716528205600263,0.2917740569392326,0.030151580546157783
6.697894848664873,0.9351882676478964,6,5.611738591254218,0.008722200482716219,5.6089005382977595,0.009816590374444345,5.604514452825034,0.021769754094576956,5.69210297704162,0.04565928141975447,0.20252311001514173,0.008540571521393325,0.2035473282448045,0.009672552735587491,0.20443783747550623,0.020656020945659284,0.18696325420380305,0.043160591807357214,0.2964563996032279,0.0058837274541769236,0.29598690254456017,0.00670593375696365,0.28689640601464617,0.014056038382115754,0.3446093300102511,0.033933979150714534
5.167740237724502,0.63951741146315,6,5.594709537876283,0.00863512274548219,5.599809017986674,0.009721058028905416,5.564810428855624,0.021904064649103903,5.604175857278549,0.037220708999806056,0.20718542750220778,0.008512604802855775,0.2028495902016026,0.00946179901844388,0.22893637059988137,0.022912610095342702,0.2098751486622894,0.03685457042405564,0.29759476795870526,0.005815295017934246,0.29653398160137173,0.00654002081337336,0.31134085150233637,0.015128538423346,0.27579030140181,0.022738165228740677
8.526658135349862,1.2758740707679679,6,5.600304022229476,0.00856301985728053,5.596939623762445,0.00962186603738386,5.617809931401855,0.020344469373136647,5.614224456575945,0.051521083580810444,0.18561551092953704,0.008572119559049208,0.1887061037565506,0.0097435675346228,0.1818380037803603,0.01907256519131604,0.14329176524934414,0.05269863397328274,0.29957996090714917,0.005917902018548456,0.29889011348467737,0.006636184623920616,0.28623511134605767,0.013688255317994882,0.3745450856105066,0.034700021825932174
2.9186715420655673,0.2288531623546442,6,5.603346291493569,0.008652956271447451,5.603443018972384,0.00952906901134626,5.614814000578118,0.022904421367004768,5.544868591214483,0.04828834528812958,0.2040107977731585,0.008743764359109162,0.20676628814732526,0.009613538731483002,0.19118183112635367,0.023608291945141486,0.1892631089329806,0.04743531993141207,0.2966277386255741,0.006074018422752267,0.295060506857826,0.006713300966101368,0.29990553162037026,0.016080727712797192,0.32791757854697773,0.03297380825677825
3.032710935760406,0.24723002695903254,6,5.611509818614016,0.008533052454702475,5.615090827265232,0.009782537308179604,5.595987606406947,0.019855352381403603,5.613518176628872,0.03667071766191543,0.19849044221542325,0.008658099897993673,0.20446334100949742,0.009786926120134359,0.18279049221710508,0.021136619096149764,0.16080529069953708,0.03864096017820896,0.29451050527501116,0.005942696929852993,0.29576579947425063,0.006743239482537549,0.2882102906962417,0.014732108684295878,0.2850586750343126,0.024578449879817898
12.777483185884194,1.9889310703469016,6,5.59401060747768,0.00829107208030347,5.594991257402015,0.009257788269717388,5.607332731271338,0.020681807759818586,5.520596645058233,0.04071719082110947,0.19607843472993647,0.008374708049283044,0.1865578221302604,0.009336493232509457,0.21735163152459794,0.02105329285167944,0.2922018274428377,0.041736327221902084,0.29431179848243294,0.00560657487044118,0.2911485382624524,0.0062950557683802855,0.31023567303253463,0.01376270933065895,0.27997321500875477,0.030468101674008125
12.166146890536766,1.8929594164972008,6,5.6140036003686244,0.00829247104871833,5.603904952793971,0.009369003844138583,5.635875584037435,0.01940255130586293,5.67875620770021,0.03909712620515862,0.2058644002809954,0.008374397489599813,0.20237506799400765,0.00947598989248513,0.21130871638947726,0.01949937341970859,0.23199282431082668,0.040175599336693554,0.29950002065884235,0.005763752857623633,0.29477890747729824,0.00652854827830318,0.29889572409785226,0.013070386704810625,0.3581895104755953,0.02865313968827855
10.425568448627018,1.607992163006112,6,5.593332484549787,0.008516042238084926,5.591011260868869,0.00989573873167002,5.595030656448757,0.018642530470617702,5.616258374917207,0.03566451428283857,0.19254363271212366,0.008513036707217128,0.20199663604337137,0.009916406863823458,0.17668952456581177,0.018383225089808507,0.11953149444590912,0.03637814048333651,0.29588718333469494,0.0058006600474296505,0.30222028797413536,0.0067463304981982206,0.27118427449904137,0.012648144407481623,0.29475512461180375,0.02346084722482045
5.011286124659819,0.6092384447858518,6,5.599493367275984,0.009024328551702987,5.600696069254,0.010387017571301605,5.609262965669749,0.02009010911504324,5.542667215408845,0.03909130183389985,0.2069824963935883,0.008898263911339492,0.21138136432915552,0.010209874415787964,0.19701897500083948,0.020268335782959314,0.17532307627317256,0.038758653909785876,0.2976436712642681,0.006290709229503385,0.3011889909287203,0.007152773106209188,0.2814568169342892,0.01459721065780377,0.2879460492246851,0.027733992366288207
1.223431665028329,0.03044577939787919,6,5.599501986519431,0.008498668571860244,5.5967431169388515,0.009692545129876464,5.612080125775819,0.0204659168762133,5.607019080978219,0.040038177881045654,0.19330575361685554,0.008310758490643272,0.19203561880495598,0.009480153133688591,0.20154831474969495,0.02002448584065797,0.18212948337925605,0.042239304648420635,0.2934038773523712,0.005775411549817208,0.2914436916452409,0.006764653171807135,0.3018949273066223,0.013728889869474955,0.2922545100399652,0.02458368736380681
6.820201279959292,0.9585300386080805,6,5.600863355589982,0.00847747862151655,5.60029782702188,0.009614161683246978,5.6134277520598514,0.020418945343368793,5.557338889340666,0.03527857442973057,0.20874615010439135,0.00850765492548874,0.2019492320249826,0.009617217302726608,0.242270449899973,0.02019797074955282,0.18605795765625516,0.038252542345516366,0.29730563008113714,0.005773043575447736,0.2969710876619448,0.0065290345971278025,0.30341879627000473,0.013482137299285536,0.26051568308832,0.02744331055439201
2.130612765729893,0.11644157184649923,6,5.593622457414948,0.008353993367246257,5.590362171613462,0.009252287778693151,5.609844650691016,0.02113961584888174,5.585281217386042,0.05092563110214482,0.20281453538297323,0.008380289029775511,0.2020779646864338,0.009196932789863825,0.20488174466672457,0.021910789269851023,0.21995926277284547,0.056415872603494,0.2954340594938562,0.005857805216958322,0.29264297955160407,0.00644502914812781,0.3046051937937506,0.014874848182570425,0.32980383843725014,0.04103660602938434
5.50983733026078,0.7058707358252223,6,5.611472254647983,0.008342425155662464,5.608899847742964,0.009729884556112026,5.6289361172315395,0.019996813352525192,5.587882430297856,0.03293697642335094,0.1957938385416425,0.008273894919110266,0.19223233312601806,0.009487124460850989,0.20124305177636553,0.020742482793208724,0.22264823575126888,0.0299283879118645,0.2874918567866495,0.005745224224750803,0.2885202057825132,0.0067442717005029565,0.29519738170144044,0.013818819611523512,0.24839179967609498,0.020623534810978804
16.535432468910585,2.537926653006645,6,5.5901304582085105,0.008613940343893442,5.583332064600286,0.010286066405812696,5.614533716864389,0.01865533222309118,5.585954815349705,0.02696162770974323,0.21246577385602994,0.008616212774427236,0.21996967169896642,0.010139456604734991,0.18974243425000198,0.019198061105288485,0.20570445949631863,0.02750983225941221,0.29996574146628613,0.0060339696122237085,0.30951513574785633,0.007044627294057025,0.2841813650908233,0.013813363426213001,0.24023726519119315,0.016768516787189863
5.502942758088466,0.7045326832882142,6,5.591865943562628,0.008755813382531565,5.602277494506174,0.01007572672410302,5.558059586888367,0.018932483291974195,5.5781736345024155,0.04054210054188063,0.18934567040975023,0.00872334752981997,0.18446443124154066,0.01004557659154499,0.20403707193778842,0.019600278199930994,0.20614195836850216,0.04270337578639936,0.30397561644407184,0.0061047458337648,0.3040071350184156,0.00717821874266549,0.3038690722065507,0.012795303003206918,0.2916782628750628,0.029835782068505422
4.194965433576726,0.4533300464788129,6,5.591259887307391,0.008659770768583059,5.590617785303993,0.01013370519191443,5.589135764044968,0.01798993618981347,5.604945498658973,0.042205987462100567,0.18880721788549681,0.008592748077707567,0.19054486466190307,0.0100251084117622,0.18839812608006182,0.01811348830969012,0.16582922707237396,0.040421518006917574,0.2897937107812529,0.005978305403053585,0.29554387716369485,0.006949990797634468,0.26707016653651705,0.012366408252560218,0.29504568666960507,0.030601518189266465
7.680665561609203,1.120632503483528,6,5.604220880550905,0.00878573139682311,5.616368626021272,0.010031110178534438,5.560956644685711,0.020667872275513532,5.581038561525152,0.03740168325749132,0.19239609203567326,0.00888414951614368,0.19234386780037738,0.00657833558422887,0.18252731933038607,0.02258888044875455,0.21371733586018757,0.03633356977028605,0.3006039088603911,0.006090730100715538,0.2997167993340834,0.00039676957574056074,0.3127859193674309,0.014813369193729808,0.2949223416951847,0.026368365369599973
11.001907315512653,1.7043404489919483,6,5.59881678311784,0.008733956117318356,5.605151685274675,0.009988869274192423,5.5634605837428035,0.019202037718546755,5.633375395858879,0.03761954346322267,0.19370307220033342,0.008651523218299366,0.19600159266815947,0.009811070617713864,0.18943148558704095,0.020355485597617493,0.16416016740435685,0.035794168434841796,0.3014143965079154,0.0059301919326022025,0.3078255358437138,0.006772558914396107,0.27889749523780266,0.013683444229599622,0.2570660553179102,0.031582022037985796
6.906529369734926,0.9749643601854104,6,5.597759579540172,0.009029212194073898,5.592228000463877,0.010221268276775242,5.619992090240656,0.020294839791746386,5.5709900857002665,0.03766605543206225,0.1905679443033655,0.009008179897795888,0.18655219770822185,0.010156092238484845,0.19969998621007543,0.02083297595015882,0.21812966483886442,0.03802632268636202,0.3092418562478946,0.006274724962987179,0.31209262926743725,0.007073646704512184,0.3064874504351738,0.013977684510366012,0.24431819834773796,0.025511376940441685
26.047774919861695,3.697042543607703,6,5.596695759256939,0.008713095728835997,5.58341489401834,0.00972700730201794,5.6432341586372345,0.02209538643026777,5.658954380584622,0.03841595619293792,0.19760453086041918,0.008645642217227148,0.1950779421166592,0.009672888901324315,0.23743228065672994,0.021087687583254997,0.0648364330388708,0.04163710534839279,0.2985469558471937,0.005989450309556643,0.29191532850972396,0.006631132748156091,0.32269551061060947,0.015790640059523395,0.31219310673016043,0.026757622358715916
7.449378598481417,1.077451626391862,6,5.596763194091131,0.008432361985629331,5.603496536836686,0.009454263291606068,5.5542192271724256,0.021419130472289608,5.621960904572073,0.037849220957588844,0.19577497834805396,0.008322822390519754,0.19224406823458626,0.009435012358636011,0.22045135721845008,0.021578481977015656,0.17630153565737489,0.04275700708790441,0.28958208858367634,0.0056205160832239615,0.28714452762358306,0.006523202166052618,0.30140802869057093,0.014085300924243115,0.2874225127698404,0.027931861086400826
0.9337157198751811,0.015039543525812646,6,5.608596198414505,0.00902332889823458,5.611833782646213,0.010109897048563314,5.5996653002054515,0.02100410665045437,5.583370444742339,0.047382101807313406,0.1935492159170251,0.008911742390462942,0.19385281499599216,0.009963083508759558,0.19737427382542394,0.02063804616961554,0.17046077032191975,0.043545414240661474,0.31436876174954276,0.006120174264450934,0.31376400673491206,0.006811653562524336,0.3159004899089625,0.01412625153087507,0.3233668739565948,0.02919758371228365
6.320244595815893,0.862725483035747,6,5.610285531766458,0.008692860110644563,5.611819540701675,0.009955624996616244,5.608054148035757,0.020599561996124345,5.605308359603724,0.03394400043180493,0.20086418314323146,0.008578755130604292,0.19572046216420866,0.009849532901700845,0.21219561477725424,0.02024880280944465,0.22198733342160049,0.032617050408092936,0.2920208428799122,0.00614609425890928,0.2982143606185869,0.007020193898043899,0.27542021819709694,0.01444501800464849,0.2467453440474977,0.02508350766340384
13.149058803071966,2.0462781610134337,6,5.595323209478214,0.008647750185962005,5.597143158163924,0.009865819219210405,5.598264119763187,0.019107338821786467,5.543881847739228,0.04579679213889456,0.21007069162524472,0.008629431860389716,0.2142395128304492,0.009700693838546937,0.19309543471358814,0.019621474651537456,0.1896074686629982,0.04760489681114024,0.2984189498244686,0.005915653955854237,0.3020418070864759,0.006640885105175056,0.2609791970913442,0.013519997695857188,0.358129037570554,0.03186433941703753
4.186896490646177,0.45181716419321055,6,5.60204360001698,0.008656853044483274,5.600460589860644,0.009678569743647334,5.612879439696098,0.021440668607558215,5.5969689688910105,0.04516783628023837,0.19347447490081568,0.008641660861409104,0.18692662272760796,0.009637898461850194,0.22210872059227343,0.02176008115128031,0.19394537338626955,0.04025397458251697,0.3030716671028528,0.005827579934892542,0.29926048718246895,0.00643317612054665,0.31622961177898723,0.015399332834879008,0.31640611007956,0.0268854045830492
11.003829042849247,1.7046583434139801,6,5.608507220839148,0.008609490923837613,5.60181355672946,0.009836842013334615,5.6317761402624535,0.01940503291927227,5.637176635282867,0.03777155841535867,0.2024522446549729,0.008693536196970384,0.18997871821407852,0.010136428565163452,0.23946939126561353,0.01858849669970896,0.243602935183983,0.037316452077003855,0.29829994103731305,0.005772559222491562,0.30131635564380455,0.006700186210458023,0.278817511704015,0.012528394944274322,0.3129261792149234,0.025727668609763832
2.7072786260105204,0.1960298226191556,6,5.600730130339157,0.008300005441174657,5.604310375239672,0.00952924623176775,5.582655628357083,0.01879776600068513,5.626085738833321,0.0421287255374578,0.20537890383107774,0.008579964650337205,0.20246557509334728,0.009953748741907222,0.21201416864189257,0.018617097121917406,0.2230501831764595,0.04533798774918146,0.30266506351243394,0.005875166663562084,0.30228448275444014,0.006644027641351196,0.29790238304815747,0.013454017834517102,0.33177553791494585,0.03187489896301677
2.712509513599798,0.19682114243510165,6,5.592867777813419,0.008774586645005217,5.591828646538054,0.01008950008600139,5.606533582530411,0.020223315524922694,5.564041336232965,0.036829328571202115,0.21726402239890238,0.00871131381491265,0.21951178833831764,0.00992994638752887,0.2216540853928648,0.020673011208672296,0.17338597099703107,0.03709135419155645,0.2966050615352515,0.006078941476939746,0.29730060961901,0.006954784964848336,0.2929172800637287,0.014393245136740484,0.2959148131010149,0.025631898288808925
8.009271456845454,1.1814478927448844,6,5.596809682021249,0.008817713489701352,5.595623367399816,0.010306247838986373,5.606945029266784,0.01981801881742601,5.5795093802253035,0.029376147067116807,0.19852671492170204,0.00899984182043228,0.2021012160402431,0.01049584187603546,0.18850318277810985,0.020373100402725376,0.18697487538283142,0.031356834006077625,0.30802131667116645,0.006370548138390151,0.31570417798194994,0.0073410661693132815,0.29059498783437837,0.014406097038980164,0.2540440030158629,0.021675924545909917
2.859365431490005,0.21947543009084178,6,5.614625972257019,0.008699227167623046,5.615478944296066,0.009851160287800165,5.603720378422821,0.02057225365691512,5.637129515415646,0.03651851620524211,0.18623332418040123,0.008667443062091502,0.19032898041266802,0.010060730181675304,0.16424825312047206,0.020426474090216938,0.20365343845956552,0.03281521132913594,0.2982032115695823,0.005928448761178838,0.2999837863826721,0.006733561821454959,0.2973445715232358,0.015186955597984669,0.28417804195006,0.021964630482426386
3.772672577499179,0.3753397943194489,6,5.593340012571134,0.008954762312188048,5.590886215831331,0.009978609841935973,5.592565963748763,0.021695491507408005,5.634519248620422,0.04117936719175944,0.19499573031508735,0.00891283472470333,0.1915469848449287,0.009937722841713044,0.21000666666388124,0.0218111516518894,0.2039097215815675,0.03901551665732451,0.31225603098472277,0.006226075443248037,0.3071815764514826,0.006986052394309878,0.3300856817493827,0.014464344702891778,0.3157353214199796,0.02733203808486505
6.128141257315292,0.8256724847576193,6,5.609626361807338,0.008482504843364068,5.603093273773098,0.009796509181726813,5.619874316585658,0.018759773633918196,5.66091045590522,0.03862826478798261,0.19922034097855618,0.008646846218692921,0.2041423227408879,0.009918602566213111,0.19023685138436333,0.019139388307328465,0.15396540938385211,0.044922505308680014,0.2964543980710577,0.005974711269693541,0.29695157030745467,0.006854106649936135,0.2832558814317466,0.014118867833951323,0.31817483979317746,0.02906201297723553
3.465283549463493,0.3205087545201158,6,5.605443188889697,0.008356527437455373,5.604627723632375,0.00941144904007252,5.604869534916241,0.021374050585808383,5.613629263925888,0.03411311177545342,0.18284459818597937,0.008355883409881606,0.1811339492743198,0.009367036503078038,0.16909751191712816,0.021619389192314244,0.2425423410903946,0.03509871285658751,0.29257075912721014,0.005633679407160997,0.2919182717084437,0.006330021055970814,0.2940982768207707,0.014569438101248342,0.2937883003522089,0.023634734803884113
11.752107158390572,1.8267786941872726,6,5.594875245604845,0.008604885274685604,5.590032661179025,0.009832341319190325,5.601476168913643,0.019821291766145784,5.662023171781459,0.04263429611881808,0.2067613426037688,0.008717465824823032,0.21632030695073512,0.00989302094345232,0.19528917181483,0.020636440386868172,0.10430890041625172,0.03669325979380578,0.3005773213726566,0.006069439993122133,0.30223068125341124,0.0067924965179549214,0.2945748553199638,0.014485918252252575,0.2917013860362577,0.03143936813738986
11.182678064709762,1.73414708807123,6,5.592718052027718,0.008706453121034945,5.586987795310502,0.009906899106238858,5.600764403805075,0.01981805953847704,5.684438233752426,0.044826160621042034,0.20104956189359713,0.008651853003947281,0.20988637128906143,0.00977817128631027,0.1555105199186859,0.02021812697258874,0.23099649938700875,0.04528912621428726,0.2964276990024108,0.005796654514016726,0.29456541728111346,0.006619183271222422,0.2985172226448931,0.013693276224762041,0.2935131930631792,0.02956205636659946
5.686079540522769,0.7400697420338672,6,5.588921065633039,0.008549654767521106,5.586258975231765,0.009652425540549257,5.611666447604689,0.020297042283814175,5.5341297003410554,0.047815743699690924,0.20017447275763997,0.008725100415959487,0.20595772942795199,0.009873155988612442,0.16945287427780842,0.02057808541329076,0.23118126110849505,0.045835258308482826,0.3036668056292475,0.006072653733208271,0.3050001127780671,0.006816311857020921,0.29991270142576276,0.014578513668363284,0.3079384844066239,0.036070661842508706
10.193906257831259,1.5686901801295157,6,5.58412850024472,0.008933226679762839,5.574973064559615,0.010333322358488948,5.620026304977378,0.01935130255806956,5.5871400590743425,0.0415337473847173,0.20509861963767972,0.009058446692280259,0.20794598646850293,0.010537966969388178,0.1958691844303421,0.019265455660162693,0.20295995323631974,0.0400177070241667,0.30646074543331636,0.006196177536929228,0.31427250552973973,0.00718998943863277,0.281038238524043,0.013052756883006623,0.27374030237882613,0.027760320794510247
12.67268300204887,1.9726236216069573,6,5.597759135971495,0.009122179407004048,5.603585323804443,0.010280743813204816,5.5679172456227555,0.0212724484014391,5.603605602593805,0.04554941952104682,0.20856438630022547,0.00912819078395369,0.2149737134011104,0.010395908129943218,0.1774815262509057,0.0206374266286303,0.23143903757217138,0.04234253282003451,0.30297922668507027,0.00641817816538779,0.30488472720358256,0.0072148365892677965,0.27226363494515843,0.015025720837664075,0.35855580536432197,0.03243771757392077
4.168692904830095,0.44840689866384575,6,5.581218444082862,0.008791107401910029,5.579577724680906,0.010190357646086563,5.5830121076221415,0.019953287083048835,5.601656069560949,0.034000496133679316,0.19418075638139218,0.008811443358957878,0.19599290371292483,0.010175244878796643,0.18439968059478443,0.020253928475814163,0.20500632497079985,0.033628715949176664,0.30885807332869675,0.006188864814256014,0.3099927239328844,0.0071462365208785645,0.31565447697368354,0.013983000556273845,0.2601898581461608,0.023806416087875565
7.508931944874348,1.0885990785275181,6,5.60697554007006,0.008596872362448726,5.611567678762649,0.009819786925298503,5.5918617850409165,0.021075163755032895,5.597326042626691,0.032173581170815424,0.20281143334903737,0.008655610692801666,0.19624460159612822,0.009849738967585168,0.23036857443220665,0.021418111209842182,0.19766493716845723,0.032263295720959394,0.30037185055132287,0.005985197989600303,0.297351171783374,0.0067093249734418185,0.3234111474835944,0.015571096298155883,0.2697777498420137,0.021596722061038357
5.514045163159608,0.7066873639557996,6,5.6101366816714355,0.008492038530600583,5.610944403090856,0.009785549840946099,5.612311896401929,0.02038113724421091,5.59086585142953,0.030657368220880353,0.21313367023424812,0.008767230975053423,0.20723472656690003,0.010013140168865033,0.2443193182155762,0.021364570977149163,0.192872505493151,0.035044012208099606,0.29260776074751593,0.0059435491453069195,0.2948508781090991,0.006818468341203638,0.2939669583354556,0.014901199729111752,0.2587905924128016,0.020469855254163165
1.1032419589319034,0.02332113871558438,6,5.599767538044474,0.008466044131420011,5.596254296557972,0.009675990116636042,5.61376734144968,0.019789628172318302,5.602050259237003,0.03814616188953378,0.18274436627661161,0.00845540679562927,0.18360693874757655,0.009669222115102245,0.17685646750425332,0.01927182050046274,0.19187155608116016,0.037076118062558325,0.29774312174027256,0.005806555916195661,0.2985965710631215,0.006663270949556594,0.2968051885817536,0.01322531185570043,0.2843344482095,0.02554018235793336
15.64548323994677,2.413762846873831,6,5.601030270930232,0.008526870432052212,5.594439987707794,0.009855783348162029,5.639071772664867,0.019122132606652065,5.549375159755571,0.03180699963298118,0.19391365550855763,0.008328543025005845,0.18803523131321492,0.009658048533218644,0.21804146971247618,0.018436193568179906,0.1764267754201773,0.03233347689851759,0.2940144440069791,0.005751737152331388,0.2972145011879436,0.006750520640641956,0.29542767863234654,0.012454815215709679,0.2287324931896738,0.020668436678508494
2.298970339994412,0.13798421794746346,6,5.602278495131168,0.008740500822010956,5.5980819173517915,0.009971776280127334,5.613624239822847,0.019986432367341465,5.621724083423301,0.04450016572953945,0.2107252259699478,0.008738250390760217,0.21189999784890481,0.010022106835952845,0.2072851126256665,0.019463676333930497,0.21998418274298298,0.04243213917026514,0.3063284566536033,0.006120525085517011,0.30192534934341775,0.006981593689957655,0.3194816968658047,0.013607758418995365,0.3150581086989025,0.03490806896076758
4.401920406788122,0.4923721425658924,6,5.602312787288481,0.008561493111773693,5.600805418149454,0.009739733954906168,5.6069457804926,0.020847956920153135,5.610756598232691,0.0347430142015629,0.19676654503708563,0.008650911095262382,0.2002825291785531,0.009849839816596439,0.17781419743331683,0.020728240297340716,0.21493565470379467,0.03640476951029334,0.29409012838673837,0.006248596023910119,0.29247514408378755,0.007009270553188252,0.31162295111311056,0.015720066002316357,0.25730155530519083,0.024189220999907557
5.378708328935318,0.6804241606387827,6,5.5891310130351854,0.008628684516540796,5.588859364248213,0.00970635860344695,5.594511529896507,0.0212684061888385,5.578681408290832,0.04034063702836314,0.20841111535801407,0.00872873033366311,0.2127175481563941,0.00985352193513715,0.21170718446265654,0.021259905055205315,0.12899827354608925,0.03846278013537574,0.304290924429031,0.0060113714022847105,0.30589126317295484,0.006670371203609082,0.29907505196284634,0.015338830165561734,0.28526685206200114,0.03125940790661043
4.564147012788453,0.5232531168617698,6,5.602044036744608,0.00890215066345343,5.603360231472073,0.010112510197678457,5.581486611718817,0.021459961421558472,5.6497750325730705,0.037493269080738384,0.19243781427783435,0.008925113948981163,0.19604967085085434,0.010178292292978074,0.1862769698617466,0.0208682360103962,0.14633960607988694,0.04190170491975174,0.2961212770311511,0.00593652027626301,0.29462879071525605,0.0068209035261277045,0.30672089175358724,0.01384187145281724,0.28309844096713427,0.023535545262797566
10.165553071696195,1.563857110936192,6,5.593096504907676,0.008600374325336273,5.585720312232355,0.009658229007348315,5.617801733145532,0.02047719118716026,5.641211866214647,0.04555590693114033,0.19323380223785888,0.008561765247244568,0.20188325474742716,0.009720963238711425,0.1813341235377097,0.020033232835586338,0.09807440200262167,0.03956508811244507,0.3025199804958444,0.005997137580172639,0.3002004500481218,0.006803252650543038,0.30473808089399745,0.013539308162628988,0.32087979119027765,0.03160539489261195
11.708889410030679,1.8198143963413962,6,5.595524422845568,0.008787290292451578,5.592535439622583,0.009983794006109421,5.603510329787222,0.019905871239939324,5.60728357810631,0.0468139811161796,0.20760077354927808,0.008810151121831315,0.20082642530614941,0.00997403257382134,0.2370636060657726,0.01978803045556425,0.19959657759107247,0.04777416541243805,0.2999180291500948,0.00618771786895645,0.2973960019256103,0.00704841531124242,0.28921616649331255,0.013081656448501794,0.3908909362860435,0.03473681475197662
8.305666064319666,1.2357439086889799,6,5.599584223466058,0.008311013462239914,5.60642171988586,0.009486299786081063,5.579954804436538,0.02019305799198993,5.574782822520524,0.03256954739476256,0.20292384549747614,0.008367887374280682,0.20209104118491608,0.009672625179915205,0.21995775168893783,0.01897586821324729,0.1484037398144689,0.03408706104919657,0.2928676241633133,0.005621139084500313,0.29183627580741595,0.006520767494732901,0.3059449008114472,0.012614000366678911,0.25766457556656847,0.02295874433899886
5.73857077305729,0.7502511980885391,6,5.601495855032971,0.008892256038221077,5.6018278647173885,0.009969154093285823,5.6174311842416085,0.022179513151734054,5.538027377786105,0.04127891768449487,0.20076722686075021,0.00911397903188862,0.19927460401713015,0.010255395703092912,0.2081380621678285,0.022534095427179813,0.20047062186044992,0.04185506361978896,0.31680762975010573,0.006220597837630895,0.31500232533253975,0.006987831739755969,0.33343321529320513,0.0154809762832549,0.2835644016352681,0.028026365366909313
10.240373080829158,1.576600069673032,6,5.608078605763964,0.00839607752750971,5.61334603233772,0.0095610611862032,5.579263019270563,0.02135523253580776,5.609390062760207,0.04510858160029456,0.20401205713135986,0.008446880397415394,0.21462642845024235,0.009671694834776416,0.1683357823355981,0.02103546684265668,0.15967534302510678,0.03801085626930497,0.2909862143377285,0.00588495403557352,0.28683860504965253,0.006634141249574652,0.3114370875651102,0.014742476090945913,0.2787335329240052,0.02835598155793556
3.0014964945730753,0.24215639541664413,6,5.594656853091723,0.008417203699234217,5.591420730852744,0.009429855846732999,5.604691601736684,0.020446397799954205,5.62269057598316,0.045867692734787274,0.19424719698782494,0.008556110057946374,0.19498911930191876,0.009655135008292045,0.19453549986209143,0.021137963451010038,0.16516018092597726,0.04421054178931587,0.29484201829641415,0.005935043953561221,0.2923126229400076,0.006589767549195945,0.2962728636780902,0.014725334828387731,0.33523009137098014,0.029348800483054997
4.396042871652753,0.4912574972754342,6,5.611861632296506,0.008834454633403222,5.613982492093309,0.009845280802773021,5.5961294966603115,0.02228822685318761,5.647225957889111,0.04223208965393071,0.20786452649327397,0.008777471201232588,0.20453951390473668,0.009798941372689154,0.21611052325304714,0.021898379483083236,0.2486372407873618,0.043463688794395376,0.2925705218101016,0.006132458809663231,0.2897680741571697,0.006759710383539038,0.31070048112002174,0.01581284029583869,0.2607152825132576,0.031656479142542895
5.266270665044431,0.6586145852798515,6,5.595365093674762,0.00843737543824018,5.597222786703015,0.00969906416702498,5.589120673803601,0.01945023639923257,5.580697702928597,0.037137700096990384,0.19984865545748412,0.008292696785826732,0.20182921931700637,0.00957427295800089,0.20481780914967526,0.019807890576966025,0.1532292642603423,0.031972172106597155,0.29221680179718623,0.0057744410732085225,0.2952156616632337,0.006708342078890377,0.29090639676107255,0.013026829795925399,0.2480578736158007,0.022456362716709616
6.187754121841863,0.8371825465459518,6,5.6129762950214666,0.008803982960886142,5.612712624520037,0.009863880978508242,5.6255751679795,0.021609955833760512,5.557521885780177,0.04330169708523878,0.1896771738219777,0.008587878410469256,0.19121158413319173,0.009694986892475064,0.1902838528347928,0.01993957159224839,0.15103991186919039,0.04712470921375423,0.3000493988397216,0.006121260910494935,0.29379853191332356,0.006825717016771388,0.31850149977317294,0.01521523721906146,0.3293619816182322,0.028621644671232394
3.536327239475213,0.3330051306690079,6,5.620486760872721,0.008173460005128681,5.618801538681406,0.009310459144191815,5.622891512380181,0.01834735860488072,5.633829897848608,0.043613000456473254,0.19538596033684782,0.008327162617576746,0.18945045845605715,0.009512585143269268,0.21447573104709,0.019024163088420226,0.21080883323113625,0.040890010548277754,0.29558443108925,0.005748015513810128,0.2935991906190896,0.006590928425162984,0.2934322142928879,0.012564973467291123,0.3342285747080981,0.03135779162959276
9.661614939162973,1.4771158251510017,6,5.607581533751975,0.00912310590626579,5.6107329258133545,0.010782269597666223,5.600507047162102,0.019224324872779544,5.59424014802028,0.03352444565137184,0.21672057678259177,0.008970237265713053,0.2121498109242738,0.010540855160239108,0.21178287504066362,0.018987952540613542,0.2935758264701131,0.03511339359744372,0.3131887895468884,0.006315949744560818,0.32055374920801133,0.007403087972321093,0.2931414483106609,0.013129950495545287,0.26979999903894697,0.025459553554760265
4.104478921450209,0.4364091446562871,6,5.594589336923614,0.008858158383874899,5.595931570444819,0.010051314895798231,5.580149383813715,0.02181041959847901,5.61474166461441,0.036268723349786314,0.19990432916388576,0.008908851910314911,0.19525187552494983,0.010136845466874135,0.21011900095427594,0.021835952726242634,0.21932029197474245,0.035877309656967935,0.30567783312963925,0.006152557834641032,0.30032073783649466,0.006913855977356249,0.32028292012398935,0.014860265392928637,0.3298264906834536,0.02934301602998551
3.8639395267819054,0.3919664864571349,6,5.599287307121067,0.008710610350090298,5.592918957893896,0.010174982343528753,5.6183280154761075,0.01963364027468512,5.628888894092108,0.033099768316883736,0.18474673404859454,0.008890233999479382,0.1850431303077394,0.010396814722167316,0.18201851183959394,0.01962324714901645,0.1893200159758962,0.03364455159760096,0.30352224289831464,0.00619990797316535,0.3075574742343364,0.007177058069765954,0.2851134895774458,0.01413191369133581,0.2986087288816846,0.02317267648186952
5.882490237156162,0.7781481906715388,6,5.612888685402279,0.008511174755596245,5.61859511013269,0.00993026293445826,5.594757196700303,0.018317930547406793,5.584025554329133,0.0387681736829614,0.18845019425507098,0.008614979481126134,0.192354617548078,0.010062687258921637,0.17877706632468515,0.018344301032451837,0.20186658327923454,0.0401037658003821,0.29646077545286076,0.005976602470202267,0.3015513528683239,0.007149830685607938,0.28715875821781706,0.012203422766180513,0.25079064696817055,0.02453784886159687
9.392748862301232,1.4301812356443682,6,5.602922018844869,0.008357760870040257,5.608111634453773,0.009332475296780303,5.601013358148626,0.021220355373420735,5.532568764565106,0.03690543886160489,0.2007056300296931,0.008406941859026296,0.200428126735586,0.009362947405533582,0.1972749102209853,0.021967082979148143,0.21822329925229744,0.03697646441909751,0.30153194752248264,0.005755256704425043,0.2946228167694113,0.006323748048216616,0.3294778387170529,0.015090197564762849,0.31914880967692255,0.025171738114810487
6.001506179396529,0.8011904850927549,6,5.6038894317492725,0.008968191792770662,5.60676272308544,0.010230433338226678,5.575402846560731,0.0206337308753647,5.6491923082303686,0.04253529464646675,0.20761786899440185,0.008909228447044707,0.20428804631274655,0.010276967826295799,0.20911765224928294,0.019865061631795154,0.24872383285349425,0.03894678860056614,0.29766111662337036,0.0063136185081245225,0.3009337809716708,0.0072123478670845596,0.283081445508447,0.014241257737962358,0.2774315745346832,0.03460066149158632
3.7925299344205996,0.37894513705952126,6,5.602381749923738,0.00870437600295359,5.601393656189813,0.009854832781350745,5.604260068569152,0.022092284155840296,5.600180408384185,0.03930622273619901,0.20415193639128418,0.008601570325608049,0.20389794654670412,0.009643696696377494,0.22116531829343453,0.021987999890593836,0.15277678459105962,0.041065986642542254,0.3008907188367914,0.005911288634947765,0.29680661020465243,0.006752891725084589,0.31532717275271605,0.014422901818212116,0.3069616551839627,0.02762994655748477
1.9977139669790631,0.10054869096832517,6,5.587732829808432,0.008879337458974783,5.592915893128526,0.01006514249769771,5.5707179436249366,0.0227173637472867,5.5647410186196735,0.03573996045667386,0.189609281741265,0.008629116000324457,0.18891612276126488,0.009752610238348442,0.1871030842464621,0.022112034234413033,0.20213090832547087,0.03571641136456974,0.3014537688257199,0.005944477655951759,0.29910922472120194,0.006623246218485872,0.3117682386466216,0.016413002624909617,0.3094020430494437,0.02368965745862898
7.765588418085827,1.1364103354689665,6,5.589206897176209,0.009018868906192135,5.59599005828484,0.010309782502083203,5.577846549963903,0.020158678960851693,5.519611170060543,0.043302544176961014,0.20639410592602864,0.009046163645034182,0.20652386977278187,0.010363598993560916,0.21489796595390964,0.02003800553144866,0.15722628231897895,0.045108082572244634,0.3091242005545514,0.006429253242278477,0.3098908404427182,0.007456705898017148,0.2943143406552583,0.014053478327966381,0.34629439147787955,0.028397353527154588
18.117269806127297,2.750760022514623,6,5.607464851855947,0.008497802097427771,5.6091959259575885,0.009806698027114081,5.6025881314412205,0.019505544897451765,5.621149479053754,0.03366249544281651,0.20573473448045118,0.008377815510580566,0.18737571428326122,0.009529331463019996,0.2672053932615096,0.020108209040097573,0.26177273059458334,0.03267905993167345,0.29826576055660364,0.005905344756924089,0.29812387281179137,0.006723473164128351,0.30289270430177306,0.014490777007409774,0.2609561217940948,0.027574952270923353
6.305742888827808,0.8599324283550163,6,5.587552448467618,0.008678463218557182,5.583924317800174,0.009853055948491783,5.606746302938359,0.020371263199185165,5.573329002692483,0.036898839035956574,0.18530454267547827,0.008604361387448621,0.1752477402706637,0.009681939381867184,0.22553278979942346,0.02117164528779274,0.20631189593443816,0.03555020221202229,0.30214207245524877,0.005924458135197468,0.30239138223137935,0.006715898053747629,0.2977491728157126,0.014515964003815962,0.2976559702580259,0.023849034178101497
3.71222645456146,0.36440885483963575,6,5.58705849129169,0.008776014383860517,5.587028776998708,0.009946281002193745,5.5825006532917145,0.020659331253384736,5.616037155530158,0.04302985116422813,0.2114895970777083,0.008929002254559682,0.2192125566076967,0.010156942471791022,0.18504502244759327,0.020358774681322824,0.1863776975368864,0.04774117743222445,0.2998887688635787,0.006171664943382869,0.30143675130576775,0.007036289208849939,0.2983399884367523,0.013721458451630102,0.27094664559253945,0.03421552927876362
8.489924494424486,1.2692246852966071,6,5.594462726880011,0.008576082195935364,5.602006462525411,0.00970138185686832,5.55468048211575,0.02115173875605912,5.6140398143746255,0.04024440735888049,0.18615333908699983,0.008606651164249883,0.18693957913877793,0.009661046281987697,0.19623107981777418,0.021498602867923045,0.1380586459249747,0.04058821375276172,0.29772409260361976,0.005817111883737478,0.2929205276705189,0.006516164471289849,0.31288206634690136,0.014597994015452045,0.30732344154935104,0.028167457299639664
8.354832993398304,1.2446984634179352,6,5.595399555454102,0.008665588701283039,5.594624071497466,0.010013336141002036,5.6110129557933615,0.019703967170885364,5.559936583931025,0.030126709781947245,0.19874727645862048,0.00878405432591457,0.19148432222912182,0.010038525258234449,0.22535924694143744,0.02001305931623706,0.2096005888286511,0.032194922347782956,0.3062456824473807,0.005989941583776367,0.30983433130583893,0.006818311293475029,0.3035095232843432,0.013553073179978031,0.25297868640242016,0.02475671140993787
3.190340118482709,0.2733217175819378,6,5.605460783446343,0.008425140770636032,5.601230220946289,0.009746305165575248,5.627512268069695,0.019573465747823888,5.594165318186736,0.03640481201196341,0.19009062200795596,0.008289564417393473,0.1919166129943458,0.009543915129360385,0.1885204834781504,0.019060709590312485,0.16827636841042326,0.036018697694751085,0.2933813742897237,0.005826449569749758,0.2968951006982012,0.006688228460161076,0.28201498705936395,0.013735722425050776,0.27690534557895924,0.024680665549457973
3.434249689176795,0.3150865436261028,6,5.610473271598907,0.00877912263142101,5.609895454549147,0.009995190741954325,5.620467317253499,0.02057595325130157,5.590490330292369,0.042360866957107425,0.19244467812542765,0.008742010471244057,0.18812189734621754,0.009768825344883655,0.21381585533366776,0.021437645145351923,0.18920173826460612,0.0451576763789835,0.3127061175050454,0.006221020014260609,0.30951225478040834,0.0070012034214580075,0.31573238172151297,0.014610087096998195,0.3496503890581159,0.03622457162416947
5.890548878305708,0.7797092779842416,6,5.586725291355541,0.008602370559197405,5.588147342607222,0.009625498735701959,5.584222328116803,0.021177637455121617,5.582289901929888,0.040884493546097495,0.1857552932509327,0.008772473385128971,0.18603959533761155,0.009723299374532634,0.18594396577441327,0.0224933937817452,0.18950853006944351,0.043459145438133416,0.3058673463821396,0.006107041202172309,0.29872566471045303,0.006771711877058914,0.3380255840822406,0.015604371214342602,0.30081298995162536,0.028204465611238554
9.170116272565792,1.3909701807101278,6,5.5947889546105225,0.0084067293114714,5.585874066187157,0.009404410147222673,5.627071734511277,0.02035522593580906,5.6455312718922075,0.04533153714586048,0.192888704050571,0.008499707655307982,0.19782271697912687,0.009581039454915804,0.18271028734161773,0.020295846508078832,0.15939356688866868,0.04245811134000376,0.3000982185539001,0.005929717074396213,0.2968253404216343,0.006572393152768685,0.2999144780391154,0.015251060370303014,0.3533065633659901,0.032015005093575515
10.445661452322383,1.6113853352096386,6,5.5973754306711525,0.008520695256342206,5.6004860049333525,0.009732737581790732,5.6036690581573145,0.019601683102400815,5.520319914808838,0.037651469535724284,0.20060356893051454,0.00847576729046163,0.20467832683673964,0.009783155150115347,0.16858117087052882,0.01917144078406148,0.2605453662190304,0.034659160370904635,0.30117140289078903,0.005882305193811645,0.30380042539276736,0.006826056131837851,0.29042180216762087,0.013302724414931492,0.2874210901490099,0.02294166195745976
4.025683043393656,0.42175940135224815,6,5.599602476148999,0.008678441590216385,5.604296707514688,0.009982988401840103,5.585139153947186,0.020673854402835246,5.5887086923172715,0.03282592042909095,0.2050131202893339,0.008628540518351078,0.20661204208354206,0.009871231558764718,0.18381677736747123,0.02041320595037856,0.25169972027622056,0.034319805550561286,0.2969886308082101,0.006049050380872782,0.2978144584757007,0.006926307007873898,0.29673288044635476,0.013978437073176479,0.27959219784464223,0.024346208016821507
6.604316000768449,0.9172851024501821,6,5.602021729470403,0.00828915742772453,5.59685140861334,0.009487629858955066,5.627272922700723,0.01824606867410534,5.552781402070626,0.04464486055885867,0.19359309167421512,0.008513617258579792,0.19366473176655497,0.0097408837429535,0.19421051784971147,0.019057940209194497,0.18826579337754845,0.041684431018667596,0.2964778442508417,0.0056872218423991445,0.2909748931734858,0.006634624548018041,0.30572077409626464,0.011990470034188402,0.33551687402239894,0.028033321188414718
7.657063820894109,1.1162400931075485,6,5.599910319669479,0.008242578782000135,5.609283115453677,0.009642092321467392,5.576740355845407,0.019678834442208967,5.5468576823409945,0.03462824341221279,0.19933220931999132,0.008160421381004297,0.19560958574536003,0.009465204907287975,0.2037568328102018,0.018832485828474115,0.241117264352186,0.036563879205576966,0.28879857649608354,0.005595301473068167,0.2916307380093725,0.0063982095087650875,0.28302923962407844,0.01295424315512106,0.2634758470953494,0.024643238664434915
4.630054844412371,0.5358564803853191,6,5.597167018791361,0.008798524691522102,5.59529488534459,0.009662876618423038,5.591505971544462,0.022896182252114594,5.645218371468795,0.03817731808052926,0.20906420078402138,0.008778076583644788,0.20868995103510382,0.009800973443233132,0.2027098744216258,0.02331512634832644,0.23346360359027624,0.03764403728304308,0.29859944045684644,0.006132953554596664,0.2948451772838933,0.006789481180060817,0.3209321683836447,0.015957343852567245,0.2754358729564536,0.02824475925094708
9.42932833013765,1.4365936663195593,6,5.618130413396944,0.008447071382992367,5.6148490609018715,0.009649001898649204,5.638980336454443,0.02077218764710366,5.602398311975878,0.03245965764192387,0.20991837660123147,0.008570212333031176,0.21211230424433777,0.00986476023204451,0.18434446104129207,0.020134494019775576,0.26910626820032985,0.03325901366274514,0.29108526055586637,0.005929897935769868,0.29425144454279406,0.006784209914452114,0.2909460273290941,0.0149372688846421,0.25146941387292204,0.02032527803891398
6.9300325175136095,0.9794325782368275,6,5.603593147028325,0.008076355013861926,5.607774426211227,0.009154660844165899,5.586919915207423,0.018739062025614768,5.595999036382334,0.03827881134841883,0.19988952058391846,0.008105756304899764,0.20281377474258516,0.009125696469353966,0.19462786207534066,0.01934459288566526,0.18049371714315907,0.03999245409829767,0.2902873907463481,0.005462060681068229,0.29328285352162636,0.006169057362426819,0.2634016297727557,0.012911314811320532,0.31638707716494013,0.02588157501701807
6.0229334341711365,0.8053357223635103,6,5.599795077288255,0.008522227066876687,5.604936675958037,0.009819787034355158,5.569134969946417,0.019855552414718213,5.633754085684966,0.034100080478751876,0.20672790607581565,0.008650116799915612,0.20290329121929027,0.00994522930869058,0.23009663058727994,0.020019719230907413,0.17637047701967778,0.03513875163476332,0.30776454937294984,0.0058207980127431575,0.3071893571411764,0.006670470977866275,0.3080444725386666,0.013623322326315199,0.30535812699883186,0.025376971634548464
12.615968266691198,1.9637737881061041,6,5.585959868059955,0.00861190819417138,5.580401959661767,0.009785964641872274,5.5951148684830265,0.020710126511824155,5.6346193949826935,0.039351281410464865,0.18453374681547588,0.008461575141117752,0.18203081849878294,0.009630726476630307,0.21291753099580385,0.020702651714432866,0.125454330593899,0.036336086796881245,0.30033528407605453,0.006034130622531575,0.292305643706175,0.0068651082599622305,0.3301028946213796,0.014157443413289698,0.29323697562387724,0.026265029487856077
